Territorialidades,Esperança de vida ao nascer 2010,Mortalidade infantil 2010,Taxa de analfabetismo - 18 anos ou mais de idade 2010,Renda per capita 2010
Abadia de Goiás (GO),74.82,13.4,8.36,574.96
Abadia dos Dourados (MG),75.35,14.8,9.67,596.18
Abadiânia (GO),75.46,12.6,11.67,519.87
Abaeté (MG),75.9,14,9.28,707.24
Abaetetuba (PA),72.89,19,14.97,293.01
Abaiara (CE),69.87,26.9,31.89,229.74
Abaíra (BA),69.76,28.1,20.6,290.53
Abaré (BA),71.55,22.9,29.03,220.16
Abatiá (PR),73.23,16.2,18.07,535.86
Abdon Batista (SC),73.74,15.4,10.4,485.35
Abelardo Luz (SC),76.1,12.1,11.96,562.88
Abel Figueiredo (PA),73,18.35,19.24,390.12
Abre Campo (MG),74.36,16.3,13.1,444.32
Abreu E Lima (PE),72.46,20.1,10.7,390.4
Abreulândia (TO),75.12,13.7,14.19,624.03
Acaiaca (MG),74.36,16.3,14.95,357.03
Açailândia (MA),72.07,23.2,19.22,438.56
Acajutiba (BA),68.39,32.6,24.1,260.46
Acará (PA),70.44,25.6,22.85,199.34
Acarape (CE),67.56,34.4,23.53,259.03
Acaraú (CE),70.47,25.1,31.56,250.79
Acari (RN),71.73,21.7,18.9,410.61
Acauã (PI),66.53,39.8,32.67,199.35
Aceguá (RS),76.14,12,6.8,633.63
Acopiara (CE),68.41,31.5,35.07,266.65
Acorizal (MT),73.98,17,25.51,321.58
Acrelândia (AC),73.45,18.3,17.11,303.76
Acreúna (GO),74.29,14.2,15.57,664.09
Açucena (MG),75.66,14.3,21.44,325.42
Açu (RN),72.69,21.19,23.91,432.38
Adamantina (SP),76.13,12,6.44,975.43
Adelândia (GO),75.17,13,15.35,497.31
Adolfo (SP),75.62,13.8,8.55,661.65
Adrianópolis (PR),74.02,14,18.36,440.79
Adustina (BA),68.07,33.7,38.38,211.37
Afogados da Ingazeira (PE),73.39,17.8,24.83,386.56
Afonso Bezerra (RN),67.76,33.9,32.61,261.3
Afonso Cláudio (ES),74.51,14.8,15.27,489.59
Afonso Cunha (MA),68.48,34.4,38.74,149.78
Afrânio (PE),70.68,24.9,27.97,233.59
Afuá (PA),71.43,22.8,31.73,163.98
Agrestina (PE),70.57,25.3,34.87,297.02
Agricolândia (PI),69.53,29.3,29.51,245.68
Agrolândia (SC),74.63,14.1,5.37,739.1
Agronômica (SC),78.06,9.7,6,985.65
Água Azul do Norte (PA),72.83,19.1,12.56,266.02
Água Boa (MG),72.94,18.7,30.15,322.12
Água Boa (MT),74.71,15.8,8.18,720.74
Água Branca (AL),68.7,33.8,33.78,213
Água Branca (PB),67.72,34.9,28.75,233.65
Água Branca (PI),70.79,25.5,25.77,335.63
Água Clara (MS),74.4,18.8,9.66,642.97
Água Comprida (MG),76.58,13,8.41,701.19
Água Doce do Maranhão (MA),66.81,40.6,39.1,172.55
Água Doce do Norte (ES),74.13,15.3,21.59,377.39
Água Doce (SC),74.2,14.7,7.74,722.21
Água Fria (BA),69.79,28,29.7,215.12
Água Fria de Goiás (GO),74.01,14.6,15.98,525.2
Aguaí (SP),76.49,12.5,8.17,636.07
Água Limpa (GO),74.24,14.2,10.79,591.23
Aguanil (MG),75.7,14.3,13.93,524.43
Água Nova (RN),71.56,22.2,24.91,212.82
Água Preta (PE),70.64,25,33.18,195.47
Água Santa (RS),76,11.4,5.72,1491.17
Águas Belas (PE),66.44,39,42.91,239.3
Águas da Prata (SP),78.13,9.6,6.4,853.39
Águas de Chapecó (SC),73.66,15.5,6.8,673.13
Águas de Lindóia (SP),75.76,12.5,6.29,730.13
Águas de Santa Bárbara (SP),75.41,13,5.46,818.15
Águas de São Pedro (SP),78.37,9.3,1.48,1580.72
Águas Formosas (MG),73.63,17.5,26.44,389.57
Águas Frias (SC),76.61,11.4,9.67,743.13
Águas Lindas de Goiás (GO),75.85,11.62,7.58,449.38
Águas Mornas (SC),76.15,12,6.24,754.54
Águas Vermelhas (MG),73.46,17.8,30.09,306.97
Agudo (RS),75.84,12.4,7.14,861.06
Agudos do Sul (PR),72.41,16.4,9.55,519.63
Agudos (SP),75.67,13.7,5.57,642.59
Águia Branca (ES),72.53,17.7,15.89,487.28
Aguiarnópolis (TO),73.21,18,18.32,374.27
Aguiar (PB),70.17,26.9,40.28,407.32
Aimorés (MG),73.58,17.6,15.42,567.46
Aiquara (BA),69,30.6,25.79,283.24
Aiuaba (CE),69.96,26.6,37.21,200.6
Aiuruoca (MG),77.23,12.1,14.85,539.92
Ajuricaba (RS),75.98,12.2,5.33,925.7
Alagoa Grande (PB),72.83,19.5,37.49,287.94
Alagoa (MG),74.93,15.4,15.38,413.75
Alagoa Nova (PB),69.93,27.6,30.72,272.81
Alagoinha do Piauí (PI),67.95,34.6,46.9,222.87
Alagoinha (PB),72.72,19.8,38.44,284.64
Alagoinha (PE),73.04,18.6,28.42,275.5
Alagoinhas (BA),72.39,21.84,10.68,553.17
Alambari (SP),73.27,17.5,7.06,556.36
Albertina (MG),73.76,17.3,12.67,564.08
Alcântara (MA),70.18,28.8,24.16,209.27
Alcântaras (CE),70.07,26.3,31.78,243.73
Alcantil (PB),70.91,24.7,33.02,245.01
Alcinópolis (MS),76.46,15.3,11.78,764.03
Alcobaça (BA),71.28,23.6,25.77,357.99
Aldeias Altas (MA),68.22,35.3,40.35,179.92
Alecrim (RS),76.13,11.3,8.37,561.62
Alegre (ES),75.35,13.6,14.4,655.72
Alegrete do Piauí (PI),69.94,28,37.95,268.12
Alegrete (RS),75.93,11.5,6.3,705.29
Alegria (RS),74.07,14,10.62,692.76
Além Paraíba (MG),76.43,13.2,6.69,674.5
Alenquer (PA),71.72,22,17.15,215.33
Alexandria (RN),71.71,21.8,35.57,296.5
Alexânia (GO),75.48,12.5,12.56,498.09
Alfenas (MG),75.45,14.6,6.12,783.41
Alfredo Chaves (ES),74.93,14.2,8.33,634.97
Alfredo Marcondes (SP),75.41,14.1,10.66,558.38
Alfredo Vasconcelos (MG),75.01,15.3,10.66,400.14
Alfredo Wagner (SC),77.9,9.8,10.14,630.54
Algodão de Jandaíra (PB),69.93,27.6,35.45,218.7
Alhandra (PB),71.69,22.5,28.3,236.14
Aliança do Tocantins (TO),73.04,18.4,15.71,357.08
Aliança (PE),72.93,18.9,29.2,269.86
Almadina (BA),70.07,27.2,34.22,265.39
Almas (TO),72.74,19.1,24.03,369.39
Almeirim (PA),73.55,17.4,14.85,484.16
Almenara (MG),73.18,18.3,23.28,419.98
Almino Afonso (RN),69.32,28.8,26.71,291.3
Almirante Tamandaré do Sul (RS),74.67,13.2,4.5,760.16
Almirante Tamandaré (PR),75.39,12.96,6.51,646.02
Aloândia (GO),75.02,13.1,15.65,599.9
Alpercata (MG),74.43,16.2,17.45,401.21
Alpestre (RS),72.69,16.1,13.54,625.11
Alpinópolis (MG),76.71,12.8,8.14,633.91
Alta Floresta D'Oeste (RO),70.75,23.8,13,476.99
Alta Floresta (MT),73.99,17,9.54,660.84
Altair (SP),73,18,10.8,616.38
Altamira do Maranhão (MA),68.16,35.6,35.86,164.24
Altamira do Paraná (PR),71.79,18.6,19.08,506.31
Altamira (PA),73.64,17.27,13.41,492.05
Altaneira (CE),71.41,22.5,34.7,240.97
Alterosa (MG),75.83,14.1,11,475.99
Altinho (PE),72.54,19.9,36.89,259.21
Altinópolis (SP),75.57,13.9,6.43,731.49
Alto Alegre do Maranhão (MA),69.62,30.6,31.68,198.43
Alto Alegre do Pindaré (MA),71.44,25,35.6,144.91
Alto Alegre dos Parecis (RO),71.64,21.4,14.86,341.22
Alto Alegre (RR),73.78,15.6,40.86,201.32
Alto Alegre (RS),76.52,10.8,7.86,880.85
Alto Alegre (SP),74,16.3,9,560.3
Alto Araguaia (MT),73.13,18.4,9.19,671.99
Alto Bela Vista (SC),77.93,9.8,4.24,770.49
Alto Boa Vista (MT),73.2,18.3,12.56,362.66
Alto Caparaó (MG),75.54,14.5,11.99,505.1
Alto do Rodrigues (RN),72.98,18.6,20.47,447.67
Alto Feliz (RS),78.14,8.9,2.69,802.2
Alto Garças (MT),75.08,15.2,9.91,651.91
Alto Horizonte (GO),75.48,12.5,13.29,661.19
Alto Jequitibá (MG),72.21,20,11.22,486.73
Alto Longá (PI),70.05,27.7,35.42,272.28
Altônia (PR),75.88,11.6,10.83,585.49
Alto Paraguai (MT),72.01,20.4,15.71,360.06
Alto Paraíso de Goiás (GO),74.16,14.3,12.09,719.11
Alto Paraíso (PR),74.74,13.9,15.65,540.24
Alto Paraíso (RO),73.22,17.4,12.83,498.49
Alto Paraná (PR),75.76,11.7,11.12,548.25
Alto Parnaíba (MA),72.07,23.2,23.34,559.61
Alto Piquiri (PR),72.86,16.8,14.86,515.07
Alto Rio Doce (MG),74.7,15.8,15.78,323.95
Alto Rio Novo (ES),73.89,15.6,18.22,413.59
Alto Santo (CE),71.44,22.4,32.46,265.07
Altos (PI),71.03,24.8,27.91,314.48
Alto Taquari (MT),74.95,15.4,7.06,781.26
Alumínio (SP),75.47,14,4.91,747.27
Alvarães (AM),71.69,20.8,22.53,178.67
Alvarenga (MG),72.85,18.8,19.29,312.46
Álvares Florence (SP),73.35,17.4,10.03,627.14
Álvares Machado (SP),75.03,14.7,7.47,672.03
Álvaro de Carvalho (SP),73.31,17.5,9.24,512.99
Alvinlândia (SP),72.48,18.9,11.21,710.49
Alvinópolis (MG),74.34,16.4,11.97,460.96
Alvorada de Minas (MG),72.65,19.2,22.29,277.99
Alvorada D'Oeste (RO),70.75,23.8,14.11,469.26
Alvorada do Gurguéia (PI),69.96,28,28.42,203.23
Alvorada do Norte (GO),74.15,14.4,18.81,429.63
Alvorada do Sul (PR),74.55,13.3,10.92,605.41
Alvorada (RS),77.41,9.77,4.15,600.48
Alvorada (TO),75.55,12.9,10.9,539.26
Amajari (RR),73.9,15.3,39.65,121.32
Amambai (MS),74.07,19.4,12.03,561.14
Amapá (AP),72.4,18.3,12.11,406.9
Amapá do Maranhão (MA),66.29,42.6,36.13,182.63
Amaporã (PR),72.09,16.9,14.12,441.01
Amaraji (PE),69.89,27.3,33.46,286.59
Amaral Ferrador (RS),73.13,15.4,12.92,499.77
Amaralina (GO),73.75,14.9,16.85,276.05
Amarante do Maranhão (MA),67.93,36.4,30.83,231.79
Amarante (PI),70,27.8,29.96,284.71
Amargosa (BA),73.4,18.1,22.48,369.84
Amaturá (AM),71.36,21.7,24.66,178.69
Amélia Rodrigues (BA),73.59,17.7,14.13,354.66
América Dourada (BA),70.05,27.2,30.11,186.1
Americana (SP),77.55,10.77,2.85,1161.68
Americano do Brasil (GO),73.77,14.9,16.63,512.95
Américo Brasiliense (SP),76.12,13.1,7.38,659.67
Américo de Campos (SP),74.04,16.2,8.34,686.56
Ametista do Sul (RS),73.54,14.8,12.25,611.2
Amontada (CE),70.63,24.6,28.45,182.47
Amorinópolis (GO),73.79,14.9,19.36,523.25
Amparo de São Francisco (SE),68.66,31.9,25.83,275.32
Amparo do Serra (MG),73.63,17.5,18.03,368.72
Amparo (PB),70.14,27,23.43,225.5
Amparo (SP),77.27,10.6,4.92,1027.6
Ampére (PR),74.45,13.4,8.01,618.76
Anadia (AL),70.35,28.4,39.1,239.53
Anagé (BA),71.27,23.7,36.62,243.52
Anahy (PR),75.66,11.8,12.66,520.88
Anajás (PA),71.43,22.8,36.1,186.88
Anajatuba (MA),70.69,27.2,29.52,207.65
Analândia (SP),76.66,11.4,6.99,823.33
Anamã (AM),69.48,27,17.42,226.82
Ananás (TO),73.23,17.9,21.03,380.36
Ananindeua (PA),74.24,17.17,3.62,564.76
Anápolis (GO),74.33,15.14,6.14,785.17
Anapu (PA),72.25,20.6,20.98,266.28
Anapurus (MA),70.85,26.7,32.27,192.8
Anastácio (MS),72.33,22.8,12.4,495.48
Anaurilândia (MS),74.58,18.5,12.81,538.13
Anchieta (ES),76.35,12.3,7.16,608.42
Anchieta (SC),73.01,16.6,7.72,636.15
Andaraí (BA),70.84,24.9,29.16,230.36
Andirá (PR),75.25,12.4,10.71,587.51
Andorinha (BA),68.88,30.9,27.88,305.81
Andradas (MG),77.69,11.5,8.96,754.39
Andradina (SP),78.07,9.6,6.17,919.36
André da Rocha (RS),75.19,13.3,6.95,792.19
Andrelândia (MG),74.06,16.8,11.52,534.68
Angatuba (SP),74.6,15.4,7.01,597.99
Angelândia (MG),70.36,23.5,28.17,322.8
Angélica (MS),75.34,17.2,12.86,592.27
Angelim (PE),70.08,26.7,35.92,253.26
Angelina (SC),72.82,16.9,11.13,618.55
Angical (BA),71.67,22.6,26.78,266.89
Angical do Piauí (PI),69.2,30.4,26.79,356.17
Angicos (RN),70.34,25.6,28.14,347.65
Angico (TO),71.37,22.7,18.62,288.86
Angra dos Reis (RJ),75.75,12.97,5.43,798.68
Anguera (BA),70.94,24.6,24.36,269
Ângulo (PR),74.62,13.2,12.11,641.37
Anhanguera (GO),73.11,17.8,4,721.84
Anhembi (SP),76.78,12.1,7.06,554.16
Anhumas (SP),75.67,13.7,8.45,561.82
Anicuns (GO),75.01,13.2,11.02,604.97
Anísio de Abreu (PI),71.09,24.6,31.15,221.91
Anita Garibaldi (SC),74.53,14.2,14.3,506.94
Anitápolis (SC),75.17,13.3,11.24,620.8
Anori (AM),70.42,24.3,21.15,229.94
Anta Gorda (RS),77.08,10.1,5.96,810.41
Antas (BA),69.35,29.4,30.25,283.59
Antonina do Norte (CE),71.32,22.7,35.38,244.83
Antonina (PR),75.3,12.3,9.23,572.38
Antônio Almeida (PI),71.85,22.5,26.59,293.53
Antônio Cardoso (BA),71.06,24.3,31.71,236.86
Antônio Carlos (MG),75.3,14.9,12.37,457.02
Antônio Carlos (SC),78.4,9.3,4.39,952.53
Antônio Dias (MG),75.93,13.9,16.95,387.61
Antônio Gonçalves (BA),69.45,29.1,21.32,295.7
Antônio João (MS),72.94,21.6,14.78,411.49
Antônio Martins (RN),70.6,24.9,32.77,251.04
Antônio Olinto (PR),74.49,13.4,7.37,393.68
Antônio Prado de Minas (MG),74.79,15.6,11.63,529.54
Antônio Prado (RS),75.07,13.5,5.11,1004.85
Aparecida de Goiânia (GO),75.01,13.2,5.65,689.3
Aparecida D'Oeste (SP),73.25,17.6,12.77,611.22
Aparecida do Rio Doce (GO),73.84,14.8,13.79,623.58
Aparecida do Rio Negro (TO),72.48,19.8,16.16,320.54
Aparecida do Taboado (MS),73.23,21,10.67,692.79
Aparecida (PB),69.79,28,31.19,271.98
Aparecida (SP),74.67,15.2,3.6,775.17
Aperibé (RJ),72.1,18.4,11.06,516.14
Apiacá (ES),75.45,13.5,16.29,482.94
Apiacás (MT),73.54,17.7,14.56,504.04
Apiaí (SP),75.07,14.6,8.26,492.43
Apicum-Açu (MA),68.1,35.8,20.76,215.17
Apiúna (SC),74.61,14.1,6.27,776.69
Apodi (RN),69.79,27.3,25.59,358.66
Aporá (BA),70.05,27.3,30.24,199.04
Aporé (GO),74.4,14,13.63,595.05
Apuarema (BA),69.09,30.3,33.88,252.3
Apucarana (PR),75.71,12.56,6.27,804.81
Apuí (AM),71.29,21.9,11.64,380.62
Apuiarés (CE),69.44,28.2,29.19,224.63
Aquidabã (SE),69.83,28.1,31.85,282.19
Aquidauana (MS),75.39,17.1,9.15,585.62
Aquiraz (CE),72.27,20.2,22.37,352.6
Arabutã (SC),76.75,11.2,4.28,820.78
Araçagi (PB),69.7,28.3,41.75,230.52
Araçaí (MG),73.28,18.1,11.07,482.4
Aracaju (SE),74.36,15.61,6.93,1052.03
Araçariguama (SP),73.86,16.6,7.18,691.69
Araças (BA),69.65,28.5,25.66,230.75
Aracati (CE),69.52,27.9,22.33,349.26
Aracatu (BA),70.25,26.6,31.77,316.6
Araçatuba (SP),75.46,15.28,4.01,1036.09
Araci (BA),69.79,28,37.37,221.98
Aracitaba (MG),74.37,16.3,13.46,351.6
Aracoiaba (CE),70.56,24.8,32.56,245.24
Araçoiaba da Serra (SP),76.61,12.4,5.17,853.87
Araçoiaba (PE),70.87,24.4,25.94,236.1
Aracruz (ES),75.26,13.7,7.96,695.25
Araçuaí (MG),74.27,16.5,18.83,410.67
Araçu (GO),75.26,12.8,17.47,571.55
Aragarças (GO),74.82,13.4,9.72,600.03
Aragoiânia (GO),75.19,12.9,10.79,560.22
Aragominas (TO),69.36,28.5,25.75,357.45
Araguacema (TO),73.29,17.8,17.86,308.94
Araguaçu (TO),72.78,19,15.5,435.22
Araguaiana (MT),74.01,17,13.42,519.03
Araguaína (TO),74.23,13.06,9.25,737.63
Araguainha (MT),75.61,14.4,15.86,456.43
Araguanã (MA),67.34,38.6,30.26,161.57
Araguanã (TO),70.37,25.5,19.89,372.96
Araguapaz (GO),73.86,14.8,19.05,608.17
Araguari (MG),77.28,11.71,5.05,798.63
Araguatins (TO),72.56,19.6,21.64,342.07
Araioses (MA),67.52,37.9,36.2,175.81
Aral Moreira (MS),72.9,21.7,15.56,398.5
Aramari (BA),70.63,25.5,20.88,274.61
Arambaré (RS),74.98,12.8,7.82,599.72
Arame (MA),67.06,39.6,36.01,210.09
Aramina (SP),76.34,12.8,6.61,721.56
Arandu (SP),73.36,17.4,9.28,535.27
Arantina (MG),75.05,15.2,10.99,411.16
Arapeí (SP),73.72,16.8,8.17,414.19
Arapiraca (AL),71.82,22,24.1,423.28
Arapoema (TO),73.59,17.1,19.12,442.33
Araponga (MG),70.6,23.1,23.99,328.75
Arapongas (PR),75.02,13.33,5.3,855.02
Araporã (MG),73.78,17.3,8.88,536.04
Arapoti (PR),74.39,13.5,8.26,684.8
Arapuá (MG),77.27,12.1,8.51,696.47
Arapuã (PR),74.66,13.2,17.79,424.27
Araputanga (MT),74.56,16.1,11.94,639.18
Araquari (SC),74.82,13.8,6.06,609.76
Araranguá (SC),76.17,12,4.72,827.2
Arara (PB),67.69,35,41.44,276.67
Araraquara (SP),77.64,10.23,3.77,1080.66
Araras (SP),76.55,11.5,4.99,921.76
Ararendá (CE),70.76,24.3,36.61,205.43
Araricá (RS),74.41,13.6,5.25,609.69
Arari (MA),70.82,26.8,23.78,308.83
Araripe (CE),70.54,24.9,36.74,197.14
Araripina (PE),72.12,21,27.04,324.01
Araruama (RJ),75.32,14.18,7.84,680.88
Araruna (PB),70.45,26,42.7,244.02
Araruna (PR),72.08,18.1,10.57,566.78
Arataca (BA),70.46,26,34.35,256.14
Aratiba (RS),76.38,11.7,4.57,1171.7
Aratuba (CE),71.49,22.3,28.12,215.94
Aratuípe (BA),70.2,26.8,26.55,278.23
Arauá (SE),72,21.8,29.98,245.7
Araucária (PR),76.11,12.04,3.81,814.39
Araújos (MG),76.27,13.4,8.58,599.3
Araxá (MG),76.49,13.1,4.43,883.88
Arceburgo (MG),73.61,17.6,11.41,576.68
Arco-Íris (SP),73.52,17.1,16.34,520.01
Arcos (MG),77.43,11.8,5.2,691.16
Arcoverde (PE),72.95,18.9,18.62,469.53
Areado (MG),75.84,14.1,7.67,622.83
Areal (RJ),74.35,15,7.77,571.74
Arealva (SP),75.37,14.2,7.73,697.3
Areia Branca (RN),72.38,20.1,17.34,449.02
Areia Branca (SE),71.38,23.5,26.75,294.32
Areia de Baraúnas (PB),65.81,42,35.02,270.54
Areial (PB),71.75,22.3,28.8,282.18
Areia (PB),70.34,26.3,32.46,319.92
Areias (SP),73.18,17.7,9.17,396.78
Areiópolis (SP),74.37,15.7,11.11,570.09
Arenápolis (MT),72.56,19.4,13.34,540.59
Arenópolis (GO),74.53,13.8,16.55,531.91
Arês (RN),68.47,31.5,27.63,309.04
Argirita (MG),74,16.9,11.11,442.45
Aricanduva (MG),72.22,20,23.67,249.75
Arinos (MG),73.88,17.1,16.29,349.52
Aripuanã (MT),73.97,17,10.8,558.26
Ariquemes (RO),73.36,19.2,8.53,689.95
Ariranha do Ivaí (PR),72.66,16,16.19,420.24
Ariranha (SP),73.75,16.7,8.33,751.35
Armação dos Búzios (RJ),74.44,14.8,4.83,851.39
Armazém (SC),77.92,9.8,6.14,814.95
Arneiroz (CE),69.41,28.3,32.83,269.77
Aroazes (PI),70.11,27.5,33.15,265.91
Aroeiras do Itaim (PI),69.27,30.1,38.57,182.29
Aroeiras (PB),69.71,28.2,38.31,226.05
Arraial do Cabo (RJ),73.31,16.5,4.8,714.47
Arraial (PI),70.66,25.8,34.72,195.46
Arraias (TO),74.73,14.5,22.83,418.64
Arroio do Meio (RS),76.62,11.4,1.97,850.06
Arroio do Padre (RS),76.59,10.7,4.83,883.18
Arroio do Sal (RS),75.61,12,4.11,800.4
Arroio dos Ratos (RS),74.98,12.8,7.47,623.54
Arroio do Tigre (RS),75.9,11.6,7.5,654.51
Arroio Grande (RS),73.43,15,8.62,528.13
Arroio Trinta (SC),77.38,10.5,5.87,1029.14
Artur Nogueira (SP),74.63,15.3,5.83,823.24
Aruanã (GO),74.55,13.8,13.68,654.67
Arujá (SP),76.95,11,5.21,910.67
Arvoredo (SC),75.5,12.9,10.55,675.6
Arvorezinha (RS),74.04,14.1,8.9,675.18
Ascurra (SC),77.08,10.8,4.36,793.09
Aspásia (SP),76.83,12.1,14.24,619.43
Assaí (PR),74.99,12.7,10.59,723.56
Assaré (CE),71.95,21,34.51,282.6
Assis Brasil (AC),71.19,24.3,22.42,291.33
Assis Chateaubriand (PR),76.4,10.9,8.66,676.1
Assis (SP),76.91,11,4.3,967.39
Assunção do Piauí (PI),67.35,36.7,41.85,141.79
Assunção (PB),69.3,29.6,28.58,336.67
Astolfo Dutra (MG),76.5,13.1,7.38,572.06
Astorga (PR),74.08,14,8.59,875.14
Atalaia (AL),70.13,29,36.35,237.33
Atalaia do Norte (AM),68.95,28.6,37.39,159.21
Atalaia (PR),76.24,11.1,9.94,649.55
Atalanta (SC),73.1,16.4,4.25,781.32
Ataléia (MG),73.77,17.3,27.67,317.64
Atibaia (SP),76.03,12.77,5.17,1063.52
Atilio Vivacqua (ES),75.45,13.5,11.11,493.81
Augustinópolis (TO),72.56,19.6,24.4,364.32
Augusto Corrêa (PA),71.3,23.1,28.83,159.05
Augusto de Lima (MG),73.9,17.1,15.54,384.1
Augusto Pestana (RS),75.84,12.4,4.2,1016.34
Augusto Severo (RN),71.46,22.5,31.12,388.39
Áurea (RS),75.48,12.1,5.76,686.1
Aurelino Leal (BA),70.55,25.8,29.26,253.19
Auriflama (SP),75.41,14.1,7.9,829.68
Aurilândia (GO),75.17,13,16.36,489.23
Aurora (CE),70.81,24.1,30.24,255.78
Aurora do Pará (PA),71.38,22.9,25.21,184.39
Aurora do Tocantins (TO),73.23,17.9,22.47,535.8
Aurora (SC),77.21,10.7,4.93,841.85
Autazes (AM),72.91,17.8,17.11,228.43
Avaí (SP),74.77,15.1,8.43,531.2
Avanhandava (SP),74,16.3,9.24,579.71
Avaré (SP),76.97,10.49,5.06,854.42
Aveiro (PA),69.87,27.3,15.12,148.71
Avelino Lopes (PI),68.3,33.4,24.81,218.97
Avelinópolis (GO),74.7,13.6,14.39,556.03
Axixá do Tocantins (TO),69,29.7,26.26,324.56
Axixá (MA),71.54,24.7,18,223.51
Babaçulândia (TO),72.52,19.7,22.16,313.37
Bacabal (MA),70.18,28.8,22.97,375.57
Bacabeira (MA),71.09,26,19.88,257.4
Bacuri (MA),69.24,31.8,26.15,230.45
Bacurituba (MA),65.86,44.3,25.98,152.38
Bady Bassitt (SP),73.31,17.5,4.11,783.57
Baependi (MG),74.97,15.4,10.7,497.21
Bagé (RS),75.86,11.57,5.2,795.56
Bagre (PA),71.59,22.3,26.08,159.41
Baía da Traição (PB),68.84,31.1,27.6,231.78
Baía Formosa (RN),68.05,32.9,24.56,315.25
Baianópolis (BA),70.8,25,33.27,235.05
Baião (PA),71.18,23.5,14.93,226.99
Baixa Grande (BA),71.49,23.1,27.86,243.98
Baixa Grande do Ribeiro (PI),70.07,27.6,22.46,225.94
Baixio (CE),70.77,24.2,25.58,265.94
Baixo Guandu (ES),73.66,16,14.03,516.34
Balbinos (SP),73.55,17.1,11.17,586.02
Baldim (MG),72.21,20,10.05,458.08
Baliza (GO),74.15,14.4,18.74,365.35
Balneário Arroio do Silva (SC),76.49,11.6,5.24,866.42
Balneário Barra do Sul (SC),75.64,12.7,3.85,676.33
Balneário Camboriú (SC),78.62,8.7,1.55,1625.59
Balneário Gaivota (SC),75.62,12.7,6.65,768.73
Balneário Piçarras (SC),77.15,10.7,4.81,826.13
Balneário Pinhal (RS),75.17,12.5,5.51,662.85
Bálsamo (SP),75.08,13.4,7.93,832.51
Balsa Nova (PR),74.38,13.6,4.85,652.54
Balsas (MA),73.44,19.5,14,531.6
Bambuí (MG),77.2,12.2,8.05,777.46
Banabuiú (CE),71.71,21.7,33.25,229.99
Bananal (SP),77.29,11.5,8.46,595.74
Bananeiras (PB),70.98,24.5,38.27,253.3
Bandeira do Sul (MG),73.14,18.4,10.47,554.52
Bandeira (MG),73.64,17.5,32.83,302
Bandeirante (SC),72.68,17.1,9.52,534.25
Bandeirantes do Tocantins (TO),72.79,19,18.74,278
Bandeirantes (MS),75.89,16.3,12.88,602.02
Bandeirantes (PR),74.16,13.9,9.67,679.72
Bannach (PA),72.06,21.1,19.54,416.31
Banzaê (BA),71.15,24,28.6,228.54
Barão de Antonina (SP),74.22,16,9.98,536.63
Barão de Cocais (MG),76.46,13.2,4.97,546.85
Barão de Cotegipe (RS),75.49,12.1,4.02,823.2
Barão de Grajaú (MA),69.58,30.7,24.45,292.55
Barão de Melgaço (MT),74.2,16.6,18.48,330.46
Barão de Monte Alto (MG),74.64,15.9,17.66,377.1
Barão do Triunfo (RS),74.28,13.7,10.41,441.81
Barão (RS),75.14,13.4,3.19,947.28
Baraúna (PB),68.05,33.7,30.32,211.36
Baraúna (RN),70.36,25.6,30.18,263.68
Barbacena (MG),77.88,10.53,5.76,854.27
Barbalha (CE),74.02,16,20.19,362.9
Barbosa Ferraz (PR),73.47,14.8,16.92,507.7
Barbosa (SP),75.57,13.9,10.62,536.37
Barcarena (PA),73.04,18.6,9.17,437.43
Barcelona (RN),68.58,31.1,32.07,266.71
Barcelos (AM),68.69,29.5,35.24,237.29
Bariri (SP),77.04,11.8,6.15,781.34
Barra (BA),69.99,27.4,26.06,183.03
Barra Bonita (SC),74.79,13.9,14.64,594.28
Barra Bonita (SP),77.12,10.8,5.87,915.28
Barracão (PR),74.99,12.7,8.96,688.92
Barracão (RS),78.12,8.9,9.29,667.95
Barra da Estiva (BA),67.99,34,19.55,270.66
Barra D'Alcântara (PI),71.59,23.2,33.6,211.18
Barra de Guabiraba (PE),68.54,31.6,37.5,257.4
Barra de Santana (PB),69.81,28,33.38,211.08
Barra de Santa Rosa (PB),70.2,26.8,39.87,233.51
Barra de Santo Antônio (AL),68.9,33.1,30.24,247.81
Barra de São Francisco (ES),73.9,15.6,16.77,527.84
Barra de São Miguel (AL),71.02,26.3,25.59,422.78
Barra de São Miguel (PB),68.7,31.5,25.09,302.44
Barra do Bugres (MT),74.05,16.9,14.25,563.98
Barra do Chapéu (SP),71.72,20.3,13.28,370.97
Barra do Choça (BA),71.21,23.8,30.02,266.13
Barra do Corda (MA),70.75,27,30.27,305.61
Barra do Garças (MT),74.01,17,7.72,789.99
Barra do Guarita (RS),75.68,11.8,10.6,609.31
Barra do Jacaré (PR),73.8,15.3,12.63,543.58
Barra do Mendes (BA),72.04,21.6,15.94,292.41
Barra do Ouro (TO),70.6,24.8,24.79,256.28
Barra do Piraí (RJ),74.14,15.3,4.72,719.16
Barra do Quaraí (RS),73.13,15.4,7.83,483.29
Barra do Ribeiro (RS),74.32,13.7,7.43,589.16
Barra do Rio Azul (RS),75.5,12.1,8.41,634.55
Barra do Rocha (BA),67.29,36.4,28.77,304.56
Barra dos Coqueiros (SE),71.54,23.1,14.22,448.81
Barra do Turvo (SP),72.53,18.8,18.48,390.88
Barra Funda (RS),76.36,11,5.49,757.01
Barra Longa (MG),74.36,16.3,16.94,362.62
Barra Mansa (RJ),74.14,14.91,4.15,705.1
Barras (PI),71.74,22.8,34.75,257.99
Barra Velha (SC),76.42,11.7,4.93,773.05
Barreira (CE),71.25,22.9,29.72,246.69
Barreiras (BA),73.43,18.1,11.08,602.82
Barreiras do Piauí (PI),68.81,31.7,21.79,260.79
Barreirinha (AM),71.45,21.5,11.43,148.28
Barreirinhas (MA),70.11,29,27.97,197.08
Barreiros (PE),68.82,30.6,25.14,263.2
Barretos (SP),77.5,10.13,4.21,917
Barrinha (SP),74.74,15.1,8.91,668.32
Barro Alto (BA),69.36,29.4,19.78,247.32
Barro Alto (GO),76.21,11.6,13.59,628.55
Barrocas (BA),72.18,21.2,21.21,284.41
Barro (CE),70.49,25,25.2,254.44
Barro Duro (PI),68.72,32,29.75,359.06
Barrolândia (TO),73.99,16.2,17.18,335.26
Barro Preto (BA),69.63,28.6,28.31,287.6
Barroquinha (CE),68.2,32.2,40.2,192.96
Barros Cassal (RS),72.71,16.1,16.39,587.45
Barroso (MG),76.84,12.6,6.86,535.1
Barueri (SP),76.96,11.34,4.27,1095.84
Bastos (SP),75.86,13.4,7.27,609.76
Bataguassu (MS),75.8,16.4,10.99,614.34
Batalha (AL),70.1,29.2,33.44,265.62
Batalha (PI),70.31,26.9,38.74,230.66
Batatais (SP),75.41,13,5.27,941.79
Batayporã (MS),73.83,19.9,13.44,631.47
Baturité (CE),70.2,25.9,23.7,284.88
Bauru (SP),76.26,12.18,3.21,1163.86
Bayeux (PB),71.73,22.4,16.54,376.74
Bebedouro (SP),76.16,12,5.06,881.64
Beberibe (CE),71.67,21.8,28.28,304.61
Bela Cruz (CE),70.57,24.8,29.64,221.07
Belágua (MA),67.4,38.4,43.12,107.14
Bela Vista da Caroba (PR),74.68,13.1,15.1,507.41
Bela Vista de Goiás (GO),75.21,12.9,9.91,708.62
Bela Vista de Minas (MG),72.72,19.1,7.32,440.23
Bela Vista do Maranhão (MA),69.07,32.4,31.69,197.65
Bela Vista do Paraíso (PR),75.65,11.9,12.71,710.14
Bela Vista do Piauí (PI),67.52,36.1,24.28,203.61
Bela Vista do Toldo (SC),74.58,14.2,5.87,389.28
Bela Vista (MS),74.81,18.1,9.98,621.23
Belém (AL),70.86,26.8,36.01,309.5
Belém de Maria (PE),69.95,27.1,35.48,226.82
Belém do Brejo do Cruz (PB),71.72,22.4,41.01,245.71
Belém do Piauí (PI),66.77,38.9,39.25,226.26
Belém do São Francisco (PE),72.06,21.1,23.26,357.77
Belém (PA),74.33,16.06,3.47,853.82
Belém (PB),70.55,25.7,36.5,256.2
Belford Roxo (RJ),73.5,16.54,5.25,491.51
Belmiro Braga (MG),74.81,15.6,13.67,464.5
Belmonte (BA),71.26,23.7,26.85,289.9
Belmonte (SC),74.17,14.8,10.01,620.67
Belo Campo (BA),70.59,25.6,28.29,263.52
Belo Horizonte (MG),76.37,12.95,2.99,1497.29
Belo Jardim (PE),71.95,21.4,26.62,372.93
Belo Monte (AL),68.49,34.5,41.81,187.77
Belo Oriente (MG),73.77,17.3,12.47,470.05
Belo Vale (MG),73.86,17.1,9.15,524.03
Belterra (PA),71.51,22.5,13.57,241.57
Beneditinos (PI),71.82,22.6,35.04,263.09
Benedito Leite (MA),68.14,35.6,31.52,217.65
Benedito Novo (SC),77.08,10.8,4.34,717.89
Benevides (PA),72.9,18.9,7.3,385.83
Benjamin Constant (AM),70.78,23.2,24.12,211.1
Benjamin Constant do Sul (RS),73.03,15.6,15.3,336.44
Bento de Abreu (SP),74.17,16,8.28,647.1
Bento Fernandes (RN),69.22,29.1,30.82,233.48
Bento Gonçalves (RS),75.52,12.1,2.31,1196.56
Bequimão (MA),70.42,28,26.27,190.84
Berilo (MG),73.97,17,22.43,295.62
Berizal (MG),70.41,23.4,27.03,261.24
Bernardino Batista (PB),67.96,34,34.12,211.04
Bernardino de Campos (SP),75.26,14.3,6.57,676.6
Bernardo do Mearim (MA),69.49,31,28.76,236.18
Bernardo Sayão (TO),69.9,26.9,19.74,347.03
Bertioga (SP),74.03,16.3,5.81,736.03
Bertolínia (PI),70.47,26.4,26.59,325.94
Bertópolis (MG),72.96,18.7,31.05,288.77
Beruri (AM),68.85,29,27.95,193.4
Betânia do Piauí (PI),67.1,37.6,41.74,164.69
Betânia (PE),69.53,28.4,35.2,220.19
Betim (MG),76.82,12.68,5.7,660.56
Bezerros (PE),70.1,26.6,29.96,351.75
Bias Fortes (MG),72.75,19,15.89,344.35
Bicas (MG),75.99,13.8,6.9,735
Biguaçu (SC),75.17,13.3,4.91,764.37
Bilac (SP),75.7,12.6,8.13,816.06
Biquinhas (MG),76.4,13.3,11.71,565.37
Birigui (SP),77.14,11.7,4.75,812.51
Biritiba-Mirim (SP),72.7,18.5,9.36,662.23
Biritinga (BA),69.26,29.7,28.1,209.37
Bituruna (PR),74.72,13.1,8.78,443.43
Blumenau (SC),78.64,8.55,1.84,1253.17
Boa Esperança do Iguaçu (PR),75.88,11.6,8.92,527.03
Boa Esperança do Sul (SP),73.63,16.9,11.39,593.36
Boa Esperança (ES),73.95,15.6,17.82,460.69
Boa Esperança (MG),76.28,13.4,8.22,599.17
Boa Esperança (PR),73.5,15.8,14.12,575.77
Boa Hora (PI),71.31,24,40.99,221.27
Boa Nova (BA),70.18,26.8,34.67,223.48
Boa Ventura de São Roque (PR),73.09,15.4,12.88,415.44
Boa Ventura (PB),72.38,20.7,31.27,271.06
Boa Viagem (CE),71.09,23.3,35.58,250.47
Boa Vista da Aparecida (PR),73.06,16.5,16.84,510.39
Boa Vista das Missões (RS),74.5,13.4,9.52,505.89
Boa Vista do Buricá (RS),75.02,13.5,1.97,909.95
Boa Vista do Cadeado (RS),76.04,11.4,5.91,594.94
Boa Vista do Gurupi (MA),65.86,44.3,26.19,196.78
Boa Vista do Incra (RS),77.02,10.2,5.34,633.52
Boa Vista do Ramos (AM),69.99,25.5,8.61,175.55
Boa Vista do Sul (RS),76.11,11.3,7.72,964.35
Boa Vista do Tupim (BA),68.75,31.4,33.52,195.71
Boa Vista (PB),72.73,21.33,17.29,314.11
Boa Vista (RR),73.95,15.39,6.27,786.55
Boca da Mata (AL),70.47,28,29.81,260.2
Boca do Acre (AM),71.59,21.1,29.56,288.42
Bocaina de Minas (MG),75.87,14,18.79,501.73
Bocaina do Sul (SC),71.05,19.9,12.2,434.87
Bocaina (PI),71.37,23.8,24,366.07
Bocaina (SP),75.41,13,6.76,805.99
Bocaiúva do Sul (PR),73.96,15.1,9.77,547.26
Bocaiúva (MG),74.29,16.4,13.43,451.54
Bodocó (PE),69.67,27.9,32.17,234.36
Bodoquena (MS),71.54,24.4,11.76,500.13
Bodó (RN),71.33,22.8,26.59,277.16
Bofete (SP),74.23,15.9,8.58,622.11
Boituva (SP),76.67,12.3,5.2,889.51
Bombinhas (SC),76.86,11.1,3.64,865.15
Bom Conselho (PE),67.22,36.1,36.59,305.57
Bom Despacho (MG),76.66,12.9,6.2,809.9
Bom Jardim da Serra (SC),75.12,13.4,9.06,665.6
Bom Jardim de Goiás (GO),73.68,15,17.5,551.54
Bom Jardim de Minas (MG),74.34,16.4,12.45,464.99
Bom Jardim (MA),69.98,29.4,34.45,202.28
Bom Jardim (PE),70.99,24,32.55,248.98
Bom Jardim (RJ),73.56,16.1,11.35,649.62
Bom Jesus da Lapa (BA),71.51,23,20.8,367.62
Bom Jesus da Penha (MG),76.74,12.8,11.87,607.73
Bom Jesus da Serra (BA),69.95,27.6,29.31,223.19
Bom Jesus das Selvas (MA),70.05,29.2,29.4,226.09
Bom Jesus de Goiás (GO),76.59,11.1,11.78,618.62
Bom Jesus do Amparo (MG),75.01,15.3,10.78,472.21
Bom Jesus do Araguaia (MT),72.02,20.4,11.34,500.5
Bom Jesus do Galho (MG),73.01,18.6,19.92,368
Bom Jesus do Itabapoana (RJ),74.16,15.2,10.35,717.69
Bom Jesus do Norte (ES),76.22,12.5,9.59,584.06
Bom Jesus do Oeste (SC),74.82,13.8,7.79,728.09
Bom Jesus dos Perdões (SP),73.1,17.8,6.72,688.02
Bom Jesus do Sul (PR),73.31,15.1,11.03,430.51
Bom Jesus do Tocantins (PA),71.61,22.3,22.88,337.28
Bom Jesus do Tocantins (TO),74.98,14,16.23,381.43
Bom Jesus (PB),70.72,25.2,27.12,303.29
Bom Jesus (PI),72.93,19.6,19.55,501.14
Bom Jesus (RN),69.56,28,34.66,300.38
Bom Jesus (RS),74.89,12.9,8.4,611.26
Bom Jesus (SC),74.59,14.2,11.15,798.97
Bom Lugar (MA),69.48,31,34.59,164.44
Bom Princípio do Piauí (PI),71.19,24.3,36.74,211.44
Bom Princípio (RS),75.18,13.3,1.82,855.42
Bom Progresso (RS),75.42,12.2,10.89,623.82
Bom Repouso (MG),74.25,16.5,11.61,447.85
Bom Retiro do Sul (RS),76.39,11,3.62,728.62
Bom Retiro (SC),77.13,10.8,10.99,638.85
Bom Sucesso de Itararé (SP),71.49,20.8,12.51,344.32
Bom Sucesso do Sul (PR),75.18,12.5,2,639.33
Bom Sucesso (MG),73.49,17.8,13.13,551.39
Bom Sucesso (PB),70.14,26.9,32.77,257.9
Bom Sucesso (PR),74.21,13.8,14.68,592.27
Bonfim do Piauí (PI),67.42,36.5,35.97,233.05
Bonfim (MG),75.01,15.3,13.28,512.94
Bonfim (RR),73.52,16.1,14.71,329.22
Bonfinópolis de Minas (MG),72.73,19.1,13.88,472.15
Bonfinópolis (GO),74,14.6,11.47,520.02
Boninal (BA),72.35,20.8,24.08,267.7
Bonito (BA),66.12,40.8,22.6,249
Bonito de Minas (MG),71.57,21.2,29.85,195.65
Bonito de Santa Fé (PB),72.18,21.2,31.28,267.09
Bonito (MS),74.86,18,9.99,679.03
Bonito (PA),71.22,23.3,23.23,218.05
Bonito (PE),70.26,26.1,34.07,258.52
Bonópolis (GO),73.75,14.9,20.55,403.94
Boqueirão do Leão (RS),75.59,12,11.59,726.61
Boqueirão do Piauí (PI),68.71,32,35.3,253.4
Boqueirão (PB),70.79,25,26.13,319.11
Boquim (SE),71.27,23.8,26.17,296.54
Boquira (BA),71.91,21.9,28.03,266.71
Boracéia (SP),76.93,11.9,8.19,719.42
Borá (SP),76.77,12.2,10.22,670.27
Borba (AM),71.53,21.3,17.29,219.83
Borborema (PB),69.99,27.4,35.36,236.01
Borborema (SP),74.83,15,8.61,664.64
Borda da Mata (MG),76.92,12.5,8.66,635.37
Borebi (SP),75.73,13.6,9.9,529.08
Borrazópolis (PR),75.29,12.3,12.51,604.08
Bossoroca (RS),74.24,13.8,8.46,502.18
Botelhos (MG),77.07,12.3,9.71,630.12
Botucatu (SP),77.13,10.8,4.29,1089.1
Botumirim (MG),71.94,20.5,18.73,230.25
Botuporã (BA),70.24,26.7,28.68,235.16
Botuverá (SC),75.87,12.4,6.21,805.77
Bozano (RS),76.18,12,5.43,982.06
Braço do Norte (SC),77.83,9.9,3.76,831.77
Braço do Trombudo (SC),77.99,9.7,3.56,941.12
Bragança (PA),70.27,26.1,16.94,311.97
Bragança Paulista (SP),76.67,10.62,4.6,974.08
Braganey (PR),72.83,15.8,14.18,580.75
Braga (RS),74.81,13,14.76,475.39
Branquinha (AL),66.96,40.2,45.67,221.93
Brasilândia de Minas (MG),75.87,14,11.45,444.35
Brasilândia do Sul (PR),73.8,14.4,16.57,550.58
Brasilândia do Tocantins (TO),74.84,14.3,18.47,428.48
Brasilândia (MS),75.24,17.4,11.29,709.29
Brasiléia (AC),71.22,24.2,19.58,376.07
Brasileira (PI),70.1,27.5,39.18,281.71
Brasília de Minas (MG),73.78,17.3,16.7,360.93
Brasília (DF),77.35,14.01,3.66,1715.11
Brasil Novo (PA),73.55,17.4,19.15,408.55
Brasnorte (MT),76,13.9,10.01,602.75
Brasópolis (MG),75.45,14.6,10.73,613.88
Brás Pires (MG),73.03,18.5,14.73,299.02
Braúnas (MG),73.1,18.4,19.8,416.84
Braúna (SP),74.77,15.1,9.44,726.71
Brazabrantes (GO),74.57,13.8,11.75,541.9
Brejão (PE),68.51,31.6,34.48,230.85
Brejetuba (ES),74.65,14.6,20.53,402.56
Brejinho de Nazaré (TO),74.2,15.7,17.98,414.87
Brejinho (PE),65.84,41.3,27.23,266.21
Brejinho (RN),68.29,32.1,33.67,304.8
Brejo Alegre (SP),74.54,15.4,12.38,631.02
Brejo da Madre de Deus (PE),69.06,29.8,34.79,296.7
Brejo de Areia (MA),65.64,45.3,38.69,187.95
Brejo do Cruz (PB),72.85,19.4,33.63,287.2
Brejo do Piauí (PI),68.49,32.8,40.74,218.15
Brejo dos Santos (PB),71.58,22.8,30.2,267.6
Brejões (BA),71.49,23.1,26.29,261.14
Brejo Grande do Araguaia (PA),69.57,28.2,21.85,310.08
Brejo Grande (SE),67.03,37.6,34.45,197.69
Brejolândia (BA),69.73,28.2,28.18,221.22
Brejo (MA),70.45,27.9,32.24,200.25
Brejo Santo (CE),71.06,23.4,24.35,325.64
Breu Branco (PA),71.87,21.6,22.15,252.31
Breves (PA),71.65,22.2,26.91,209.14
Britânia (GO),73.11,17.8,16.59,594.38
Brochier (RS),76.06,11.4,3.46,720.21
Brodowski (SP),76.81,12.1,4.37,787.91
Brotas de Macaúbas (BA),70.24,26.7,22.85,247.49
Brotas (SP),73.9,16.5,6.98,722.76
Brumadinho (MG),76.39,13.3,6.77,910.31
Brumado (BA),73.41,18.1,17.35,403.22
Brunópolis (SC),74.12,14.8,14.51,446.48
Brusque (SC),78.64,8.55,2.81,1116.93
Bueno Brandão (MG),75.9,14,10.96,491.08
Buenópolis (MG),72.74,19,16.57,456.55
Buenos Aires (PE),71.66,22.2,29.84,254.03
Buerarema (BA),71.33,23.5,25.03,343.23
Bugre (MG),73.01,18.6,20.09,338.39
Buíque (PE),69.75,27.7,43.6,176.76
Bujari (AC),71.32,23.9,26.78,340.95
Bujaru (PA),71.76,21.9,15.85,174.18
Buri (SP),72.94,18.1,9.98,435.15
Buritama (SP),75.31,14.3,9.16,779.78
Buriti Alegre (GO),74.87,13.3,10.5,625.26
Buriti Bravo (MA),70.1,29,33.42,229.21
Buriticupu (MA),67.46,38.1,29.42,220.64
Buriti de Goiás (GO),73.34,15.6,14.66,650.67
Buriti dos Lopes (PI),69.09,30.7,31.95,236.13
Buriti dos Montes (PI),71.78,22.7,34.96,212.72
Buriti do Tocantins (TO),67.76,33.8,24.53,287.05
Buriti (MA),67.82,36.8,33,157.21
Buritinópolis (GO),73.76,14.9,20.35,735.72
Buritirama (BA),70.63,25.5,28.8,184.53
Buritirana (MA),68.5,34.4,30.97,230.11
Buritis (MG),73.88,17.1,16.42,505.59
Buritis (RO),70.08,25.7,10.67,458.05
Buritizal (SP),74.79,15.1,6.08,817.16
Buritizeiro (MG),71.06,22.2,15.01,340.72
Butiá (RS),75.85,11.6,8.92,590.45
Caapiranga (AM),71.49,21.4,16.27,235.49
Caaporã (PB),70.41,26.2,25.65,268.46
Caarapó (MS),74.65,18.4,13.15,537.01
Caatiba (BA),70.09,27.1,32.03,293.78
Cabaceiras do Paraguaçu (BA),70.8,25,29.21,209.45
Cabaceiras (PB),70.54,25.8,19.35,283.93
Cabeceira Grande (MG),72.25,19.9,15.67,424.47
Cabeceiras do Piauí (PI),71.11,24.5,36.74,229.86
Cabeceiras (GO),74.15,14.4,14.08,420.47
Cabedelo (PB),74.31,16,11.24,1036.21
Cabixi (RO),70.39,24.8,14.73,457.17
Cabo de Santo Agostinho (PE),73.74,17.2,13.74,467.07
Cabo Frio (RJ),75.16,15.41,5.3,815.75
Cabo Verde (MG),75.82,14.1,11.08,571.6
Cabrália Paulista (SP),73.68,16.8,10.34,507.41
Cabreúva (SP),74.67,15.2,6.64,694.03
Cabrobó (PE),71.39,22.9,25.58,298.14
Caçador (SC),77.65,10.2,6.33,744.28
Caçapava do Sul (RS),76.27,11.1,8.68,618.98
Caçapava (SP),76.5,11.6,4.38,871.87
Cacaulândia (RO),73.08,17.8,14.34,499.93
Cacequi (RS),73.39,15,7.99,550.88
Cáceres (MT),73.76,17.4,10.93,590.43
Cachoeira Alta (GO),75.39,12.6,11.66,853.32
Cachoeira (BA),70.72,25.2,17.09,368.11
Cachoeira da Prata (MG),75.02,15.3,4.06,583.28
Cachoeira de Goiás (GO),75.26,12.8,15.18,549.16
Cachoeira de Minas (MG),74.25,16.5,9.05,527.44
Cachoeira de Pajeú (MG),71.25,21.8,29.68,265.27
Cachoeira do Arari (PA),71.65,22.2,14.64,209.79
Cachoeira do Piriá (PA),71.73,22,30.96,130.4
Cachoeira dos Índios (PB),70.95,24.6,29.22,301.77
Cachoeira do Sul (RS),76.22,8.49,7.89,793.67
Cachoeira Dourada (GO),73.22,15.7,15.95,636.17
Cachoeira Dourada (MG),76.02,13.8,12.98,606.15
Cachoeira Grande (MA),71.36,25.2,33.61,110.65
Cachoeira Paulista (SP),75.19,13.3,4.38,764.6
Cachoeiras de Macacu (RJ),74.01,16.43,9.91,604.45
Cachoeirinha (PE),70.18,26.4,34.18,308.18
Cachoeirinha (RS),76.42,11.6,3.07,844.04
Cachoeirinha (TO),70.7,24.6,20.32,241.7
Cachoeiro de Itapemirim (ES),75.2,13.8,6.04,763.71
Cacimba de Areia (PB),71.25,23.7,28.93,249.79
Cacimba de Dentro (PB),71.59,22.8,42.43,246.21
Cacimbas (PB),65.3,44,40.48,181.17
Cacimbinhas (AL),66.82,40.6,43.81,259.72
Cacique Doble (RS),73.57,14.8,10.88,539.67
Cacoal (RO),74.27,14.3,8.94,738.06
Caconde (SP),76.45,12.6,8.23,627
Caçu (GO),75.4,12.6,9.48,987.3
Caculé (BA),71.12,24.1,21.62,382.15
Caém (BA),67.08,37.2,27.57,223.48
Caetanópolis (MG),75.71,14.2,5.49,531.65
Caetanos (BA),68.47,32.3,29.12,224.38
Caeté (MG),75.62,14.4,5.41,586.16
Caetés (PE),68.94,30.2,41.74,176.77
Caetité (BA),73.04,19,21.98,405.31
Cafarnaum (BA),69.03,30.4,23.76,251.31
Cafeara (PR),73.63,14.6,16.72,560.67
Cafelândia (PR),75.11,12.6,4.72,721.38
Cafelândia (SP),77.01,11.8,7.5,680.71
Cafezal do Sul (PR),72.5,16.3,16.24,569.82
Caiabu (SP),74.37,15.7,13.21,559.13
Caiana (MG),74.98,15.4,14.35,406.23
Caiapônia (GO),73.46,15.4,15.83,628.14
Caibaté (RS),76.39,11,7.37,659.58
Caibi (SC),74.82,13.8,8.96,783.57
Caiçara do Norte (RN),68.61,31,27.7,280.53
Caiçara do Rio do Vento (RN),69.01,29.7,27.68,250.07
Caiçara (PB),68.96,30.6,36.75,294.68
Caiçara (RS),74,14.1,8,712.77
Caicó (RN),74.45,13.4,16.2,637.13
Caieiras (SP),76.68,10.2,4.16,800.15
Cairu (BA),73.41,18.1,16.7,334.19
Caiuá (SP),73.13,17.8,12.46,500.47
Cajamar (SP),73.59,17,5.47,676.5
Cajapió (MA),68.2,35.4,27.25,145.01
Cajari (MA),69.79,30,23.53,136.39
Cajati (SP),74.89,14.9,10.75,481.48
Cajazeiras do Piauí (PI),70.1,27.6,33.05,210.45
Cajazeiras (PB),73.87,17,20.73,511.56
Cajazeirinhas (PB),71.35,23.4,37.65,205.12
Cajobi (SP),74.32,15.8,8.3,679.75
Cajueiro (AL),66.45,42.1,36.55,232.85
Cajueiro da Praia (PI),69.36,29.8,35.14,246.88
Cajuri (MG),73.26,18.1,12.35,333.45
Cajuru (SP),74.52,15.5,6.39,597.11
Calçado (PE),68.84,30.6,34.96,215.47
Calçoene (AP),70.51,23.1,14.03,417.71
Caldas Brandão (PB),68.39,32.5,38.5,264.06
Caldas (MG),77.35,12,8.56,627.21
Caldas Novas (GO),74.89,14.9,5.93,794.78
Caldazinha (GO),73.86,14.8,11.12,515.56
Caldeirão Grande (BA),70.46,26,31.77,211.26
Caldeirão Grande do Piauí (PI),69.63,29,37.25,262.36
Califórnia (PR),74.28,13.7,9.25,698.38
Calmon (SC),71.75,18.6,12,373.86
Calumbi (PE),67.9,33.7,35.19,272.66
Camacan (BA),71.07,24.2,24.57,351.84
Camaçari (BA),72.9,17.37,8.22,553.18
Camacho (MG),75.38,14.8,13.87,425.8
Camalaú (PB),71.18,23.9,32.04,242.92
Camamu (BA),67.61,35.3,29.1,264.63
Camanducaia (MG),75.22,15,11.55,649.49
Camapuã (MS),74.02,19.5,11.37,685.77
Camaquã (RS),74.14,14,7.44,686.36
Camaragibe (PE),73.28,18.1,11.44,473.78
Camargo (RS),76.25,11.9,9.05,916.32
Cambará do Sul (RS),75.25,12.4,7.3,643.45
Cambará (PR),74.07,14,9.14,666.89
Cambé (PR),75.42,12.44,6.77,723.34
Cambira (PR),75.09,12.6,9.48,630.19
Camboriú (SC),76.98,11,4.32,781.76
Cambuci (RJ),73.51,16.2,13.34,524.88
Cambuí (MG),77.33,12,7.67,712.9
Cambuquira (MG),76.34,13.3,9.75,588.83
Cametá (PA),70.21,26.2,11.43,226.99
Camocim (CE),68.71,30.5,28.94,269
Camocim de São Félix (PE),69.25,29.2,34.38,305.53
Campanário (MG),74.85,15.6,19.29,350.46
Campanha (MG),75.93,13.9,8.49,686.16
Campestre (AL),68.73,33.7,35.3,245.43
Campestre da Serra (RS),78.13,8.9,6.83,675.91
Campestre de Goiás (GO),72.96,16.1,13.77,398.5
Campestre do Maranhão (MA),71.41,25.1,23.41,358
Campestre (MG),75.59,14.4,9.13,669.87
Campinaçu (GO),74.12,14.4,14.29,438.93
Campina da Lagoa (PR),74.76,13.9,14.02,540.04
Campina das Missões (RS),75.91,11.6,4.27,615.85
Campina do Monte Alegre (SP),75.77,13.6,8.79,575.66
Campina do Simão (PR),72.49,16.3,12.9,330.48
Campina Grande do Sul (PR),76.58,10.7,6.39,671.29
Campina Grande (PB),73.73,17.3,12.39,630.03
Campinápolis (MT),73.17,18.4,25.88,328.15
Campinas do Piauí (PI),71.55,23.3,29.27,209
Campinas do Sul (RS),75.49,12.1,4.93,869.1
Campinas (SP),76.59,11.81,3.4,1390.83
Campina Verde (MG),77.06,12.3,8.5,681.73
Campinorte (GO),75.43,12.6,12.5,567.41
Campo Alegre (AL),69.5,31.1,29.72,217.72
Campo Alegre de Goiás (GO),73.68,15,11.41,632.7
Campo Alegre de Lourdes (BA),71.68,22.5,30.69,199.01
Campo Alegre do Fidalgo (PI),70.69,25.8,35.7,213.61
Campo Alegre (SC),75.69,12.6,4.64,539.9
Campo Azul (MG),72.96,18.7,23.67,244.97
Campo Belo do Sul (SC),71.05,19.9,15.43,450.29
Campo Belo (MG),77.1,12.3,9.17,646.71
Campo Bom (RS),76.11,11.3,3.34,879.65
Campo Bonito (PR),73.78,14.4,14.27,585.04
Campo do Brito (SE),72.57,20.3,30.62,391.94
Campo do Meio (MG),74.61,15.9,10.82,472.71
Campo do Tenente (PR),73.34,15,9.81,488.06
Campo Erê (SC),72.21,17.9,14.03,631.08
Campo Florido (MG),76.46,12.6,9.24,774.88
Campo Formoso (BA),69.94,27.6,26.64,270.05
Campo Grande (AL),69.35,31.6,42.72,181.54
Campo Grande do Piauí (PI),68.23,33.6,39.3,237.66
Campo Grande (MS),75.62,16.48,4.16,1089.37
Campo Largo do Piauí (PI),70.98,24.9,42.03,158.02
Campo Largo (PR),76.21,12.16,4.77,749.21
Campo Limpo de Goiás (GO),74.75,13.5,14.82,467.42
Campo Limpo Paulista (SP),75.4,14.1,4.47,767.85
Campo Magro (PR),74.66,13.2,6.6,567.04
Campo Maior (PI),72.58,20.5,23.48,401.74
Campo Mourão (PR),75.44,12.1,7.78,843.42
Campo Novo de Rondônia (RO),71.34,22.2,13.46,507.69
Campo Novo do Parecis (MT),74.15,16.7,6.01,823.32
Campo Novo (RS),76.94,10.3,14.05,539.04
Campo Redondo (RN),70.47,25.3,27.71,251.73
Campos Altos (MG),76.62,13,10.51,587.21
Campos Belos (GO),73.87,14.8,16.46,487.96
Campos Borges (RS),74.16,13.9,9.92,637.46
Campos de Júlio (MT),74.49,16.2,6.18,1162.4
Campos do Jordão (SP),76.1,13.1,4.67,911.4
Campos dos Goytacazes (RJ),74.82,14.72,7.21,682.59
Campos Gerais (MG),74.27,16.5,12.25,503.91
Campos Lindos (TO),69.25,28.9,23.42,292.64
Campos Novos Paulista (SP),74.41,15.6,10.64,516.26
Campos Novos (SC),76.64,11.4,7.1,708.77
Campos Sales (CE),71.11,23.3,31.53,303.68
Campos Verdes (GO),72.73,16.5,21.02,351.52
Campo Verde (MT),75.06,15.3,6.79,878.37
Camutanga (PE),70.58,25.2,28.75,278.04
Canaã dos Carajás (PA),73.06,19.88,10.65,517.33
Canaã (MG),72.88,18.8,15.54,439.71
Canabrava do Norte (MT),74.01,16.9,12.23,370.81
Cananéia (SP),76.07,13.1,8.01,540.54
Canapi (AL),68.11,35.9,44.16,183.83
Canápolis (BA),68.93,30.8,33.68,217.86
Canápolis (MG),77.32,12,15.54,711.27
Canarana (BA),69.04,30.4,20.43,252.39
Canarana (MT),74.51,16.2,10.66,774.65
Canas (SP),72.83,18.3,6.34,444.72
Cana Verde (MG),74.25,16.5,12.94,463.1
Canavieira (PI),71.67,23,28.87,209.47
Canavieiras (BA),72.74,19.8,21.05,325.61
Candeal (BA),72.19,21.2,27.86,251.54
Candeias (BA),74.39,15.8,9.6,462.57
Candeias do Jamari (RO),74.11,15.4,11.93,463.63
Candeias (MG),74.81,15.6,14.74,621.22
Candelária (RS),75.49,12.1,10.03,620.92
Candiba (BA),69.56,28.8,27.36,290.99
Cândido de Abreu (PR),71.96,17.1,17.64,438.62
Cândido Godói (RS),76.17,11.2,3.53,706.19
Cândido Mendes (MA),69.72,30.3,23.22,203.94
Cândido Mota (SP),75.71,13.7,7.35,627.55
Cândido Rodrigues (SP),76.79,12.1,9.06,837.17
Cândido Sales (BA),72.9,19.4,28.37,268.57
Candiota (RS),76.57,10.7,5.79,638.77
Candói (PR),71.69,18.7,10.22,472.4
Canela (RS),75.92,12.3,4.47,787.78
Canelinha (SC),76.89,11.1,8.42,721.27
Canguaretama (RN),68.07,32.8,29.05,256.22
Canguçu (RS),74.15,13.9,9.69,562.54
Canhoba (SE),68.3,33.1,34.5,249.3
Canhotinho (PE),68.48,31.7,39.29,234.75
Canindé (CE),70.88,23.9,26.99,278.9
Canindé de São Francisco (SE),69.48,29.2,32.8,270.17
Canitar (SP),72.46,19,11.15,480.52
Canoas (RS),76.83,10.62,2.73,952.13
Canoinhas (SC),77.42,10.4,4.62,692.87
Cansanção (BA),69.69,28.4,31.39,216.24
Cantagalo (MG),73.94,17,16.83,329.9
Cantagalo (PR),71.05,19.9,9.48,424.57
Cantagalo (RJ),74.29,15.1,10.02,641.61
Cantanhede (MA),71.45,24.9,31.34,176.61
Cantá (RR),73.19,16.8,19.01,297.59
Canto do Buriti (PI),68.41,33,32.02,279.71
Canudos (BA),67.42,36,27.35,251.59
Canudos do Vale (RS),75.38,13,11.13,854.58
Canutama (AM),70.1,25.2,31.5,206.44
Capanema (PA),72.62,19.6,14.87,356.27
Capanema (PR),73.04,15.5,7.86,701.11
Capão Alto (SC),72.74,17,10.59,550.84
Capão Bonito do Sul (RS),71.73,17.7,10.68,468.49
Capão Bonito (SP),74.55,15.4,9.7,534.75
Capão da Canoa (RS),76.11,12.1,3.91,884.47
Capão do Cipó (RS),76.61,11.4,6.75,426.09
Capão do Leão (RS),73.81,14.4,7.86,493.36
Caparaó (MG),75.16,15.1,15.48,364.52
Capela (AL),69.59,30.8,34.65,251.36
Capela de Santana (RS),73.93,14.2,6.16,533.88
Capela do Alto Alegre (BA),71.21,23.8,30.16,299.05
Capela do Alto (SP),74.36,15.7,7.42,526.28
Capela Nova (MG),72.84,18.9,11.41,338.43
Capela (SE),70.97,24.7,26.76,326.55
Capelinha (MG),74.41,16.3,20.69,432.55
Capetinga (MG),75.88,14,12.01,549.97
Capim Branco (MG),75.19,15,6.87,497.48
Capim Grosso (BA),70.09,27.1,22.37,378.85
Capim (PB),68.69,31.5,43.38,203.67
Capinópolis (MG),75.47,14.6,13.31,834.14
Capinzal do Norte (MA),66.9,40.2,34.62,200.15
Capinzal (SC),77.11,10.8,5.95,811.66
Capistrano (CE),68.82,30.2,30.18,211.95
Capitão Andrade (MG),73.28,18.1,18.87,403.35
Capitão de Campos (PI),71.35,23.9,33.97,248.79
Capitão Enéas (MG),73.37,18,19.99,282.97
Capitão Gervásio Oliveira (PI),68.51,32.7,34.22,182.53
Capitão Leônidas Marques (PR),74.71,14,10.28,670.16
Capitão Poço (PA),69.8,27.5,26.2,283.1
Capitão (RS),75.49,12.9,5.58,835.57
Capitólio (MG),74.51,16.1,7.54,658.77
Capivari de Baixo (SC),77.19,10.7,4.45,723.04
Capivari do Sul (RS),75.17,12.5,8.24,1196.47
Capivari (SP),75.89,12.4,5.29,820.46
Capixaba (AC),72.62,20.4,23.84,336.17
Capoeiras (PE),69.74,27.7,34.72,215.71
Caputira (MG),73.53,17.7,14.15,353.65
Caraá (RS),74.79,13,12.52,490.65
Caracaraí (RR),71.77,20.3,14.48,336.05
Caracol (MS),74.53,18.6,9.26,399.46
Caracol (PI),71.23,24.2,37.9,221.08
Caraguatatuba (SP),75.68,12.6,4.97,773.99
Caraíbas (BA),69.35,29.4,35.51,277.97
Caraí (MG),71.88,20.6,29.16,244.29
Carambeí (PR),75.17,12.5,5.37,711.5
Caranaíba (MG),73.44,17.8,9.64,319.88
Carandaí (MG),74.27,16.5,7.7,495.09
Carangola (MG),75.19,15,10.75,618.24
Carapebus (RJ),73.3,16.5,9.02,620.35
Carapicuíba (SP),75.52,14,4.59,712.78
Caratinga (MG),75.16,15.1,10.16,610.29
Carauari (AM),69.68,26.4,31.44,222.32
Caraúbas do Piauí (PI),71.51,23.4,47.43,158.13
Caraúbas (PB),67.61,35.2,20.53,296.38
Caraúbas (RN),72.15,20.7,28.48,321.99
Caravelas (BA),72.46,20.5,26.83,394.43
Carazinho (RS),75.42,12.2,4.3,881.73
Carbonita (MG),72.74,19,20.67,373.05
Cardeal da Silva (BA),69.09,30.2,25.37,207.42
Cardoso Moreira (RJ),71.93,18.6,16.01,465.04
Cardoso (SP),76.18,13,9.64,605.99
Careaçu (MG),74.41,16.2,13.82,504.96
Careiro (AM),71.76,20.7,14.86,197.06
Careiro da Várzea (AM),71.76,20.7,17.94,207.18
Cariacica (ES),75.64,13.2,6.42,620.89
Caridade (CE),71.74,21.6,28.99,213.18
Caridade do Piauí (PI),67.89,34.8,35.25,203.34
Carinhanha (BA),70.77,25.1,28.37,209.51
Carira (SE),72.45,20.6,37.65,297.74
Cariré (CE),69.92,26.7,33.39,225.75
Caririaçu (CE),68.81,30.2,34.48,243.1
Cariri do Tocantins (TO),74.55,14.9,15.59,425.49
Cariús (CE),70.07,26.3,34.57,239.39
Carlinda (MT),73.54,17.7,17.09,474.83
Carlópolis (PR),74.91,12.8,8.6,608.82
Carlos Barbosa (RS),75.07,13.5,2.66,1446.56
Carlos Chagas (MG),74.55,16,23.63,432.37
Carlos Gomes (RS),78.14,8.9,5.05,761.35
Carmésia (MG),73.28,18.1,16.35,404.76
Carmo da Cachoeira (MG),73.03,18.5,10.69,525.35
Carmo da Mata (MG),75.41,14.7,8.86,551.21
Carmo de Minas (MG),75.71,14.3,11.49,511.95
Carmo do Cajuru (MG),76.16,13.6,6.76,606.19
Carmo do Paranaíba (MG),76.63,12.9,9.23,678.13
Carmo do Rio Claro (MG),76.01,13.8,9.39,685.17
Carmo do Rio Verde (GO),74.44,13.9,11.57,541.99
Carmolândia (TO),73.59,17.1,21.17,382.31
Carmópolis de Minas (MG),75.99,13.8,5.55,599.63
Carmópolis (SE),71.98,21.9,15.36,385.16
Carmo (RJ),73.77,15.8,10.49,559.66
Carnaíba (PE),68.62,31.3,29.42,229.87
Carnaúba dos Dantas (RN),72.76,19.1,15.35,387.8
Carnaubais (RN),69.25,29,27.39,300.27
Carnaubal (CE),70.58,24.8,32.67,224.37
Carnaubeira da Penha (PE),70.3,26,30.08,170.02
Carneirinho (MG),77.37,11.9,12.31,847.07
Carneiros (AL),67.56,37.9,32.36,199.58
Caroebe (RR),72.48,18.5,13.39,334.97
Carolina (MA),73.09,20.4,16.38,334.51
Carpina (PE),73.36,17.9,17.09,403.76
Carrancas (MG),77.59,11.6,8.59,576.62
Carrapateira (PB),70.91,24.7,30.55,214.54
Carrasco Bonito (TO),68.69,30.7,32.02,234.45
Caruaru (PE),72.96,18.91,16.5,553.99
Carutapera (MA),69.84,29.9,21.48,220.91
Carvalhópolis (MG),75.98,13.9,8.78,579.4
Carvalhos (MG),74.2,16.6,16.12,506.24
Casa Branca (SP),75.08,13.4,5.22,737.96
Casa Grande (MG),74.39,16.3,6.22,351.47
Casa Nova (BA),69.16,30,26.69,289.24
Cascalho Rico (MG),75.72,14.2,6.83,769.71
Casca (RS),75.81,11.7,4.05,1011.38
Cascavel (CE),72.57,19.5,24.82,309.14
Cascavel (PR),75.74,11.73,4.77,1003.38
Caseara (TO),74.51,15,19.35,447.52
Caseiros (RS),74.99,12.8,10.79,606.99
Casimiro de Abreu (RJ),73.64,16,7.41,768.45
Casinhas (PE),68.25,32.5,34.14,200.83
Casserengue (PB),68.81,31.1,44.8,171.37
Cássia dos Coqueiros (SP),76.81,12.1,10.77,551.4
Cássia (MG),75.22,15,11.32,717.84
Cassilândia (MS),73.63,20.3,12.27,885.1
Castanhal (PA),72.97,17.29,8.39,467.32
Castanheira (MT),72.97,18.7,14.25,520.54
Castanheiras (RO),73.15,17.6,15.6,455.53
Castelândia (GO),74.4,14,26.82,724.42
Castelo do Piauí (PI),70.21,27.2,30.86,270.82
Castelo (ES),76.09,12.6,8.9,636.49
Castilho (SP),74.63,15.3,9.24,579.36
Castro Alves (BA),71.46,23.1,24.58,316.1
Castro (PR),74.36,13.6,8.24,639.54
Cataguases (MG),76.68,12.9,5.96,699.57
Catalão (GO),74.12,13.02,5.83,959.4
Catanduva (SP),76.2,12.43,4.88,945.05
Catanduvas (PR),73.28,15.1,14.75,539.43
Catanduvas (SC),73.38,16,6.64,717.59
Catarina (CE),70.85,24,31.11,246.38
Catas Altas da Noruega (MG),72.96,18.7,14.68,309.82
Catas Altas (MG),74.65,15.9,6.55,502.15
Catende (PE),70.59,25.2,28.5,292.74
Catiguá (SP),76.12,13.1,9.54,771.78
Catingueira (PB),70.17,26.8,38.34,249.16
Catolândia (BA),72.13,21.3,27.42,251.21
Catolé do Rocha (PB),72.23,21,24.64,371.92
Catu (BA),73.86,17,11.84,486.05
Catuípe (RS),75.52,12.1,6.35,920.96
Catuji (MG),71.23,21.8,27.14,221.41
Catunda (CE),67.99,32.9,32.85,225.43
Caturaí (GO),73.92,14.7,13.51,500.32
Caturama (BA),71.22,23.8,29.83,234.88
Caturité (PB),71.91,21.9,24.17,371.05
Catuti (MG),71.38,21.5,30.92,265.76
Caucaia (CE),73.48,17.57,13.8,379.63
Cavalcante (GO),73.47,15.4,29.33,324.92
Caxambu do Sul (SC),77.21,10.7,11.53,730.36
Caxambu (MG),75.85,14,6.33,963.25
Caxias do Sul (RS),76.58,11.19,2.44,1253.93
Caxias (MA),70.16,28.9,27.65,324.9
Caxingó (PI),67.5,36.2,47.64,177.35
Ceará-Mirim (RN),71.44,22.6,23.4,332.89
Cedral (MA),69.88,29.8,18.51,202.86
Cedral (SP),77.3,10.6,6.6,845.41
Cedro (CE),70.18,26,29.33,317.69
Cedro de São João (SE),68.83,31.3,22.35,352.53
Cedro do Abaeté (MG),73.04,18.5,15.19,431.2
Cedro (PE),68,33.4,24.27,269.64
Celso Ramos (SC),74.53,14.2,9.39,458.62
Centenário do Sul (PR),72.48,16.3,14.54,571.32
Centenário (RS),76.36,11,4.32,651.77
Centenário (TO),66.97,36.6,30.65,280.17
Central (BA),68.65,31.7,21.57,231.1
Central de Minas (MG),74.37,16.3,21.39,494.1
Central do Maranhão (MA),67.79,36.9,29.54,182.77
Centralina (MG),76.19,13.6,12.61,468.15
Centro do Guilherme (MA),67.44,38.2,31.14,190.58
Centro Novo do Maranhão (MA),68.01,36.1,27.28,188.88
Cerejeiras (RO),72.94,18.1,11.17,577.18
Ceres (GO),75.49,12.81,8.08,865.23
Cerqueira César (SP),74.23,15.9,7.05,665.36
Cerquilho (SP),76.21,11.9,3.72,894.52
Cerrito (RS),74.41,13.6,12.81,476.66
Cerro Azul (PR),72.82,15.8,19.36,342.88
Cerro Branco (RS),73.93,14.2,13.86,519.95
Cerro Corá (RN),70.26,25.9,29.51,282.84
Cerro Grande do Sul (RS),76.28,11.1,10.51,527.88
Cerro Grande (RS),73.19,15.3,15.06,538.45
Cerro Largo (RS),75.91,11.6,4.67,862.05
Cerro Negro (SC),74.75,13.9,18.27,414.6
Cesário Lange (SP),73.23,17.6,5.72,684.95
Céu Azul (PR),73.69,14.5,6.69,759.41
Cezarina (GO),73.4,15.4,11.88,564.44
Chácara (MG),77.66,11.5,12.42,456.42
Chã de Alegria (PE),70.69,24.9,26.55,239.04
Chã Grande (PE),73.18,18.3,33.07,341.34
Chalé (MG),72.21,20,17.32,418.8
Chapada da Natividade (TO),73.84,16.5,22.82,315.34
Chapada de Areia (TO),68.58,31,20.24,376.48
Chapada do Norte (MG),72.86,18.8,27.53,279.92
Chapada dos Guimarães (MT),74.99,15.4,13.6,540.98
Chapada Gaúcha (MG),74.22,16.6,18.39,282.53
Chapadão do Céu (GO),75.2,12.9,4.76,841.5
Chapadão do Lageado (SC),74.95,13.6,8,549.08
Chapadão do Sul (MS),76.02,16,4.91,896.92
Chapada (RS),75.95,11.5,4.48,860.15
Chapadinha (MA),71.21,25.6,27.55,251.75
Chapecó (SC),77.25,10.6,4.73,1017.34
Chã Preta (AL),69.22,32,38.61,226.6
Charqueada (SP),74.18,16,7.45,705.01
Charqueadas (RS),77.22,10,4.88,734.59
Charrua (RS),78.12,8.9,14.1,618.89
Chaval (CE),67.97,33,35.66,208.7
Chavantes (SP),74.66,15.3,9.38,677.3
Chaves (PA),71.15,23.5,28.92,198.83
Chiador (MG),77.05,12.4,11.9,808.78
Chiapetta (RS),75.98,12.2,6.68,632.18
Chopinzinho (PR),73.99,14.1,8.7,802.23
Choró (CE),71.65,21.8,35.9,171.62
Chorozinho (CE),69.53,27.9,31.18,277.4
Chorrochó (BA),71.74,22.4,30.49,248.5
Chuí (RS),72.52,16.4,1.97,535.86
Chupinguaia (RO),74.21,15.2,11.19,483.36
Chuvisca (RS),74.1,14,10.24,471.66
Cianorte (PR),75.45,12.1,5.94,837.13
Cícero Dantas (BA),67.73,34.8,35.3,315.19
Cidade Gaúcha (PR),73.28,15.1,12.21,671.1
Cidade Ocidental (GO),73.82,14.8,5.83,647.64
Cidelândia (MA),68.7,33.7,26.3,263.53
Cidreira (RS),75.89,12.4,3.8,750.55
Cipó (BA),69.62,28.6,25.6,312.03
Cipotânea (MG),69.97,24.3,13.82,317.62
Ciríaco (RS),76.31,11.1,7.57,725.12
Claraval (MG),75.88,14,8.55,575.11
Claro dos Poções (MG),72.96,18.7,18.16,337.07
Cláudia (MT),73.53,17.7,10.24,700.38
Cláudio (MG),75.75,14.2,5.22,625.88
Clementina (SP),74.25,15.9,9.75,640.87
Clevelândia (PR),73.76,14.4,12.3,696.71
Coaraci (BA),70.69,25.4,25.16,366.33
Coari (AM),71.79,19.58,18.67,347.2
Cocal de Telha (PI),71.78,22.7,36.1,245.15
Cocal dos Alves (PI),71.73,22.8,39.22,183.59
Cocal do Sul (SC),76.52,11.5,2.97,833.24
Cocalinho (MT),73.4,18,17.01,531.41
Cocal (PI),67.72,35.4,38.81,198.58
Cocalzinho de Goiás (GO),74.55,13.8,13.47,450.47
Cocos (BA),73.28,18.4,27,258.27
Codajás (AM),71.49,21.4,20.39,239.64
Codó (MA),70.22,28.6,32.91,273.45
Coelho Neto (MA),68.67,33.8,31.5,236.47
Coimbra (MG),74.49,16.1,10.78,454.81
Coité do Nóia (AL),68.8,33.4,42.31,203.15
Coivaras (PI),68.92,31.3,33.88,234.94
Colares (PA),70.8,24.5,11.36,231.98
Colatina (ES),75.45,13.5,8.18,788.29
Colíder (MT),74.16,16.7,10.77,758.67
Colinas do Sul (GO),74.21,14.3,17.32,410.83
Colinas do Tocantins (TO),73.85,16.5,12.92,587.11
Colinas (MA),67.52,37.9,32.61,279.81
Colina (SP),75.71,13.7,6.54,706.69
Colinas (RS),75.38,13,3.07,1066.39
Colméia (TO),73.97,16.2,20.32,442.96
Colniza (MT),73.87,17.2,11.72,411.69
Colômbia (SP),73.13,17.8,10.67,582.53
Colombo (PR),77.17,9.6,4.97,682.85
Colônia do Gurguéia (PI),71.7,22.9,23.41,291.37
Colônia do Piauí (PI),71.34,23.9,37.75,277.73
Colônia Leopoldina (AL),66.55,41.7,37.64,242.28
Colorado do Oeste (RO),73.81,16.1,13.41,535.41
Colorado (PR),73.25,15.2,9.35,833.7
Colorado (RS),75.07,13.5,4.6,996.93
Coluna (MG),71.91,20.5,22.53,315
Combinado (TO),73.89,16.4,19.73,455.39
Comendador Gomes (MG),76.01,13.8,9.27,635.2
Comendador Levy Gasparian (RJ),72.11,18.4,7.73,537.66
Comercinho (MG),72.83,18.9,26.14,271.4
Comodoro (MT),75.37,14.8,13.67,573.89
Conceição da Aparecida (MG),75.83,14.1,9.49,579.34
Conceição da Barra de Minas (MG),73.91,17.1,8.83,511.91
Conceição da Barra (ES),73.59,16.1,16.54,450.71
Conceição da Feira (BA),70.93,24.6,17.13,348.39
Conceição das Alagoas (MG),76.72,12.8,9.17,770.02
Conceição das Pedras (MG),74.25,16.5,10,434.68
Conceição de Ipanema (MG),74.51,16.1,15.89,497.4
Conceição de Macabu (RJ),73.38,16.4,10.41,614.57
Conceição do Almeida (BA),73.31,18.3,21.91,290.98
Conceição do Araguaia (PA),71.2,23.4,15.51,405.29
Conceição do Canindé (PI),70.54,26.2,32.2,258.93
Conceição do Castelo (ES),73.59,16.1,12.82,567.83
Conceição do Coité (BA),70.14,27,21.3,309.61
Conceição do Jacuípe (BA),72.93,19.3,13.19,403.18
Conceição do Lago-Açu (MA),69.26,31.8,37.56,170.79
Conceição do Mato Dentro (MG),72.65,19.2,19.44,384.42
Conceição do Pará (MG),75.97,13.9,9.74,576.48
Conceição do Rio Verde (MG),75.01,15.3,13.99,533.38
Conceição dos Ouros (MG),75.49,14.6,7.28,509.52
Conceição do Tocantins (TO),69.32,28.7,25.66,310.96
Conceição (PB),70.23,26.7,35.06,290.63
Conchal (SP),74.64,15.3,10.2,617.76
Conchas (SP),75.19,14.4,5.93,730.42
Concórdia do Pará (PA),69.45,28.6,22.24,260.68
Concórdia (SC),77.33,10.5,4.41,1009.49
Condado (PB),71.16,24,31.72,282.25
Condado (PE),67.79,34.1,29.14,297.68
Conde (BA),67.31,36.3,26.6,246.81
Conde (PB),72.84,19.5,25.02,316.81
Condeúba (BA),72.32,20.8,29.38,260.07
Condor (RS),76.1,11.3,5.76,777.62
Cônego Marinho (MG),72.96,18.7,20.65,245.64
Confins (MG),74.79,15.7,5.22,647.2
Confresa (MT),73.72,17.4,12.49,484.89
Congonhal (MG),75.81,14.1,10.52,553.81
Congonhas do Norte (MG),69.74,24.8,28.81,270.3
Congonhas (MG),77.59,11.6,4.76,760.35
Congonhinhas (PR),73.53,14.8,18.4,471.57
Congo (PB),68.85,31,30.6,263.84
Conquista D'Oeste (MT),73.4,18,12.83,650.3
Conquista (MG),77.59,11.6,11.06,678.21
Conselheiro Lafaiete (MG),76.62,14.12,3.72,781.59
Conselheiro Mairinck (PR),73.37,16,11.01,534.5
Conselheiro Pena (MG),75.24,15,17.41,445.95
Consolação (MG),73.36,18,13.73,395.33
Constantina (RS),78.12,8.9,8.76,732.39
Contagem (MG),74.94,15.4,3.74,824.3
Contenda (PR),73.96,15.1,5.37,612.8
Contendas do Sincorá (BA),66.7,38.6,28.79,293.12
Coqueiral (MG),75.26,14.9,8.96,495.77
Coqueiro Baixo (RS),78.14,8.9,7.38,634.31
Coqueiros do Sul (RS),75.42,12.2,5.31,1208.56
Coqueiro Seco (AL),70.4,28.2,30.26,299.47
Coração de Jesus (MG),73.48,17.8,19.62,287.28
Coração de Maria (BA),70.74,25.2,22.78,257.21
Corbélia (PR),73.44,14.9,8.24,743.65
Cordeirópolis (SP),76.45,11.6,5,873.87
Cordeiro (RJ),74.54,14.7,6.15,724.29
Cordeiros (BA),70.77,25.1,27.78,263.24
Cordilheira Alta (SC),76.32,11.8,5.14,773.44
Cordisburgo (MG),72.17,20.1,11.52,440.09
Cordislândia (MG),73.39,17.9,14.99,468.59
Coreaú (CE),70.5,25,40.27,210.65
Coremas (PB),72.65,20,35.67,291.3
Corguinho (MS),74.79,18.1,12.42,566.09
Coribe (BA),73.44,18,30.84,237.03
Corinto (MG),75.49,14.6,10.75,499.56
Cornélio Procópio (PR),75.86,11.6,7.1,828.19
Coroaci (MG),73.64,17.5,16.74,362.9
Coroados (SP),73.96,16.4,7.22,638.21
Coroatá (MA),69.21,32,34.73,237.3
Coromandel (MG),76.57,13,8.59,753.35
Coronel Barros (RS),76.11,11.3,3.22,1112.14
Coronel Bicaco (RS),73.19,15.3,12.13,509.04
Coronel Domingos Soares (PR),72.49,16.3,11.06,353.16
Coronel Ezequiel (RN),71.68,21.9,32.25,238.25
Coronel Fabriciano (MG),76.88,12.54,6.45,685.48
Coronel Freitas (SC),76.59,11.4,8.92,759.01
Coronel João Pessoa (RN),69.86,27.1,36.02,243.22
Coronel João Sá (BA),67.96,34,42.89,238.18
Coronel José Dias (PI),68.49,32.7,35.16,200.41
Coronel Macedo (SP),73.64,16.9,13.57,465.29
Coronel Martins (SC),73.93,15.1,12.6,543.22
Coronel Murta (MG),72.05,20.3,21.29,291.66
Coronel Pacheco (MG),72.36,19.7,12.18,525.62
Coronel Pilar (RS),75.07,13.5,4.19,942.36
Coronel Sapucaia (MS),73.34,20.8,19.41,350.37
Coronel Vivida (PR),73.58,15.6,8.82,679.98
Coronel Xavier Chaves (MG),74.4,16.3,6.38,518.32
Córrego Danta (MG),75.61,14.4,9.65,561.81
Córrego do Bom Jesus (MG),75.4,14.7,12.77,501.15
Córrego do Ouro (GO),73.18,17.7,12.01,608.31
Córrego Fundo (MG),72.67,19.2,10.02,477.36
Córrego Novo (MG),73.32,18.1,23.01,327.06
Correia Pinto (SC),73.21,16.2,10.05,628.18
Corrente (PI),72.31,21.2,20.28,378.39
Correntes (PE),68.57,31.4,35.21,247.2
Correntina (BA),72.5,20.4,25.39,285.96
Cortês (PE),67.42,35.4,31.22,232.22
Corumbá de Goiás (GO),74.75,13.5,16.5,503.01
Corumbaíba (GO),74.85,13.4,10.66,635.98
Corumbá (MS),75.06,17.75,6.76,627.1
Corumbataí do Sul (PR),72.38,16.5,20.7,409.02
Corumbataí (SP),75.43,14.1,7.43,741.32
Corumbiara (RO),71.45,21.9,13.55,402.15
Corupá (SC),77.39,10.5,3.27,951.63
Coruripe (AL),71.12,26,26.1,315.85
Cosmópolis (SP),77.57,9.19,5.09,829.25
Cosmorama (SP),75.96,13.3,9.48,643.1
Costa Marques (RO),70.04,25.8,9.39,370.77
Costa Rica (MS),73.64,20.2,9.91,693.05
Cotegipe (BA),69.77,28.1,32.75,237.5
Cotia (SP),76.05,11.93,4.67,1085.66
Cotiporã (RS),75.07,13.5,4.76,943.48
Cotriguaçu (MT),74.51,16.1,9.95,387.24
Couto de Magalhães de Minas (MG),73.4,17.9,12.52,333.91
Couto Magalhães (TO),70.6,24.8,18.82,284.33
Coxilha (RS),76.93,10.3,7.23,596.9
Coxim (MS),75.17,17.5,11.24,703.01
Coxixola (PB),72.63,20,22.8,306.15
Craíbas (AL),66.22,43,42.86,199.54
Crateús (CE),72.24,20.3,26.73,373.18
Crato (CE),74.3,16.48,16.03,470.46
Cravinhos (SP),76.44,12.6,6.71,784.4
Cravolândia (BA),70.88,24.8,30.1,259.87
Criciúma (SC),75.76,12.29,3.15,1062.53
Crisólita (MG),72.96,18.7,38.27,294.11
Crisópolis (BA),70.87,24.8,33.53,232.6
Crissiumal (RS),75.11,12.6,5.07,630.54
Cristais (MG),76.54,13.1,10.4,780.18
Cristais Paulista (SP),73.11,17.8,8.52,721.31
Cristalândia do Piauí (PI),71.18,24.4,27.51,204.49
Cristalândia (TO),73.29,17.8,13.63,495.57
Cristal do Sul (RS),74.56,13.4,13.06,430.67
Cristália (MG),72.71,19.1,21.74,200.51
Cristalina (GO),73.84,16.91,9.81,686.9
Cristal (RS),74.57,13.3,10.09,575.45
Cristiano Otoni (MG),74.39,16.3,6.49,458.68
Cristianópolis (GO),75.3,12.8,7.81,635.46
Cristina (MG),75.53,14.5,9.94,442.25
Cristinápolis (SE),70.27,26.7,33.18,229.99
Cristino Castro (PI),67.77,35.2,26.96,307.32
Cristópolis (BA),70.93,24.6,32.98,239.23
Crixás do Tocantins (TO),72.86,18.8,11.25,341.27
Crixás (GO),73.31,17.5,12.82,645.4
Croatá (CE),70.58,24.8,38.92,176.12
Cromínia (GO),73.16,15.8,11.79,592.36
Crucilândia (MG),73.97,17,14.61,464.17
Cruzália (SP),76.18,13,8.13,614.17
Cruz Alta (RS),76.49,11.6,4.72,871.81
Cruzaltense (RS),75.92,11.5,7.26,723.18
Cruz (CE),70.13,26.1,27.07,282.51
Cruz das Almas (BA),72.74,19.8,12.6,481.8
Cruz do Espírito Santo (PB),71.66,22.6,35.59,217.47
Cruzeiro da Fortaleza (MG),74.94,15.4,11.65,707.8
Cruzeiro do Iguaçu (PR),72.54,16.2,13.78,636.1
Cruzeiro do Oeste (PR),74.5,13.4,13.37,617.44
Cruzeiro do Sul (AC),71.58,23.38,20.36,450.06
Cruzeiro do Sul (PR),74.65,13.2,12.84,558.9
Cruzeiro do Sul (RS),74.98,12.8,4.01,832.23
Cruzeiro (SP),77.28,11.5,2.99,809.24
Cruzeta (RN),69.89,27,23.75,339.38
Cruzília (MG),76.17,13.6,11.09,520.72
Cruz Machado (PR),75.67,11.8,6.33,414.98
Cruzmaltina (PR),71.05,19.9,18.38,456.21
Cubatão (SP),74.23,16.17,5.62,689.21
Cubati (PB),69.51,28.9,29.46,237.71
Cuiabá (MT),75.01,15.49,4.47,1161.49
Cuité de Mamanguape (PB),65.96,41.4,44.17,214.92
Cuitegi (PB),68.94,30.7,37.03,265.78
Cuité (PB),70.96,24.5,33.76,284.57
Cujubim (RO),72.33,19.6,13.01,495.31
Cumari (GO),74.16,14.3,9.4,819.81
Cumaru do Norte (PA),72.71,19.4,26.19,417.06
Cumaru (PE),68.18,32.8,34.37,249.32
Cumbe (SE),69.9,27.9,28.85,288.67
Cunha Porã (SC),73.24,16.2,5.19,821.86
Cunha (SP),74.54,15.4,11.15,525.19
Cunhataí (SC),78.17,9.5,4.28,1009.05
Cuparaque (MG),72.85,18.8,23.1,381.64
Cupira (PE),70.8,24.6,33.09,336.81
Curaçá (BA),71.68,22.5,26.76,236.77
Curimatá (PI),69.47,29.5,19.98,285.52
Curionópolis (PA),73.53,17.4,19.71,319.35
Curitibanos (SC),75.78,12.5,8.48,687.47
Curitiba (PR),76.3,11.91,2.22,1581.04
Curiúva (PR),72.7,16,14.65,455.24
Currais Novos (RN),72.62,21.69,19.05,526.96
Currais (PI),69.55,29.2,35.25,168.68
Curral de Cima (PB),67.89,34.3,44.24,214.4
Curral de Dentro (MG),70.51,23.2,26.6,279.64
Curralinho (PA),71.15,23.5,23.32,188.88
Curralinhos (PI),70.7,25.7,33.43,193.65
Curral Novo do Piauí (PI),66.1,41.5,38.89,186.24
Curral Velho (PB),69.36,29.4,37.76,362.28
Curuá (PA),71.8,21.7,15.77,180.94
Curuçá (PA),70.48,25.4,11.73,233.96
Cururupu (MA),71.06,26.1,18.86,274.39
Curvelândia (MT),73.63,17.6,16.27,480.92
Curvelo (MG),76.05,13.8,8.35,581.65
Custódia (PE),67.33,35.7,28.93,350
Cutias (AP),70.58,23,12.5,287.41
Damianópolis (GO),73.91,14.7,20.91,364.51
Damião (PB),68.2,33.2,43.04,182.89
Damolândia (GO),74.14,14.4,13.87,578.93
Darcinópolis (TO),70.83,24.2,22.09,327.64
Dário Meira (BA),71.27,23.7,36.96,206.16
Datas (MG),70.36,23.5,11.62,313.84
David Canabarro (RS),77.2,10,7.86,798.91
Davinópolis (GO),76.72,11,15.69,632.22
Davinópolis (MA),69.84,29.9,27.18,263.12
Delfim Moreira (MG),75.2,15,9.82,454.36
Delfinópolis (MG),77.31,12,11.01,632.28
Delmiro Gouveia (AL),71.42,25.1,24.97,332.13
Delta (MG),73.46,17.8,13.92,523.34
Demerval Lobão (PI),71.88,22.4,27,311.48
Denise (MT),73.09,18.5,15.37,524.91
Deodápolis (MS),73.6,20.3,13.98,596.5
Deputado Irapuan Pinheiro (CE),69.52,27.9,35.13,233.15
Derrubadas (RS),75.74,11.8,10.5,497.31
Descalvado (SP),76.92,11,5.8,798.74
Descanso (SC),76.22,11.9,5.66,804.31
Descoberto (MG),72.85,18.9,9.02,477.97
Desterro de Entre Rios (MG),73.14,18.4,15.22,348.88
Desterro do Melo (MG),73.53,17.7,18.76,373.25
Desterro (PB),68.43,32.4,27.86,247.16
Dezesseis de Novembro (RS),73.55,14.8,13.17,391.3
Diadema (SP),75.65,13.94,4.59,694.55
Diamante D'Oeste (PR),71.57,19,18.29,447.57
Diamante do Norte (PR),74.46,13.4,12.03,619.39
Diamante do Sul (PR),71.62,17.7,21.23,344.73
Diamante (PB),69.89,27.7,32.41,264.08
Diamantina (MG),75.33,14.8,9.97,597.41
Diamantino (MT),74.87,15.6,7.44,681.66
Dianópolis (TO),74.34,15.4,13.68,528.6
Dias D'Ávila (BA),73.66,17.5,8.74,460.6
Dilermando de Aguiar (RS),76.85,10.4,14.6,553.74
Diogo de Vasconcelos (MG),73.63,17.5,18.87,291.48
Dionísio Cerqueira (SC),74.17,14.8,10.92,636.41
Dionísio (MG),74.24,16.5,12.43,461.02
Diorama (GO),75.48,12.5,13.69,494.6
Dirce Reis (SP),75.54,13.9,14.77,570.51
Dirceu Arcoverde (PI),68.06,34.2,31.06,265.3
Divina Pastora (SE),70.17,27,25.21,278.62
Divinésia (MG),72.11,20.2,9.91,441.49
Divino das Laranjeiras (MG),73.64,17.5,19.82,388.4
Divino de São Lourenço (ES),74.16,15.2,16.28,383.78
Divinolândia de Minas (MG),73.72,17.4,15.08,340.1
Divinolândia (SP),75.97,13.3,6.69,707.97
Divino (MG),74.36,16.3,15.04,426.94
Divinópolis de Goiás (GO),73.75,14.9,22.9,388.34
Divinópolis do Tocantins (TO),73.97,16.2,17.65,507.04
Divinópolis (MG),75.63,14.59,3.99,868.57
Divisa Alegre (MG),68.39,27.8,24.22,341.94
Divisa Nova (MG),73.03,18.5,14.92,484.91
Divisópolis (MG),73.1,18.4,27.89,290.45
Dobrada (SP),74.1,16.2,16.01,589.47
Dois Córregos (SP),76.17,13,8.7,727.28
Dois Irmãos das Missões (RS),72.81,15.9,13.2,446.59
Dois Irmãos do Buriti (MS),71.4,24.7,13.69,429.18
Dois Irmãos do Tocantins (TO),73.78,16.6,18.67,245.98
Dois Irmãos (RS),75.87,12.4,2.14,921.37
Dois Lajeados (RS),75.19,13.3,5.4,992.68
Dois Riachos (AL),70.74,27.2,41.98,194.81
Dois Vizinhos (PR),76,11.4,7.06,836.1
Dolcinópolis (SP),74.5,15.5,12.85,620.98
Dom Aquino (MT),73.33,18.1,14.99,575.47
Dom Basílio (BA),71.97,21.7,25.28,240.83
Dom Bosco (MG),73.88,17.1,17.04,394.72
Dom Cavati (MG),72.03,20.3,13.33,485.9
Dom Eliseu (PA),70.8,24.5,19.23,348.04
Dom Expedito Lopes (PI),70.69,25.8,28.61,300.31
Dom Feliciano (RS),74.1,14,13.05,409.72
Domingos Martins (ES),74.98,14.1,11.66,551.74
Domingos Mourão (PI),70.28,27,34.03,240.24
Dom Inocêncio (PI),70.33,26.8,27.09,177.27
Dom Joaquim (MG),74.12,16.7,18.1,355.58
Dom Macedo Costa (BA),72.69,19.9,22.59,329.93
Dom Pedrito (RS),75.88,11.6,6.22,686.15
Dom Pedro de Alcântara (RS),74.21,13.8,5.82,611.05
Dom Pedro (MA),70.52,27.7,26.24,298.33
Dom Silvério (MG),75.8,14.1,10.53,488.84
Dom Viçoso (MG),74.12,16.7,10.79,371.63
Dona Emma (SC),76.71,11.3,4.35,918.49
Dona Eusébia (MG),75.45,14.6,9.2,563.76
Dona Francisca (RS),74.84,13,7.68,698.57
Dona Inês (PB),66.41,39.7,42.98,208.12
Dores de Campos (MG),74.4,16.3,7.5,520.98
Dores de Guanhães (MG),74.26,16.5,20.74,361.09
Dores do Indaiá (MG),75.4,14.7,11.72,663.62
Dores do Rio Preto (ES),73.78,15.8,18.84,414.87
Dores do Turvo (MG),74.75,15.7,16.25,363.3
Doresópolis (MG),77.11,12.3,6.97,461.8
Dormentes (PE),69.46,28.6,28.35,257.72
Douradina (MS),73.52,20.5,11.29,648.98
Douradina (PR),74.07,14,10.06,708.51
Douradoquara (MG),75.84,14.1,7.81,640.34
Dourados (MS),75.59,17,5.92,866.4
Dourado (SP),73.66,16.9,8.24,697.37
Doutor Camargo (PR),75.34,12.3,9.29,639.19
Doutor Maurício Cardoso (RS),75.41,12.2,6.62,652.63
Doutor Pedrinho (SC),75.55,12.8,4.05,679.44
Doutor Ricardo (RS),76.3,11.1,7.67,843.35
Doutor Severiano (RN),69.79,27.3,26.78,272.21
Doutor Ulysses (PR),72.45,16.4,19.21,277.33
Doverlândia (GO),75.4,12.6,16.21,563.89
Dracena (SP),75.51,12.9,6.17,862.86
Duartina (SP),75.24,14.4,7.24,688.4
Duas Barras (RJ),72.39,17.9,12.5,540.35
Duas Estradas (PB),72.72,19.8,32.95,269.85
Dueré (TO),75.77,12.4,13.54,467.9
Dumont (SP),75.91,13.4,7.63,705.3
Duque Bacelar (MA),66.56,41.5,35.1,163.87
Duque de Caxias (RJ),75,14.07,5.28,592.81
Durandé (MG),75.54,14.5,19.45,392.68
Echaporã (SP),75.01,14.7,10.47,703.55
Ecoporanga (ES),74.13,15.3,21.79,406.49
Edealina (GO),73.45,15.4,13.07,715.8
Edéia (GO),74.55,13.8,13.3,876.15
Eirunepé (AM),70.37,24.4,36.14,241.86
Eldorado dos Carajás (PA),70.42,25.6,23.21,281.12
Eldorado do Sul (RS),75.66,11.9,4.44,692
Eldorado (MS),74.45,18.8,15.4,530.89
Eldorado (SP),75.82,13.5,12.19,411
Elesbão Veloso (PI),70.5,26.3,38.2,283.38
Elias Fausto (SP),74.32,15.8,7.85,625.66
Eliseu Martins (PI),69.51,29.4,22.99,370.7
Elisiário (SP),74.51,15.5,10.34,666.93
Elísio Medrado (BA),71.6,22.8,27.36,315.04
Elói Mendes (MG),75.26,14.9,12.07,577.5
Emas (PB),71.38,23.4,32.64,251.41
Embaúba (SP),75.42,14.1,8.55,717.97
Embu-Guaçu (SP),75.01,14.7,6.45,676.52
Embu (SP),75.33,13.09,5.25,622.77
Emilianópolis (SP),73.28,17.5,12.26,584.76
Encantado (RS),76.5,11.6,3.39,931.47
Encanto (RN),72.21,20.5,26.28,312.34
Encruzilhada (BA),70.23,26.7,35.67,220
Encruzilhada do Sul (RS),77.5,9.6,11.46,539
Enéas Marques (PR),75.09,12.6,9.37,948.7
Engenheiro Beltrão (PR),74.21,13.8,10.35,629.05
Engenheiro Caldas (MG),73.91,17.1,19.63,407.77
Engenheiro Coelho (SP),73.87,16.5,9.25,707.37
Engenheiro Navarro (MG),72.44,19.6,18.97,332.37
Engenheiro Paulo de Frontin (RJ),73.32,16.5,6.07,529.05
Engenho Velho (RS),74.23,13.8,11.45,775.44
Entre Folhas (MG),72.5,19.5,15.36,373.1
Entre-Ijuís (RS),74.74,13.1,6.48,594.67
Entre Rios (BA),72.12,21.4,19.69,338.53
Entre Rios de Minas (MG),73.14,18.4,8.51,527.33
Entre Rios do Oeste (PR),74.55,13.3,3.39,1013.75
Entre Rios do Sul (RS),76.4,11,9.64,657.86
Entre Rios (SC),73.46,15.8,16.53,423.63
Envira (AM),68.63,29.6,35.05,204.98
Epitaciolândia (AC),71.27,24.1,17.72,467.83
Equador (RN),70.87,24.1,24.68,292.55
Erebango (RS),75.24,12.4,7.29,583.76
Erechim (RS),74.95,12.8,3.42,1038.39
Ererê (CE),70.23,25.8,32.69,246.27
Érico Cardoso (BA),70.47,26,32.52,258.28
Ermo (SC),73.5,15.8,6.37,655.45
Ernestina (RS),76.25,11.1,6.55,634.28
Erval Grande (RS),78.12,9,12.62,677.58
Ervália (MG),74.7,15.8,16.09,429.35
Erval Seco (RS),74.28,13.8,12.53,505.57
Erval Velho (SC),77.07,10.8,8.08,780.33
Escada (PE),71.83,21.7,23.22,322.46
Esmeralda (RS),74.64,13.2,8.69,514.34
Esmeraldas (MG),74.31,16.4,9.28,452.62
Espera Feliz (MG),75.77,14.2,14.82,496.04
Esperança do Sul (RS),72.25,16.8,10.63,502.89
Esperança Nova (PR),72.94,16.7,12.07,584.46
Esperança (PB),71.04,24.3,27.75,330.66
Esperantina (PI),71.15,24.4,31.21,293.39
Esperantina (TO),67.92,33.3,24.93,174.51
Esperantinópolis (MA),67.76,37,33.66,262.41
Espigão Alto do Iguaçu (PR),71.86,18.4,15.18,409.12
Espigão D'Oeste (RO),74.15,15.4,12.18,590.8
Espinosa (MG),73.26,18.2,25.32,299.13
Espírito Santo do Dourado (MG),75.81,14.1,11.87,486.55
Espírito Santo do Pinhal (SP),77.31,11.4,6.02,1048.6
Espírito Santo do Turvo (SP),74.12,16.1,9.55,533.76
Espírito Santo (RN),69.88,27,41.45,243.23
Esplanada (BA),69.38,29.3,23.54,312.58
Espumoso (RS),78.04,9.7,7.94,834.66
Estação (RS),75.55,12.8,3.58,862.69
Estância (SE),71.94,22,19.3,395.41
Estância Velha (RS),78.23,9.5,2.77,848.45
Esteio (RS),75.57,12,2.77,955.86
Estiva Gerbi (SP),73.87,16.5,5.71,686.89
Estiva (MG),75.9,14,9.72,547.01
Estreito (MA),73.02,20.6,16.18,503.29
Estrela Dalva (MG),77.04,12.4,17.54,701.83
Estrela de Alagoas (AL),68.19,35.6,43.59,196.92
Estrela D'Oeste (SP),77.4,11.3,8.65,670.65
Estrela do Indaiá (MG),77.49,11.8,14.35,547.21
Estrela do Norte (GO),75.85,12,16.58,636.54
Estrela do Norte (SP),74.1,16.2,10.02,597.74
Estrela do Sul (MG),75.4,14.7,12.13,600.41
Estrela (RS),75.97,12.2,2.55,1002.78
Estrela Velha (RS),72.5,16.4,9.62,650.28
Euclides da Cunha (BA),69.94,27.6,29.67,269.58
Euclides da Cunha Paulista (SP),73.13,17.8,14.85,493.91
Eugênio de Castro (RS),78.11,9,6.85,613.5
Eugenópolis (MG),75.77,14.2,12.76,486.46
Eunápolis (BA),72.46,20.5,15.86,575.44
Eusébio (CE),72.66,19.2,14.53,623.01
Ewbank da Câmara (MG),74.37,16.3,11.14,391.34
Extrema (MG),75.95,13.9,6.6,745.21
Extremoz (RN),73.5,17.3,18.42,428.65
Exu (PE),71.47,22.7,27.3,234.83
Fagundes (PB),69.91,27.7,34.9,235.02
Fagundes Varela (RS),76.14,11.3,4.21,981.99
Faina (GO),72.94,16.1,19.59,441.39
Fama (MG),76.77,12.7,10.51,624.24
Faria Lemos (MG),73,18.6,15.3,544.77
Farias Brito (CE),71.41,22.5,30.03,231.88
Farol (PR),74.1,13.9,16.16,521.09
Faro (PA),70.35,25.8,11.68,180.47
Farroupilha (RS),76.68,11.3,2.7,1045.05
Fartura do Piauí (PI),69.25,30.2,36.24,186.85
Fartura (SP),77.02,11.8,6.7,618.77
Fátima (BA),66.16,40.7,38.1,250.6
Fátima do Sul (MS),73.92,19.7,12.53,701.87
Fátima (TO),73.75,16.7,16.26,464.94
Faxinal dos Guedes (SC),76.78,11.2,7.45,828.49
Faxinal do Soturno (RS),76.21,11.2,5.43,760.86
Faxinal (PR),72.75,17,14.38,612.79
Faxinalzinho (RS),73.03,15.6,10.18,445.67
Fazenda Nova (GO),74.87,13.4,16.11,519.87
Fazenda Rio Grande (PR),75.84,11.6,4.8,677.31
Fazenda Vilanova (RS),75.45,12.2,6.37,734.82
Feijó (AC),68.35,33.2,37.81,259.43
Feira da Mata (BA),70.77,25.1,24.43,212.22
Feira de Santana (BA),74.2,15.64,9.59,662.24
Feira Grande (AL),69.17,32.2,42.12,193.07
Feira Nova do Maranhão (MA),68.73,33.6,22.02,192.39
Feira Nova (PE),73.43,17.7,31.54,296.5
Feira Nova (SE),71.39,23.5,32.77,238.42
Felício dos Santos (MG),72.61,19.3,19.11,274.2
Felipe Guerra (RN),71.1,23.5,22.7,298.6
Felisburgo (MG),69.66,25,30.06,290.8
Felixlândia (MG),73.9,17.1,10.96,459.52
Feliz Deserto (AL),67.46,38.2,36.39,245.49
Feliz Natal (MT),74.13,16.8,9.41,786.26
Feliz (RS),75.8,12.5,0.97,897.05
Fênix (PR),74.51,13.4,14.38,514.41
Fernandes Pinheiro (PR),72.48,17.4,10.7,446.98
Fernandes Tourinho (MG),73.43,17.9,23.73,351.58
Fernando de Noronha (PE),75.36,13.4,5.1,1034.14
Fernando Falcão (MA),68.67,33.8,41.64,106.99
Fernando Pedroza (RN),68.62,31,31.53,269.67
Fernandópolis (SP),77.31,12.82,6.2,944
Fernando Prestes (SP),76.55,11.5,8.22,832.72
Fernão (SP),75.55,13.9,9.1,510.09
Ferraz de Vasconcelos (SP),74.65,15.49,5.23,587.83
Ferreira Gomes (AP),74.2,14.3,14.74,416.72
Ferreiros (PE),72.24,20.6,30.41,311.83
Ferros (MG),74.24,16.5,23.1,392.08
Fervedouro (MG),72.73,19.1,16.12,301.55
Figueirão (MS),74.79,18.2,11.39,541.93
Figueira (PR),73.05,16.5,15.23,551.93
Figueirópolis D'Oeste (MT),72.16,20.2,13.75,502.34
Figueirópolis (TO),74.32,15.4,18.02,498.31
Filadélfia (BA),68.56,32,24.23,250.08
Filadélfia (TO),72.52,19.7,20.87,291.57
Firmino Alves (BA),66.93,37.8,25.38,325.51
Firminópolis (GO),75.27,12.8,11.49,552.43
Flexeiras (AL),66.59,41.6,35.45,213.44
Floraí (PR),76.15,11.2,8.71,792.48
Florânia (RN),71.51,22.3,24.75,359
Flora Rica (SP),72.74,18.5,15.48,511.8
Flor da Serra do Sul (PR),74.97,12.7,12.07,549.7
Flor do Sertão (SC),72.52,17.3,12.87,778.06
Floreal (SP),73.49,17.2,9.18,663.83
Flores da Cunha (RS),75.95,11.5,3.3,1062.06
Flores de Goiás (GO),72.96,16.1,18.61,301.92
Flores do Piauí (PI),67.26,37.1,34.65,210.02
Flores (PE),69.67,27.9,35.34,236.31
Floresta Azul (BA),68.88,30.9,30.89,242.04
Floresta do Araguaia (PA),72.52,19.9,20.37,283.57
Floresta do Piauí (PI),70.2,27.2,43.61,216.87
Florestal (MG),75.69,14.3,6.93,741.46
Floresta (PE),71.52,22.6,19.89,310.39
Floresta (PR),73.93,14.2,7.5,649.71
Florestópolis (PR),73.44,14.9,13.73,555.82
Floriano Peixoto (RS),76.23,11.2,4.61,626.67
Floriano (PI),73.13,19.1,14.08,536.3
Florianópolis (SC),77.35,10.81,2.14,1798.12
Flórida Paulista (SP),73.44,17.3,10.86,632.97
Flórida (PR),73.96,15.1,9.66,652.52
Florínia (SP),74.19,16,9.88,544.03
Fonte Boa (AM),68.13,31.3,26.62,200.4
Fontoura Xavier (RS),73.69,14.6,18.83,511.46
Formiga (MG),77.43,11.8,6.48,746.8
Formigueiro (RS),75.3,12.4,11.92,586.75
Formosa da Serra Negra (MA),71.41,25,20.43,163.15
Formosa do Oeste (PR),75.17,12.5,10.91,593.44
Formosa do Rio Preto (BA),70.8,25,24.34,287.94
Formosa do Sul (SC),75.71,12.6,8.23,744.5
Formosa (GO),76.14,10.26,9.24,732.24
Formoso do Araguaia (TO),73.05,18.4,13.93,429.17
Formoso (GO),75.03,13.1,14.13,569.96
Formoso (MG),75.04,15.3,21.35,370.41
Forquetinha (RS),78.13,8.9,6.93,812.72
Forquilha (CE),70.62,24.7,28.19,300.9
Forquilhinha (SC),76.64,11.4,4.12,870.85
Fortaleza (CE),74.41,15.76,7.3,846.36
Fortaleza de Minas (MG),73.31,18.1,9.63,562.53
Fortaleza dos Nogueiras (MA),71.38,25.1,17.7,271.6
Fortaleza dos Valos (RS),75.23,12.4,6.74,1021.84
Fortaleza do Tabocão (TO),73.5,17.3,18.97,370
Fortim (CE),69.06,29.4,29.25,264.14
Fortuna de Minas (MG),75.7,14.3,9.19,459.52
Fortuna (MA),67.33,38.6,33.4,257.81
Foz do Iguaçu (PR),76.46,10.83,6.04,842.26
Foz do Jordão (PR),74.7,13.1,11.79,467.65
Fraiburgo (SC),76.58,11.5,7.13,673.84
Franca (SP),75.5,14.3,3.62,846.57
Francinópolis (PI),68.31,33.3,37.16,206.73
Francisco Alves (PR),72.16,17.9,17.17,512.87
Francisco Ayres (PI),70.38,26.7,32.47,268.41
Francisco Badaró (MG),72.57,19.4,24.06,286.56
Francisco Beltrão (PR),75.65,11.7,6.06,895.36
Francisco Dantas (RN),68.91,30,30.86,298.43
Francisco Dumont (MG),72.8,19,20.46,326.7
Francisco Macedo (PI),67.06,37.8,38.42,273.23
Francisco Morato (SP),73.91,16.5,7.45,483.98
Franciscópolis (MG),73.14,18.4,33.19,296.76
Francisco Sá (MG),73.48,17.8,22.58,344.32
Francisco Santos (PI),70.21,27.2,29.79,330.49
Franco da Rocha (SP),76.09,13.1,6.33,632.42
Frecheirinha (CE),69.78,27.2,36.5,246.03
Frederico Westphalen (RS),75.76,12.5,5.08,875.03
Frei Gaspar (MG),72.96,18.7,31.04,275.62
Frei Inocêncio (MG),71.72,20.9,19.13,389.61
Frei Lagonegro (MG),69.96,24.4,24.3,201.83
Frei Martinho (PB),71.18,23.9,31.7,405.38
Frei Miguelinho (PE),70.47,25.5,33.53,286.08
Frei Paulo (SE),71.09,24.3,28.51,386.65
Frei Rogério (SC),73.74,15.4,8.82,498.33
Fronteira dos Vales (MG),73.8,17.3,33.76,255.11
Fronteira (MG),77.28,12,11.17,598.68
Fronteiras (PI),69.86,28.3,30.88,380.62
Fruta de Leite (MG),72.5,19.5,37.41,241.93
Frutal (MG),76.92,12.5,6.86,752.01
Frutuoso Gomes (RN),69.24,29,27.4,269.48
Fundão (ES),75.34,13.6,9.92,657.18
Funilândia (MG),75.66,14.3,13.96,360.59
Gabriel Monteiro (SP),73.54,17.1,9.16,712.72
Gado Bravo (PB),69.22,29.8,35.72,170.29
Gália (SP),74.36,15.7,11.2,565.41
Galiléia (MG),72.71,19.1,20.79,442.14
Galinhos (RN),68.39,31.8,28.62,291.78
Galvão (SC),73.91,15.2,15.28,638.12
Gameleira de Goiás (GO),74.68,13.6,13.11,594.56
Gameleira (PE),70.54,25.3,29.02,231.5
Gameleiras (MG),72.74,19,27.77,258.85
Gandu (BA),71.26,23.7,24.57,442.37
Garanhuns (PE),72.69,19.5,18.69,492.44
Gararu (SE),71.95,22,33.09,236.06
Garça (SP),75.93,13.3,7.76,786.83
Garibaldi (RS),76.35,11,2.75,1355.37
Garopaba (SC),77.07,10.8,8.77,784.88
Garrafão do Norte (PA),70.75,24.7,33.1,229.91
Garruchos (RS),74.96,12.8,13.02,476.17
Garuva (SC),74.82,13.8,5.99,691.98
Gaspar (SC),78.34,9.3,2.58,964.36
Gastão Vidigal (SP),74.03,16.3,9.97,736.47
Gaúcha do Norte (MT),75.79,14.2,23.28,481.01
Gaurama (RS),76.09,12.1,4.24,765.58
Gavião (BA),69.79,28,28.38,271.53
Gavião Peixoto (SP),73.14,17.8,9.54,575.08
Geminiano (PI),70.32,26.9,37.6,208.67
General Câmara (RS),74.92,12.8,10.12,640.45
General Carneiro (MT),74.17,16.7,13.23,441.94
General Carneiro (PR),73.95,14.2,10.78,423.27
General Maynard (SE),71.53,23.1,16.54,354.58
General Salgado (SP),73.5,17.2,8.46,771.92
General Sampaio (CE),69.65,27.5,35.49,242.1
Gentil (RS),76.76,10.5,8.02,662.04
Gentio do Ouro (BA),69.57,28.7,27.49,207.35
Getulina (SP),73.76,16.7,9.54,608.58
Getúlio Vargas (RS),75.55,12.8,4.31,837.17
Gilbués (PI),70.18,27.3,24.86,285.45
Girau do Ponciano (AL),70.72,27.2,39.16,177.55
Giruá (RS),75.52,12.1,7.09,653.18
Glaucilândia (MG),73.72,17.4,14,293.97
Glicério (SP),76.47,12.6,9.46,777.37
Glória (BA),71.51,23,30.18,266.14
Glória de Dourados (MS),74.29,19,11.9,644.1
Glória D'Oeste (MT),74.4,16.3,13.97,564.35
Glória do Goitá (PE),70.88,24.3,32.23,278.33
Glorinha (RS),76.54,10.8,8.46,686.99
Godofredo Viana (MA),70.02,29.3,18.43,225.47
Godoy Moreira (PR),74.66,13.2,16.54,434.45
Goiabeira (MG),72.91,18.8,23.95,398.14
Goianá (MG),75.1,15.2,11.15,558.09
Goiana (PE),71.75,21.9,19.67,364.77
Goianápolis (GO),74.47,13.9,17.55,543.48
Goiandira (GO),75.93,12,8.83,667.11
Goianésia do Pará (PA),69.58,28.2,24.42,303.9
Goianésia (GO),75.39,12.6,10.68,701.38
Goiânia (GO),75.28,13.11,3.46,1348.55
Goianinha (RN),72,21,25.67,377.59
Goianira (GO),74.87,13.3,8.83,529.59
Goianorte (TO),73.31,17.7,17.96,329.64
Goiás (GO),73.27,17.5,13.94,674.54
Goiatins (TO),70.87,24.1,27.64,232.19
Goiatuba (GO),74.47,10.98,10,785.84
Goioerê (PR),75.97,11.5,11.35,707.58
Goioxim (PR),73.75,14.4,13.97,320.16
Gonçalves Dias (MA),70.46,27.9,37.49,233.2
Gonçalves (MG),74.96,15.4,14.08,519.03
Gongogi (BA),71.37,23.4,30.78,234.7
Gonzaga (MG),71.44,21.4,21.28,258.04
Gouveia (MG),74.98,15.4,9.11,382.78
Gouvelândia (GO),73.36,15.5,19.22,549.9
Governador Archer (MA),66.21,42.9,34.14,237.47
Governador Celso Ramos (SC),77.21,10.7,8.2,784.5
Governador Dix-Sept Rosado (RN),70.52,25.1,25.67,267.12
Governador Edison Lobão (MA),70.84,26.7,21.35,312.56
Governador Eugênio Barros (MA),69.15,32.2,38.64,245.38
Governador Jorge Teixeira (RO),70.71,23.9,14.64,396.36
Governador Lindenberg (ES),74.35,15,12.2,515.11
Governador Luiz Rocha (MA),66.51,41.8,33.5,188.68
Governador Mangabeira (BA),70.26,26.6,18.8,322.02
Governador Newton Bello (MA),68.07,35.9,39.63,190.15
Governador Nunes Freire (MA),68.29,35.1,27.87,230.94
Governador Valadares (MG),75.06,14.66,8.06,678.74
Graça Aranha (MA),69.86,29.8,32.07,227.51
Graça (CE),70.28,25.6,39.57,195.67
Gracho Cardoso (SE),68.76,31.5,32.55,264.86
Grajaú (MA),70.21,28.7,24.13,340.1
Gramado dos Loureiros (RS),74.91,12.9,13.96,491.1
Gramado (RS),76.64,10.6,2.96,1045.52
Gramado Xavier (RS),72.5,16.4,10.6,552.44
Grandes Rios (PR),72.92,15.7,19.39,455.19
Granito (PE),71.4,22.9,29.31,234.9
Granja (CE),71.68,21.7,42.37,173.99
Granjeiro (CE),67.88,33.3,33.66,221.14
Grão Mogol (MG),72.44,19.6,20.67,293.87
Grão Pará (SC),75.76,12.5,5.16,845.01
Gravataí (RS),76.74,11.3,3.35,737.29
Gravatal (SC),77.64,10.2,5.77,730.8
Gravatá (PE),72.63,19.6,23.77,402.96
Groaíras (CE),68.41,31.5,27.56,304.64
Grossos (RN),72.39,20,27.26,410.84
Grupiara (MG),75.64,14.4,8.27,548.38
Guabiju (RS),76.4,11.7,4.77,1408.71
Guabiruba (SC),77.53,10.3,2.89,851.75
Guaçuí (ES),75.73,13.1,13.66,587.91
Guadalupe (PI),72.65,20.3,20.01,426.79
Guaíba (RS),74.99,12.8,4.05,758.83
Guaiçara (SP),76.16,13,7.03,610.2
Guaimbê (SP),74.77,15.1,11.98,532.14
Guairaçá (PR),74.74,13.1,15.1,614.06
Guaíra (PR),75.17,12.5,10.1,795.84
Guaíra (SP),74.46,15.6,5.87,901.23
Guaiúba (CE),71.05,23.4,25.12,239.69
Guajará (AM),70.7,23.5,35.2,191.04
Guajará-Mirim (RO),74.39,14.8,8.7,494.69
Guajeru (BA),71.2,23.9,32.39,241.69
Guamaré (RN),71.13,23.4,24.47,407.49
Guamiranga (PR),73.26,15.2,7.92,478.34
Guanambi (BA),72.33,20.8,16.52,496.05
Guanhães (MG),74.22,16.6,12.88,560.99
Guapé (MG),74.86,15.6,9.1,487.68
Guapiaçu (SP),76.93,11.9,7.39,741.42
Guapiara (SP),73.37,17.4,13.77,412.51
Guapimirim (RJ),73.69,16.72,8,594.06
Guapirama (PR),73.32,15.1,13.53,505.91
Guapó (GO),74.58,13.8,11.51,657.02
Guaporema (PR),73.47,14.8,13.07,572.72
Guaporé (RS),75.22,12.5,3.93,1035.41
Guarabira (PB),73.73,17.3,21.61,430.83
Guaraçaí (SP),73.2,17.7,9.42,619.41
Guaraciaba do Norte (CE),71.57,22,31.35,247.55
Guaraciaba (MG),72.61,19.3,18.89,373.48
Guaraciaba (SC),77.28,10.6,6.97,873.67
Guaraciama (MG),73.4,17.9,18.93,306.99
Guaraci (PR),74.27,13.7,12.06,595.93
Guaraci (SP),75.37,14.2,8.78,615.78
Guaraíta (GO),73.95,14.6,11.4,421.71
Guaraí (TO),75.35,13.3,12.1,722.83
Guaramiranga (CE),69.14,29.1,19.47,287.35
Guaramirim (SC),78.08,9.6,3.01,842.24
Guaranésia (MG),75.7,14.3,11.95,598.17
Guaraniaçu (PR),75.44,12.1,11.66,614.94
Guarani das Missões (RS),76.75,10.5,5.1,615.87
Guarani de Goiás (GO),73.81,14.8,24.46,276.13
Guarani D'Oeste (SP),73.34,17.4,11.69,557.58
Guarani (MG),75.96,13.9,12.5,568.73
Guarantã do Norte (MT),74.58,16,8.13,594.14
Guarantã (SP),74.93,14.8,10.59,615.97
Guarapari (ES),75.21,14.43,6.97,830.51
Guarapuava (PR),76.2,10.04,6.42,750.09
Guaraqueçaba (PR),72.54,16.2,16.02,307.8
Guarará (MG),73.1,18.4,9.19,457.9
Guararapes (SP),75.39,14.1,7.12,739.89
Guararema (SP),74.03,16.3,7.65,748.79
Guará (SP),74.55,15.4,10.11,664.56
Guaratinga (BA),70.95,24.6,37.26,258.74
Guaratinguetá (SP),78.17,8.72,3.04,926.78
Guaratuba (PR),74.66,13.2,5.8,782.92
Guarda-Mor (MG),74.76,15.7,11.39,660.72
Guareí (SP),73.27,17.5,8.22,594.42
Guaribas (PI),67.63,35.7,39.24,162.06
Guariba (SP),73.63,16.9,10.55,671.34
Guarinos (GO),73.91,14.7,14.9,343.74
Guarujá do Sul (SC),75,13.6,6.81,759.66
Guarujá (SP),76.23,13.19,5.39,745
Guarulhos (SP),74.83,13.34,4.31,829.91
Guatambú (SC),74.37,14.5,11.06,687.32
Guatapará (SP),74.34,15.8,10.53,723.83
Guaxupé (MG),77.81,11.3,6.33,746.7
Guia Lopes da Laguna (MS),74.56,18.6,14.62,541.87
Guidoval (MG),75.22,15,11.71,512.85
Guimarães (MA),71.31,25.3,17.21,223.14
Guimarânia (MG),74.51,16.1,9.7,552.31
Guiratinga (MT),73.8,17.3,13.57,542.02
Guiricema (MG),73.74,17.4,13.58,469.56
Gurinhatã (MG),76.88,12.6,15.66,587.76
Gurinhém (PB),68.67,31.6,40.7,235.88
Gurjão (PB),68.76,31.3,22.31,288.53
Gurupá (PA),71.59,22.3,27.26,191.06
Gurupi (TO),75.6,12.7,6.84,778.9
Guzolândia (SP),73.49,17.2,14.44,537.05
Harmonia (RS),75.47,12.9,2.22,840.55
Heitoraí (GO),73.81,14.8,14,487.99
Heliodora (MG),74.29,16.4,13.81,474
Heliópolis (BA),69.88,27.8,34.97,241.36
Herculândia (SP),73.52,17.1,9.67,549.27
Herval D'Oeste (SC),76.51,11.6,5.1,799.29
Herval (RS),75.59,12,7.95,752.24
Herveiras (RS),72.5,16.4,10.74,516.11
Hidrolândia (CE),71.48,22.3,32.69,243.41
Hidrolândia (GO),74.64,13.7,7.54,651.41
Hidrolina (GO),74.46,13.9,12,461.13
Holambra (SP),77.66,10.1,5.72,1274.53
Honório Serpa (PR),73.44,14.9,10.21,443.83
Horizonte (CE),72.3,20.1,16.74,322.78
Horizontina (RS),76.47,10.9,3.03,1037.04
Hortolândia (SP),76.51,12.18,4.94,686.96
Hugo Napoleão (PI),71.57,23.2,34.28,214.09
Hulha Negra (RS),72.75,16,9.39,465.17
Humaitá (AM),72.47,18.9,18.54,382.13
Humaitá (RS),75.21,13.3,3.73,759.99
Humberto de Campos (MA),70.55,27.6,25.99,125.91
Iacanga (SP),76.03,12.2,7.31,712.15
Iaciara (GO),74.53,13.8,21.2,368.39
Iacri (SP),76.42,12.6,10.41,628.14
Iaçu (BA),66.81,38.2,27.31,311.24
Iapu (MG),74.12,16.7,17.59,427.85
Iaras (SP),75.87,13.4,8.22,497.81
Iati (PE),71.09,23.7,42.46,200.95
Ibaiti (PR),73.77,14.4,12.38,787.74
Ibarama (RS),72.5,16.4,7.19,572.6
Ibaretama (CE),70.52,25,37.54,199.63
Ibateguara (AL),66.06,43.6,42.28,199.68
Ibaté (SP),73.81,16.6,7.79,552.79
Ibatiba (ES),74.8,14.4,19.17,458.35
Ibema (PR),72.16,17.9,13.08,499.24
Ibertioga (MG),75.01,15.3,14.97,347.21
Ibiaçá (RS),78.28,9.4,7.05,940.93
Ibiaí (MG),72.71,19.1,20.28,269.24
Ibiá (MG),77.62,11.6,6.83,781.68
Ibiam (SC),74.2,14.7,6.62,786.22
Ibiapina (CE),71.04,23.5,28,258.57
Ibiara (PB),71.08,24.2,40.69,242.08
Ibiassucê (BA),72.32,20.8,22.48,350.98
Ibicaraí (BA),70.81,25,23.03,354.75
Ibicaré (SC),74.53,14.2,7.1,768.67
Ibicoara (BA),68.86,31,17.7,300.89
Ibicuí (BA),71.78,22.3,27.63,307.49
Ibicuitinga (CE),70.5,25,31.57,196.54
Ibimirim (PE),67.33,35.7,34.89,220.98
Ibipeba (BA),69.61,28.6,19.57,290.82
Ibipitanga (BA),70.42,26.1,30.38,249.32
Ibiporã (PR),74.26,14.6,7.89,706.25
Ibiquera (BA),71.28,23.6,32.37,199.55
Ibiracatu (MG),72.17,20.1,28.18,225.72
Ibiraci (MG),76.28,13.4,10.03,609.71
Ibiraçu (ES),75.08,14,8.64,764.33
Ibiraiaras (RS),75.09,12.6,6.32,795
Ibirajuba (PE),70.16,26.5,38,238.23
Ibirama (SC),75.87,12.4,3.9,844.25
Ibirapitanga (BA),69.87,27.8,34.91,261.88
Ibirapuã (BA),71.43,23.2,24.72,431.31
Ibirapuitã (RS),74.66,13.2,10.64,544.81
Ibirarema (SP),74.03,16.3,7.25,593.7
Ibirá (SP),75.48,14,8.92,803.36
Ibirataia (BA),72.33,20.8,31.11,278.69
Ibirité (MG),75.41,14.7,6.37,525.64
Ibirubá (RS),75.88,11.6,3.6,1062.3
Ibitiara (BA),69.61,28.6,25.09,244.68
Ibitinga (SP),75.76,13.6,5.76,791.99
Ibitirama (ES),74.24,15.1,20.38,353.86
Ibititá (BA),69.82,28,24.75,250.63
Ibitiúra de Minas (MG),73.14,18.4,12.16,479.81
Ibituruna (MG),74.39,16.3,11.41,426.36
Ibiúna (SP),74.91,16.03,9.23,624.55
Ibotirama (BA),71.78,22.3,19.47,337.12
Icapuí (CE),70.44,25.2,27.79,280.79
Icaraí de Minas (MG),72.96,18.7,16.9,277.4
Icaraíma (PR),72.51,16.3,12.89,525.92
Içara (SC),76.67,11.4,4.47,759.54
Icatu (MA),68.59,34.1,24.67,154.09
Icém (SP),73.34,17.4,7.3,690.78
Ichu (BA),71.23,23.8,15.2,296.17
Icó (CE),68.88,30,34.96,274.01
Iconha (ES),74.77,14.4,8.74,660.78
Ielmo Marinho (RN),70.93,24,30.42,204.5
Iepê (SP),73.85,16.6,8.71,623.96
Igaci (AL),71.45,25,41.03,241.17
Igaporã (BA),70.98,24.5,21.92,306.74
Igaraçu do Tietê (SP),75.3,14.3,10.05,590.77
Igaracy (PB),72.65,20,34.75,286.68
Igarapava (SP),75.08,13.5,8.56,1228.09
Igarapé-Açu (PA),69.55,28.3,16.87,293.71
Igarapé do Meio (MA),66.21,42.9,31.11,216.25
Igarapé Grande (MA),69.83,29.9,30.66,292.16
Igarapé (MG),75.63,14.4,7.82,570.58
Igarapé-Miri (PA),71.18,23.5,20.56,196.34
Igarassu (PE),71.83,21.7,15.12,384.1
Igaratá (SP),76.28,12.8,10.63,561.31
Igaratinga (MG),75.54,14.5,7.62,556.96
Igrapiúna (BA),72.32,20.8,26.87,269.34
Igreja Nova (AL),71.23,25.7,40.07,254.34
Igrejinha (RS),77.53,9.6,3.73,848.23
Iguaba Grande (RJ),75.44,13.5,4.46,818.01
Iguaí (BA),72.18,21.2,32.47,258.8
Iguape (SP),75.84,13.5,8.47,588.36
Iguaraci (PE),71.19,23.5,30.37,295.88
Iguaraçu (PR),74.95,12.8,10.33,678.32
Iguatama (MG),74.51,16.1,5.85,604.59
Iguatemi (MS),73.99,19.6,13.76,519.03
Iguatu (CE),73.48,17.2,24.89,434.67
Iguatu (PR),73.74,14.5,12.83,523.94
Ijaci (MG),75.37,14.8,7.36,495.95
Ijuí (RS),76.48,10.8,4.38,1066.65
Ilhabela (SP),75.56,12.8,5.51,794.57
Ilha Comprida (SP),74.36,15.7,5.29,608.83
Ilha das Flores (SE),69.1,30.4,27.55,195.64
Ilha de Itamaracá (PE),73.55,17.4,16.22,394.85
Ilha Grande (PI),67.48,36.3,28.59,221.81
Ilha Solteira (SP),77.24,11.5,4.5,1063.04
Ilhéus (BA),73.47,18,13.25,579.46
Ilhota (SC),77.95,9.8,5.63,853.29
Ilicínea (MG),74.61,15.9,10.14,500.79
Ilópolis (RS),76.94,11,7.09,884.57
Imaculada (PB),67.87,34.3,33.36,208.83
Imaruí (SC),75.01,13.6,12.89,516.73
Imbaú (PR),72.12,16.9,17.68,418.52
Imbé de Minas (MG),69.66,25,18.6,281.68
Imbé (RS),75.82,11.7,3.12,1359.66
Imbituba (SC),77.09,10.8,6.23,768.81
Imbituva (PR),74.66,13.2,6.24,553.65
Imbuia (SC),75.38,13,6.95,688.57
Imigrante (RS),75.61,12.7,1.37,928
Imperatriz (MA),73.17,19.52,11.67,613.87
Inaciolândia (GO),74.34,14.1,20.78,560.52
Inácio Martins (PR),70.91,18.9,11.95,385.92
Inajá (PE),67.66,34.5,37.7,182.73
Inajá (PR),73.44,14.9,15.53,538.69
Inconfidentes (MG),75.59,14.4,9.07,579.13
Indaiabira (MG),73.26,18.2,35.35,286.93
Indaial (SC),77.39,10.4,3.06,945.33
Indaiatuba (SP),75.22,13.37,3.55,1098.31
Independência (CE),70.51,25,30.93,262.34
Independência (RS),73.8,14.4,8.33,665.99
Indiana (SP),75.56,13.9,6.95,681.29
Indianópolis (MG),75.06,15.2,11.82,499.36
Indianópolis (PR),75.1,12.6,10.92,652.36
Indiaporã (SP),75.11,14.6,11.92,680.85
Indiara (GO),75.19,12.9,13.11,598.96
Indiaroba (SE),71.31,23.7,29.45,220.89
Indiavaí (MT),75.46,14.7,15.21,443.9
Ingaí (MG),76.45,13.2,8.7,602.08
Ingá (PB),71.07,24.2,39.27,282.85
Ingazeira (PE),70.96,24.1,28.97,286.41
Inhacorá (RS),73.43,15,11.23,448.48
Inhambupe (BA),70.43,26.1,27.62,254.99
Inhangapi (PA),69.88,27.2,17,245.7
Inhapi (AL),68.09,36,43.74,180.64
Inhapim (MG),74.72,15.8,16.3,434.81
Inhaúma (MG),75.71,14.3,9.14,477.55
Inhuma (PI),71.33,23.9,29.65,263.73
Inhumas (GO),75.49,12.5,10.54,697.81
Inimutaba (MG),73.61,17.6,13.32,389.93
Inocência (MS),75.76,16.5,14.43,633.12
Inúbia Paulista (SP),75.95,13.3,10.23,576.91
Iomerê (SC),78.44,9.2,3.11,873.9
Ipaba (MG),74.72,15.8,12.67,403.9
Ipameri (GO),74.39,14,10.37,666.96
Ipanema (MG),75.87,14,15.06,518.1
Ipanguaçu (RN),69.63,27.8,29.62,273.8
Ipaporanga (CE),70.93,23.8,37.28,182.11
Ipatinga (MG),76.85,13.22,5.3,862.91
Ipaumirim (CE),68.72,30.5,29.15,380.61
Ipaussu (SP),74.66,15.3,7.45,677.42
Ipecaetá (BA),71.53,23,28.6,186.54
Iperó (SP),73.86,16.6,5.32,551.75
Ipê (RS),74.88,12.9,6.62,856.32
Ipeúna (SP),75.7,12.6,6.13,785.15
Ipiaçu (MG),73.82,17.2,16.92,550.98
Ipiaú (BA),72.74,19.8,21.3,573.36
Ipiguá (SP),75.33,14.2,7.3,608.53
Ipirá (BA),69.89,27.7,29.68,274.88
Ipiranga de Goiás (GO),73.94,14.7,13.4,436.1
Ipiranga do Norte (MT),73.39,18,5.61,812.25
Ipiranga do Piauí (PI),70.89,25.2,24.25,261.12
Ipiranga do Sul (RS),76.94,10.3,3.33,1301.23
Ipiranga (PR),74.66,13.2,8.15,564.83
Ipira (SC),75.25,13.2,5.28,725.68
Ipixuna (AM),71.32,21.8,40.62,154.54
Ipixuna do Pará (PA),70.44,25.6,24.57,188.48
Ipojuca (PE),71.44,22.8,22.12,362.68
Iporã do Oeste (SC),75.81,12.5,3.53,815.06
Iporá (GO),75.41,12.6,12.67,757.39
Iporanga (SP),73.96,16.4,13.71,421.14
Iporã (PR),74.75,13,12.92,608.93
Ipuaçu (SC),72.4,17.6,12.12,530.81
Ipuã (SP),75.9,13.4,9.7,900.48
Ipubi (PE),67.72,34.3,32.47,231.47
Ipu (CE),70.69,24.5,30.53,301.38
Ipueira (RN),72.27,20.4,25.07,395.09
Ipueiras (CE),69.1,29.2,35.05,222.22
Ipueiras (TO),72.81,18.9,17.07,288.55
Ipuiúna (MG),76.98,12.4,12.65,719.24
Ipumirim (SC),76.18,12,5.34,837.81
Ipupiara (BA),69.16,30,17.04,258.3
Iracema (CE),68.97,29.7,28.37,328.61
Iracema do Oeste (PR),75.14,12.5,17.2,524.51
Iracemápolis (SP),76.76,11.2,3.6,808.74
Iracema (RR),73.61,15.9,31.57,261.18
Iraceminha (SC),75.71,12.6,7.58,663.24
Iraí de Minas (MG),75.84,14.1,9.21,642.98
Iraí (RS),74.12,14,10.03,564.49
Irajuba (BA),71.57,22.8,29.87,236.16
Iramaia (BA),69.37,29.4,26.41,234.91
Iranduba (AM),72.94,17.8,14.38,349.23
Irani (SC),75.84,12.4,7.84,686.25
Irapuã (SP),75.63,13.8,10.6,579.58
Irapuru (SP),75.33,14.2,10.86,589.82
Iraquara (BA),69.95,27.6,19.35,242.58
Irará (BA),73.53,17.8,25.47,308.34
Irati (PR),75.11,13.4,4.84,685.81
Irati (SC),75.15,13.4,12.39,601.25
Irauçuba (CE),70.28,25.6,30.66,211.75
Irecê (BA),71.53,23,14.36,488.15
Iretama (PR),73.67,14.6,18.17,608.11
Irineópolis (SC),75.17,13.3,7.53,708.34
Irituia (PA),70.75,24.7,21.43,224.25
Irupi (ES),72.9,17.1,19.84,481.28
Isaías Coelho (PI),71,24.9,37.88,397.98
Israelândia (GO),74.88,13.3,13.78,498.82
Itaara (RS),75.46,12.1,6.08,913.96
Itabaiana (PB),68.63,31.8,29.14,319.34
Itabaiana (SE),73.03,15.52,23.46,443.39
Itabaianinha (SE),70.66,25.6,32.31,253.22
Itabela (BA),70.08,27.2,28.06,365.39
Itaberaba (BA),71.12,24.1,19.2,422.79
Itaberaí (GO),74.65,13.7,11.08,773.67
Itaberá (SP),73.18,17.7,9.25,462.03
Itabira (MG),77.37,11.18,6.69,744.61
Itabirinha (MG),75.3,14.9,21.79,390.33
Itabirito (MG),74.68,15.8,4.23,784.55
Itabi (SE),69.86,28,33.57,276.77
Itaboraí (RJ),73.75,15.04,6.98,584.35
Itabuna (BA),73.42,18.1,10.94,605.12
Itacajá (TO),72.87,18.8,19.37,304.55
Itacambira (MG),72.44,19.6,17.5,277.92
Itacarambi (MG),72.22,20,19.43,321.22
Itacaré (BA),73.42,18.1,24.63,323.3
Itacoatiara (AM),73.66,15.31,9.94,373.71
Itacuruba (PE),67.7,34.4,23.05,271.71
Itacurubi (RS),73.25,15.2,8.89,593.23
Itaeté (BA),68.15,33.4,29.27,224.79
Itagibá (BA),71.2,23.9,28.46,270.27
Itagi (BA),66.62,38.9,33.68,234.8
Itagimirim (BA),74.24,16.2,30.16,339.65
Itaguaçu da Bahia (BA),69.42,29.2,31.41,245.68
Itaguaçu (ES),73.1,16.8,14.21,522.25
Itaguaí (RJ),73.84,15.7,5.76,635.5
Itaguajé (PR),72.43,17.5,12.3,523.98
Itaguara (MG),75.14,15.1,8.57,610.65
Itaguari (GO),74.02,14.5,15.97,560.17
Itaguaru (GO),74.65,13.6,15,580.67
Itaguatins (TO),72.94,18.6,26.72,281.62
Itaíba (PE),66.25,39.7,42.95,218.32
Itaiçaba (CE),70.5,25,24.52,296.81
Itainópolis (PI),68.5,32.7,39.91,237.76
Itaiópolis (SC),75.17,13.3,4.99,625.36
Itaipava do Grajaú (MA),68.58,34.1,37.46,136.77
Itaipé (MG),70.52,23.2,27.2,277.8
Itaipulândia (PR),75.87,11.6,8.18,1019.87
Itaí (SP),74.77,15.1,8.76,594.77
Itaitinga (CE),71.05,23.4,18.53,300.15
Itaituba (PA),72.97,17.29,15.13,440.6
Itajá (GO),75.08,13.1,11.6,592.1
Itajaí (SC),78.02,10.2,3.13,1014
Itajá (RN),71.11,23.5,27.39,306
Itajobi (SP),74.94,14.8,8,739.45
Itajubá (MG),78.06,10.5,4.14,948.2
Itaju do Colônia (BA),68.45,32.4,27.77,276.93
Itajuípe (BA),70.52,25.8,23.42,354.2
Itaju (SP),74.39,15.7,8.12,609.08
Italva (RJ),72.52,17.7,11.61,593.88
Itamaraju (BA),71.04,24.3,23.98,432.95
Itamarandiba (MG),72.86,18.8,20.55,374.21
Itamarati (AM),71.32,21.8,40.71,214.95
Itamarati de Minas (MG),75.45,14.6,7.94,540.7
Itamari (BA),67.77,34.7,30.39,325
Itambacuri (MG),72.05,20.3,23.02,370.48
Itambaracá (PR),72.34,16.6,16.43,499.63
Itambé (BA),69.99,27.4,26.75,312.32
Itambé do Mato Dentro (MG),74.39,16.3,20.41,345.17
Itambé (PE),68.59,31.4,32.9,271
Itambé (PR),76.26,11.1,12.54,588.49
Itamogi (MG),73.61,17.6,11.38,502.2
Itamonte (MG),76.17,13.6,6.38,604.91
Itanagra (BA),72.73,19.8,27.19,289.16
Itanhaém (SP),74.36,15.7,6.2,690.67
Itanhandu (MG),77.23,12.1,4.88,706.47
Itanhangá (MT),76.37,13.3,8.59,620.06
Itanhém (BA),72.41,20.6,26.72,388.04
Itanhomi (MG),74.85,15.6,18.76,474.77
Itaobim (MG),72.19,20,22.6,362.88
Itaocara (RJ),74.18,15.2,11.66,607.18
Itaóca (SP),72.2,19.4,16.94,395.32
Itapaci (GO),75.61,12.4,13.88,705.2
Itapagé (CE),70.57,24.8,25.47,263.18
Itapagipe (MG),76.64,12.9,6.84,741.95
Itaparica (BA),74.56,15.4,8.03,476.99
Itapé (BA),70.66,25.4,24.93,285.13
Itapebi (BA),68.08,33.6,32.14,273.69
Itapecerica da Serra (SP),76.09,13.01,5.96,619.82
Itapecerica (MG),75.73,14.2,11.71,594.71
Itapecuru Mirim (MA),69.81,30,29.42,221.87
Itapejara D'Oeste (PR),74.67,13.2,7.85,674.12
Itapema (SC),77.86,9.9,2.96,1078.48
Itapemirim (ES),73.5,16.2,12.34,428.61
Itaperuçu (PR),71.72,17.5,11.75,468.04
Itaperuna (RJ),75.24,12.66,8.01,688.83
Itapetim (PE),67.25,36,27.27,331.14
Itapetinga (BA),72.39,20.7,15.81,506.76
Itapetininga (SP),76.86,11.95,4.92,741.64
Itapeva (MG),77.69,11.5,10.97,620.04
Itapeva (SP),73.18,17.7,6.67,630.48
Itapevi (SP),76.28,12.5,5.75,575.72
Itapicuru (BA),67.63,35.2,41.92,185.7
Itapipoca (CE),70.63,24.6,24.74,264.08
Itapiranga (AM),72.54,18.7,9.26,321.94
Itapiranga (SC),75.5,12.9,3.47,942.44
Itapirapuã (GO),73.95,14.6,17.73,518.21
Itapirapuã Paulista (SP),73.96,16.4,14.23,323.42
Itapira (SP),76.1,13.1,6.05,849.81
Itapiratins (TO),72.77,19.1,20.92,357.54
Itapissuma (PE),70.85,24.4,19.79,312.47
Itapitanga (BA),70.81,25,27.63,225.1
Itapiúna (CE),71.49,22.3,33.35,209.53
Itapoá (SC),77.41,10.4,4.06,793.24
Itápolis (SP),75.14,14.5,7.33,787.75
Itaporã do Tocantins (TO),75.53,12.9,20.47,363.13
Itaporã (MS),73.54,20.4,12.91,487.51
Itaporanga D'Ajuda (SE),71.72,22.6,26.54,242.62
Itaporanga (PB),69.54,28.8,24.26,349.02
Itaporanga (SP),75.11,14.6,11.39,552.76
Itapororoca (PB),70.41,26.2,36.02,235.44
Itapuã do Oeste (RO),70.08,25.7,14.24,411.36
Itapuca (RS),75.02,12.7,9.85,660.33
Itapuí (SP),75.47,14,6.24,687.46
Itapuranga (GO),75.22,12.9,15.17,621.79
Itapura (SP),73.75,16.7,12.12,556.29
Itaquaquecetuba (SP),75.66,15.5,6.04,502.85
Itaquara (BA),70.75,25.2,36.64,229.04
Itaquiraí (MS),71.3,25,18.25,442.57
Itaqui (RS),75.6,12,6.58,576.71
Itaquitinga (PE),67.87,33.8,29.71,251.09
Itarana (ES),73.51,16.2,10.7,607.49
Itarantim (BA),70.93,24.6,24.73,352.74
Itararé (SP),73.18,17.7,7.01,510.2
Itarema (CE),70.2,25.9,29.46,214.89
Itariri (SP),75.21,14.4,10.02,434.58
Itarumã (GO),76.63,12.4,13.22,960.55
Itá (SC),77.73,10,6.45,836.69
Itatiaia (RJ),75.16,13.8,6.16,773.48
Itatiaiuçu (MG),75,15.3,10.23,490.54
Itatiba do Sul (RS),73.03,15.6,12.15,607.67
Itatiba (SP),75.64,14.09,4.07,1080.74
Itatim (BA),71.93,21.8,25.19,245.37
Itatinga (SP),75.44,14.1,8.67,568.58
Itatira (CE),69.79,27.1,35.73,196.02
Itati (RS),74.61,13.3,13.67,592.8
Itatuba (PB),69.51,28.9,40.76,244.16
Itaubal (AP),70.46,23.3,15.45,213.26
Itaúba (MT),73.53,17.7,13.92,680.94
Itauçu (GO),75,13.2,12.92,611.99
Itaú de Minas (MG),76.74,12.8,5.24,913.39
Itaueira (PI),68.64,32.2,29.65,321.64
Itaúna do Sul (PR),72.89,15.7,20.77,460.51
Itaúna (MG),76.02,14.68,4.42,847.74
Itaú (RN),68.62,31,23.93,310.63
Itaverava (MG),73.63,17.5,16.82,363.06
Itinga do Maranhão (MA),70.85,26.7,25.55,336.91
Itinga (MG),72.83,18.9,24.12,260
Itiquira (MT),73.73,17.4,7.71,602.03
Itirapina (SP),73.77,16.7,9.13,772.14
Itirapuã (SP),74.55,15.4,9.17,526.62
Itiruçu (BA),70.7,25.3,26.43,309.83
Itiúba (BA),71.47,23.1,28.54,205.18
Itobi (SP),74.19,16,8.64,611.41
Itororó (BA),69.31,29.5,26.17,330
Ituaçu (BA),71.22,23.8,27.75,269.3
Ituberá (BA),71.11,24.1,22.14,337.03
Itueta (MG),74.51,16.1,16.41,429.77
Ituiutaba (MG),75.37,14.2,8.94,824.46
Itumbiara (GO),75.3,13.46,8.31,821.43
Itumirim (MG),75.39,14.7,6.29,533.39
Itupeva (SP),75.63,12.7,4.94,848.65
Itupiranga (PA),69.73,27.7,25.13,234.25
Ituporanga (SC),77.58,10.2,4.93,844.05
Iturama (MG),75.88,14,9.23,753.23
Itu (SP),76.23,12.9,4.67,1038.14
Itutinga (MG),77.67,11.5,6.9,634.33
Ituverava (SP),75.47,12.9,6.9,950.39
Iuiú (BA),69.37,29.4,28.57,249.32
Iúna (ES),74.74,14.4,16.24,501.21
Ivaiporã (PR),74.63,13.2,12.32,666.73
Ivaí (PR),72.48,17.4,8.96,469.13
Ivaté (PR),73.2,16.2,10.87,563.82
Ivatuba (PR),75.2,12.4,8.33,699.09
Ivinhema (MS),75.98,16.1,10.62,685.17
Ivolândia (GO),74.52,13.8,14.92,551.05
Ivorá (RS),78.13,8.9,5.17,670.27
Ivoti (RS),75.88,11.6,1.96,1025.02
Jaboatão dos Guararapes (PE),74.82,15.95,9.62,593.9
Jaborandi (BA),72.44,20.5,27.82,281.14
Jaborandi (SP),75.71,13.7,8.18,548.22
Jaborá (SC),73.06,16.5,7.71,831.84
Jaboticabal (SP),76.08,13.1,5.16,1015.51
Jaboticaba (RS),74.2,13.9,12.92,419.41
Jaboticatubas (MG),75.19,15,11.53,602.48
Jaboti (PR),74.61,13.2,12.21,618.6
Jaçanã (RN),71.35,22.8,30.06,259.77
Jacaraci (BA),69.48,29,27.7,283.51
Jacaraú (PB),68.18,33.3,35.78,250.76
Jacareacanga (PA),73,18.35,29.01,289.16
Jacaré dos Homens (AL),70.54,27.8,30.52,235.11
Jacareí (SP),75.2,12.51,3.95,846.53
Jacarezinho (PR),75.61,11.9,9.63,770.55
Jaciara (MT),74.96,15.4,10.69,742.81
Jacinto Machado (SC),74.06,14.9,8.08,655.7
Jacinto (MG),73.4,17.9,29.39,325.42
Jaci (SP),74.05,16.2,9.27,624.57
Jacobina (BA),71.29,23.6,18.86,417.88
Jacobina do Piauí (PI),68.45,32.9,38.9,190.04
Jacuí (MG),73.61,17.6,11.32,558.14
Jacuípe (AL),70.32,28.5,33.57,219.52
Jacuizinho (RS),73.99,14.2,12.76,750.68
Jacundá (PA),70.14,26.5,17.37,399.45
Jacupiranga (SP),74.89,14.9,9.93,574.52
Jacutinga (MG),76.82,12.7,7.52,717.25
Jacutinga (RS),76.3,11.1,6.72,636.24
Jaguapitã (PR),75.03,12.7,11.49,681.75
Jaguaquara (BA),69.81,28,28.85,307.08
Jaguaraçu (MG),76.35,13.3,10.95,508.65
Jaguarão (RS),74.89,12.9,6.93,616.82
Jaguarari (BA),73.33,18.3,19.25,439.23
Jaguaré (ES),73.59,16.1,14.76,543.6
Jaguaretama (CE),71.56,22.1,30.78,247.85
Jaguariaíva (PR),76.54,10.8,7.38,616.79
Jaguaribara (CE),69.1,29.2,27.76,287.08
Jaguaribe (CE),70.6,24.7,27.44,294.97
Jaguaripe (BA),70.8,25,30.71,247.75
Jaguari (RS),76.93,10.3,6.12,772.25
Jaguariúna (SP),76.74,11.2,4.5,1038.61
Jaguaruana (CE),71.72,21.6,29.15,274.9
Jaguaruna (SC),74.8,13.8,6.83,701.05
Jaíba (MG),72.33,19.8,20.02,376.73
Jaicós (PI),67.55,36,40.91,254.28
Jales (SP),76.32,11.8,5.9,850.11
Jambeiro (SP),76.61,12.4,7.53,738.52
Jampruca (MG),71.86,20.6,24.76,344.6
Janaúba (MG),72.74,19,15.42,468.29
Jandaia do Sul (PR),73.04,15.5,7.79,803.28
Jandaia (GO),74.28,14.2,14.11,586.84
Jandaíra (BA),69.93,27.6,29.87,192.11
Jandaíra (RN),67.54,34.7,35.51,261.85
Jandira (SP),75.46,15.28,4.69,792.33
Janduís (RN),71.53,22.3,29.61,272.39
Jangada (MT),73.28,18.2,22.15,271.99
Janiópolis (PR),74.58,13.3,18.99,577.55
Januária (MG),74.22,16.6,18.95,359.19
Januário Cicco (RN),71.28,23,38.33,192.34
Japaraíba (MG),75.62,14.4,7.51,541.09
Japaratinga (AL),69.1,32.4,32,260.92
Japaratuba (SE),70.39,26.4,22.42,296.93
Japeri (RJ),73.51,16.2,7.58,420.15
Japira (PR),74.61,13.2,11.76,534.19
Japi (RN),68.58,31.1,37.27,214.04
Japoatã (SE),67.01,37.7,33.02,246.68
Japonvar (MG),72.17,20.1,24.38,254.77
Japorã (MS),72.44,22.6,25.57,241.32
Japurá (AM),69.85,25.9,29.28,248.6
Japurá (PR),74.75,13.9,9.41,615.19
Jaqueira (PE),70.07,26.7,35.71,256.76
Jaquirana (RS),71.73,17.7,11.76,392.53
Jaraguá do Sul (SC),76.92,10.21,1.85,1111.85
Jaraguá (GO),75.43,12.6,10.34,595.02
Jaraguari (MS),74.62,18.4,9.94,511.64
Jaramataia (AL),67.08,39.7,42.28,219.1
Jardim Alegre (PR),74.63,13.2,16.31,608.16
Jardim (CE),71.72,21.6,28.46,241.09
Jardim de Angicos (RN),69.37,28.6,28.68,255.49
Jardim de Piranhas (RN),72.49,19.8,27.35,314.6
Jardim do Mulato (PI),67.68,35.5,31.81,219.06
Jardim do Seridó (RN),71.31,22.9,19.57,447.53
Jardim (MS),75.68,16.6,8.54,697.92
Jardim Olinda (PR),72.43,17.5,13.5,515.05
Jardinópolis (SC),74.37,14.5,9.78,654.02
Jardinópolis (SP),76.15,13,5.65,742.74
Jarinu (SP),74.53,15.5,7.61,718.61
Jari (RS),75.14,12.6,8.15,418.18
Jaru (RO),74.51,14.6,11.49,575.14
Jataí (GO),76.35,11.75,7.59,987.04
Jataizinho (PR),75.7,11.8,11.15,514.94
Jataúba (PE),67.74,34.3,37.21,244.26
Jateí (MS),76.39,15.4,13.51,690.71
Jati (CE),71.58,22,28.35,264.55
Jatobá do Piauí (PI),71.8,22.6,32.62,209.21
Jatobá (MA),67.1,39.5,35.53,206.58
Jatobá (PE),71.52,22.6,24.31,342.33
Jaú do Tocantins (TO),73.89,16.4,14.22,523.53
Jaupaci (GO),74.42,14,17.52,479.14
Jauru (MT),73.7,17.5,18.64,511.39
Jaú (SP),78.13,9.6,4.92,951.17
Jeceaba (MG),75.66,14.3,8.53,401.99
Jenipapo de Minas (MG),72.59,19.3,25.5,309.77
Jenipapo dos Vieiras (MA),70.96,26.4,36.92,127.24
Jequeri (MG),72.61,19.3,17.33,348.73
Jequiá da Praia (AL),71.32,25.4,30.67,199.39
Jequié (BA),72.42,21.76,16.85,473.92
Jequitaí (MG),72.79,19,21.65,345.53
Jequitibá (MG),76.26,13.5,10.11,1007.03
Jequitinhonha (MG),73.99,16.9,27.33,376.03
Jeremoabo (BA),66.36,39.9,34.84,262.76
Jericó (PB),72.85,19.4,30.64,290.17
Jeriquara (SP),73.86,16.6,10.61,549.1
Jerônimo Monteiro (ES),75.61,13.2,13.85,566.32
Jerumenha (PI),72.22,21.5,27.04,275.19
Jesuânia (MG),74.88,15.5,11.64,533.26
Jesuítas (PR),75.31,12.3,10.81,551.65
Jesúpolis (GO),73.81,14.8,16.83,433.41
Jijoca de Jericoacoara (CE),68.35,31.7,25.73,365.46
Ji-Paraná (RO),73.6,16.2,8.38,743.35
Jiquiriçá (BA),70.75,25.2,24.37,257.95
Jitaúna (BA),67.25,36.6,32.3,266.56
Joaçaba (SC),78.44,9.2,3.34,1338.5
Joaíma (MG),72.36,19.7,31.13,281.18
Joanésia (MG),73.2,18.3,20.62,369.24
Joanópolis (SP),74.43,15.6,8.25,650.99
João Alfredo (PE),68.18,32.8,38.38,276.15
João Câmara (RN),68.45,31.6,28.86,335.64
João Costa (PI),70.09,27.6,30.2,191.63
João Dias (RN),71.28,23,42.02,174.39
João Dourado (BA),67.52,35.6,22.44,283.12
João Lisboa (MA),72.07,23.2,24.15,303.91
João Monlevade (MG),75.93,13.9,4.34,724.4
João Neiva (ES),76.42,12.2,8.15,859.01
João Pessoa (PB),74.89,16.44,8.54,964.82
João Pinheiro (MG),72.25,19.9,11.7,562.24
João Ramalho (SP),74.1,16.2,12,627.59
Joaquim Felício (MG),74.44,16.2,16.69,433.58
Joaquim Gomes (AL),70.82,26.9,43.1,190.23
Joaquim Nabuco (PE),65.55,42.5,31.98,263.01
Joaquim Pires (PI),70.92,25.1,39.89,163.33
Joaquim Távora (PR),73.04,15.5,8.64,618.36
Joca Marques (PI),68.53,32.6,42.25,181.17
Jóia (RS),75.48,12.1,6.68,521.7
Joinville (SC),78.34,9.32,2.37,1126.74
Jordânia (MG),72.82,18.9,26.62,362.77
Jordão (AC),68.83,31.6,29.87,178.03
José Boiteux (SC),75.44,13,6.76,580.97
José Bonifácio (SP),77.14,10.8,6.27,863.34
José da Penha (RN),72.29,20.3,31.54,301.09
José de Freitas (PI),71.86,22.4,26.2,316.27
José Gonçalves de Minas (MG),70.81,22.6,21.27,328.27
Joselândia (MA),69.59,30.7,36.41,221.23
Josenópolis (MG),71.94,20.5,32.11,232.47
José Raydan (MG),72.94,18.7,24.55,327.01
Joviânia (GO),74.59,13.7,12.08,679.21
Juara (MT),75.18,15.1,10.62,619.81
Juarez Távora (PB),71.06,24.2,38.73,236.56
Juarina (TO),69.52,28,16.78,265.5
Juatuba (MG),75.94,13.9,9.14,517.18
Juazeirinho (PB),70.2,26.8,28.03,255.68
Juazeiro (BA),72.76,20.11,14.25,476.58
Juazeiro do Norte (CE),73.58,18.12,17.36,439.53
Juazeiro do Piauí (PI),70.2,27.2,31.91,206.61
Jucás (CE),71.32,22.7,33.93,232.22
Jucati (PE),65.87,41.2,35.22,232.08
Jucuruçu (BA),70.08,27.2,34.97,188.8
Jucurutu (RN),70.28,25.8,33.4,301.94
Juína (MT),75.72,14.3,10.52,763.35
Juiz de Fora (MG),75.65,15.42,3.4,1050.88
Júlio Borges (PI),71.64,23,19.7,179.61
Júlio de Castilhos (RS),74.96,12.8,6,765.91
Júlio Mesquita (SP),73.76,16.7,12.75,482.86
Jumirim (SP),76.75,12.2,7.01,710.27
Junco do Maranhão (MA),66.39,42.2,29.85,244.54
Junco do Seridó (PB),67.91,34.2,23.15,280.15
Jundiá (AL),67.9,36.6,36.93,282.87
Jundiaí do Sul (PR),74.03,14,15.55,485.95
Jundiaí (SP),76.94,11.51,3.2,1431.55
Jundiá (RN),71.47,22.5,38.11,248.13
Junqueiro (AL),67.85,36.8,35.1,306.96
Junqueirópolis (SP),76.61,12.4,9.03,737.14
Jupiá (SC),76.71,11.3,10.75,654
Jupi (PE),66.88,37.4,34.95,260.42
Juquiá (SP),74.36,15.7,11.83,467.35
Juquitiba (SP),72.48,18.9,11.61,550.32
Juramento (MG),73.48,17.8,17.4,335.93
Juranda (PR),74.08,14,12.98,544.87
Jurema (PE),65.87,41.2,41.34,206.22
Jurema (PI),71.04,24.7,38.61,191.96
Juripiranga (PB),65.64,42.7,36.71,235.6
Juruá (AM),67.24,34.3,36.45,227.39
Juruaia (MG),76.61,13,6.89,1122.1
Juruena (MT),72.79,19,10.69,448.89
Juru (PB),70.45,26,36.36,247.78
Juruti (PA),70.35,25.8,9.75,241.39
Juscimeira (MT),75.54,14.6,15.9,542.77
Jussara (BA),68.21,33.2,28,236.05
Jussara (GO),75.5,12.5,13.39,951.07
Jussara (PR),75.12,12.6,7.57,688.1
Jussari (BA),66.93,37.8,31.81,290.22
Jussiape (BA),69.17,30,26.63,334.07
Jutaí (AM),70.93,22.8,30.74,214.36
Juti (MS),71.19,25.2,20.29,446.17
Juvenília (MG),71.57,21.2,25.36,223.32
Kaloré (PR),75.9,11.5,12.14,528.02
Lábrea (AM),69.62,26.6,31.17,227.62
Lacerdópolis (SC),77.97,9.8,5.76,925.08
Ladainha (MG),70.26,23.8,32.37,226.72
Ladário (MS),74.34,19,7.2,575.16
Lafaiete Coutinho (BA),71.26,23.7,28.79,288.05
Lagamar (MG),75.31,14.8,11.71,592.95
Lagarto (SE),71.5,28.13,27.33,362.8
Lages (SC),77.04,10.71,5.3,878.34
Lagoa Alegre (PI),68.7,32,35.05,227.89
Lagoa Bonita do Sul (RS),73.05,15.6,11.26,608.88
Lagoa da Canoa (AL),67.16,39.4,41.55,231.56
Lagoa da Confusão (TO),72.2,20.5,14.31,404.61
Lagoa D'Anta (RN),69.36,28.6,35.83,295.37
Lagoa da Prata (MG),74.89,15.5,6.87,707.01
Lagoa de Dentro (PB),71.3,23.6,34.84,228.8
Lagoa de Itaenga (PE),71.44,22.8,29.1,252.8
Lagoa de Pedras (RN),69.06,29.6,40.05,214.84
Lagoa de São Francisco (PI),69.6,29.1,37.12,178.26
Lagoa de Velhos (RN),72.36,20.1,28.74,270.76
Lagoa do Barro do Piauí (PI),69.62,29,30.45,152.61
Lagoa do Carro (PE),72.31,20.5,25.33,271.36
Lagoa do Mato (MA),68.58,34.1,36.23,210.29
Lagoa do Ouro (PE),68.99,30.1,43.09,224.13
Lagoa do Piauí (PI),71.7,22.9,28.89,242.33
Lagoa dos Gatos (PE),68.49,31.7,42.14,253.4
Lagoa do Sítio (PI),69.68,28.8,37.94,183.92
Lagoa dos Patos (MG),71.36,21.6,17.42,321.11
Lagoa dos Três Cantos (RS),76.14,11.3,2.31,933.6
Lagoa do Tocantins (TO),70.5,25.1,24.92,235.28
Lagoa Dourada (MG),74.68,15.8,6.27,522.62
Lagoa Formosa (MG),74.91,15.5,11.65,693.25
Lagoa Grande do Maranhão (MA),68.86,33.1,38.68,158.3
Lagoa Grande (MG),73.72,17.4,11.99,543.58
Lagoa Grande (PE),67.28,35.9,26.5,296.99
Lagoa Nova (RN),70.81,24.3,31.46,233.77
Lagoão (RS),74.34,13.6,21.71,432.78
Lagoa (PB),69.81,28,36.37,219.92
Lagoa Real (BA),70.82,25,25.98,223.11
Lagoa Salgada (RN),71.28,23,40.15,247.22
Lagoa Santa (GO),77.1,10.5,7.03,765.86
Lagoa Santa (MG),76.43,13.2,4.94,1089.96
Lagoa Seca (PB),71.15,24,22.88,380.73
Lagoa Vermelha (RS),78.1,9.6,7.81,771.47
Lago da Pedra (MA),68.45,34.6,33.27,263.13
Lago do Junco (MA),69.47,31.1,36.12,226.69
Lago dos Rodrigues (MA),69.22,31.9,32.78,252.89
Lagoinha do Piauí (PI),71.57,23.2,29.26,262.04
Lagoinha (SP),72.82,18.3,11.26,573.28
Lago Verde (MA),68.86,33.1,36.2,188.31
Laguna Carapã (MS),74.34,19,13.26,536.02
Laguna (SC),77.27,10.6,5.88,684.42
Lajeado do Bugre (RS),74.33,13.7,19.72,343.1
Lajeado Grande (SC),76.45,11.6,7.94,850.34
Lajeado Novo (MA),69.29,31.7,20.14,263.2
Lajeado (RS),75.41,12.2,2.8,1130.85
Lajeado (TO),72.89,18.8,10.54,527.21
Laje (BA),70.85,24.9,29.74,241.63
Lajedão (BA),71.68,22.5,25.82,463.94
Lajedinho (BA),70.2,26.8,29.77,205.65
Lajedo do Tabocal (BA),70.85,24.9,31.9,237.39
Laje do Muriaé (RJ),72.97,17,14.67,453.97
Lajedo (PE),70.5,25.4,28.02,333.52
Lajes Pintadas (RN),71.12,23.4,29.46,258.98
Lajes (RN),70.37,25.6,28.95,292.5
Lajinha (MG),73.6,17.6,18.27,482.87
Lamarão (BA),69.79,28,35.38,180.82
Lambari D'Oeste (MT),72.2,20.1,16.84,516.75
Lambari (MG),77.23,12.1,7.96,597.16
Lamim (MG),74.7,15.8,14.18,386.1
Landri Sales (PI),69.25,30.2,28.33,266.01
Lapão (BA),70.27,26.6,22.59,244.43
Lapa (PR),75.9,11.6,6.03,608.6
Laranja da Terra (ES),73.59,16.1,13.98,411.93
Laranjal do Jari (AP),73.06,16.8,12.49,432.92
Laranjal (MG),76.42,13.2,11.26,601.49
Laranjal Paulista (SP),74.73,15.1,4.97,760.58
Laranjal (PR),72.37,16.5,19.84,297.34
Laranjeiras do Sul (PR),75.11,12.6,9.2,659.33
Laranjeiras (SE),71.3,23.8,16.94,313.29
Lassance (MG),72.71,19.1,16.16,364.3
Lastro (PB),69.83,27.9,32.87,219.67
Laurentino (SC),76.28,11.8,4.13,810.58
Lauro de Freitas (BA),74.61,15.13,5.17,1031.78
Lauro Muller (SC),74.32,14.6,5.19,678.67
Lavandeira (TO),71.5,22.3,23.96,330.96
Lavínia (SP),74.17,16,8.36,614.14
Lavras da Mangabeira (CE),71.65,21.8,31.07,288.15
Lavras do Sul (RS),77.05,10.2,9.81,559.67
Lavras (MG),77.8,11.4,4.35,889.65
Lavrinhas (SP),74.38,15.7,6.7,500.59
Leandro Ferreira (MG),77.49,11.8,12.56,649.92
Lebon Régis (SC),73.38,16,12.91,409.05
Leme do Prado (MG),71.73,20.9,18.99,338.71
Leme (SP),76.05,13.2,7.59,746.15
Lençóis (BA),71.51,23,20.16,362.74
Lençóis Paulista (SP),75.19,13.3,5.4,816.48
Leoberto Leal (SC),74.06,14.9,10.99,800.32
Leopoldina (MG),77.04,12.4,7.41,609.5
Leopoldo de Bulhões (GO),73.73,15,14.49,502.85
Leópolis (PR),73.69,14.5,12.32,477.23
Liberato Salzano (RS),73.59,14.7,13.6,551.91
Liberdade (MG),75.01,15.3,15.87,546.79
Licínio de Almeida (BA),71.49,23.1,24.77,299.47
Lidianópolis (PR),73.13,16.4,19.07,477.52
Lima Campos (MA),67.29,38.8,33.17,292.37
Lima Duarte (MG),76.68,12.9,11.7,645.22
Limeira do Oeste (MG),75.04,15.3,13.57,595.92
Limeira (SP),76.11,15.22,4.17,910.85
Limoeiro de Anadia (AL),69.51,31.1,38.29,285.98
Limoeiro do Ajuru (PA),70.21,26.2,16.11,172.12
Limoeiro do Norte (CE),73.22,17.9,20.49,410.03
Limoeiro (PE),72.81,19.2,21.32,398.37
Lindoeste (PR),71.12,19.7,14.85,462.44
Lindóia do Sul (SC),76.89,11.1,5.75,836.32
Lindóia (SP),76.85,12,6.18,714.18
Lindolfo Collor (RS),75.5,12.1,4.02,672.81
Linha Nova (RS),75.73,11.8,2.87,857.79
Linhares (ES),75.05,14,10.28,711.38
Lins (SP),77.13,11.7,4.82,919.53
Livramento de Nossa Senhora (BA),72.6,20.1,22.63,309.16
Livramento (PB),68.94,30.7,24.9,207.73
Lizarda (TO),70.87,24.1,24.24,302.83
Loanda (PR),73.88,14.2,8.81,725.67
Lobato (PR),75.45,12.1,11.81,653.7
Logradouro (PB),71.56,22.8,36.85,236.33
Londrina (PR),75.19,11.73,4.76,1083.35
Lontra (MG),72.61,19.3,24.16,312.77
Lontras (SC),74.2,14.7,5.38,773.05
Lorena (SP),76.35,13.86,3.84,781.28
Loreto (MA),71.27,25.4,24.58,198.73
Lourdes (SP),73.96,16.4,11.24,612
Louveira (SP),76.65,12.3,4.5,1047.17
Lucas do Rio Verde (MT),74.96,15.4,3.45,938.65
Lucélia (SP),75.48,14,6.98,743.2
Lucena (PB),69.03,30.4,27.2,289.29
Lucianópolis (SP),73.55,17.1,8.37,779.84
Luciara (MT),72.29,19.9,14.65,371.24
Lucrécia (RN),72.12,20.7,25.89,388.31
Luís Antônio (SP),74.34,15.8,6.4,661.22
Luisburgo (MG),73.53,17.7,16.07,355.95
Luís Correia (PI),68.77,31.8,32.12,236.9
Luís Domingues (MA),69.05,32.5,21.07,232.06
Luís Eduardo Magalhães (BA),74.53,15.5,7.79,871.12
Luís Gomes (RN),71.56,22.2,31.58,237.26
Luislândia (MG),72.96,18.7,21.44,273.73
Luiz Alves (SC),77.17,10.7,4.7,937.32
Luiziana (PR),71.86,18.4,15.78,482.03
Luiziânia (SP),73.88,16.5,12.86,557.06
Luminárias (MG),74.27,16.5,9.95,474.29
Lunardelli (PR),74.57,13.3,17.21,471.99
Lupércio (SP),74.81,15,11.58,547.3
Lupionópolis (PR),76.38,11,11.78,636.69
Lutécia (SP),75.75,13.6,9.86,516.35
Luzerna (SC),77.59,10.2,2.3,1030.37
Luziânia (GO),74.86,12.25,8.61,580.88
Luzilândia (PI),67,38,37.98,245.02
Luzinópolis (TO),68.54,31.2,19.84,319.83
Luz (MG),75,15.3,8.6,720.88
Macaé (RJ),74.66,13.6,4.44,1103.42
Macaíba (RN),72.04,21,24.09,363.97
Macajuba (BA),71.81,22.2,30.18,197.25
Maçambará (RS),74.89,12.9,10.71,499.71
Macambira (SE),68.66,31.8,33.8,282.4
Macapá (AP),74.19,14.04,6.62,717.88
Macaparana (PE),71.7,22.1,34.15,278.93
Macarani (BA),71.94,21.8,29.85,350.25
Macatuba (SP),76.52,12.5,8.9,920.95
Macaubal (SP),75.64,13.8,8.26,704.61
Macaúbas (BA),72.43,20.6,28.69,255.36
Macau (RN),72.49,19.8,20.03,457.22
Macedônia (SP),76.09,13.1,10.65,644.23
Maceió (AL),72.94,22.02,12.51,792.54
Machacalis (MG),71.96,20.4,25.28,350.63
Machadinho D'Oeste (RO),70.32,25,12.85,401.42
Machadinho (RS),73.39,15,11.21,669.6
Machado (MG),75.9,14,8.59,701.58
Machados (PE),70.99,24,31.19,231.75
Macieira (SC),73.38,16,10.38,533.9
Macuco (RJ),73.03,16.9,8.3,574.96
Macururé (BA),69.9,27.7,27.53,240.32
Madalena (CE),71.65,21.8,28.82,225.22
Madeiro (PI),71.31,24,36.35,150.89
Madre de Deus (BA),72.64,20,5.58,517.74
Madre de Deus de Minas (MG),76.38,13.3,7.29,508.21
Mãe D'Água (PB),67.7,34.9,32.16,202.88
Mãe do Rio (PA),70.75,24.7,19.05,367.01
Maetinga (BA),70.07,27.2,35.67,268.47
Mafra (SC),77.82,10,3.64,789.53
Magalhães Barata (PA),73.06,19.88,11.56,208.43
Magalhães de Almeida (MA),68.72,33.6,33.17,181.73
Magda (SP),74.38,15.7,10.54,725.51
Magé (RJ),74.91,13.34,6.23,567.59
Maiquinique (BA),66.4,39.8,28.81,306.24
Mairi (BA),69.63,28.6,26.1,286.58
Mairinque (SP),74.85,15,5.75,710.18
Mairiporã (SP),77.86,11.95,5.33,944.03
Mairipotaba (GO),76.23,12.9,12.2,842.23
Major Gercino (SC),74.06,14.9,8.13,789.61
Major Isidoro (AL),70.31,28.5,38.7,270.04
Major Sales (RN),71.46,22.5,31.19,282.48
Major Vieira (SC),74.01,15,6.43,465.76
Malacacheta (MG),71.05,22.2,27.59,353.28
Malhada (BA),69.02,30.5,26.8,218.66
Malhada de Pedras (BA),69.83,27.9,28.25,244.02
Malhada dos Bois (SE),68.31,33,25.57,261.05
Malhador (SE),71.87,22.2,26.84,308.04
Mallet (PR),73.54,14.7,3.51,552.86
Malta (PB),73.01,19.1,30.06,378.53
Mamanguape (PB),70.33,26.4,29.98,305.46
Mambaí (GO),73.95,14.6,21.98,357.12
Mamborê (PR),74.24,13.7,11.76,616.46
Mamonas (MG),71.73,20.9,30.65,269.87
Mampituba (RS),73.8,14.4,10.89,456.27
Manacapuru (AM),72.69,17.23,17.11,342.58
Manaíra (PB),66.85,38,37.46,225.93
Manaquiri (AM),69.88,25.8,11.52,254.15
Manari (PE),65.89,41.1,43.54,155.49
Manaus (AM),74.54,14.24,4,790.27
Mâncio Lima (AC),71.17,24.4,26.18,295.5
Mandaguaçu (PR),74.47,13.4,9.41,693.16
Mandaguari (PR),75.39,12.2,7.77,762.54
Mandirituba (PR),73.42,14.9,7.13,539.68
Manduri (SP),74.05,16.2,6.08,750.34
Manfrinópolis (PR),73.31,15.1,15.93,435.85
Manga (MG),72.96,18.7,25.7,387.71
Mangaratiba (RJ),75.71,13.1,4.32,832.15
Mangueirinha (PR),73.67,14.6,10.29,605.97
Manhuaçu (MG),75.35,14.8,9.17,592.99
Manhumirim (MG),75.74,14.2,13.65,547.24
Manicoré (AM),69.83,26,18.27,295.23
Manoel Emídio (PI),70.47,26.4,25.94,222.62
Manoel Ribas (PR),73.36,15,14.68,729.51
Manoel Urbano (AC),71.04,24.7,34.77,307.7
Manoel Viana (RS),70.96,19,10.36,570.72
Manoel Vitorino (BA),69.48,29,30.16,226.95
Mansidão (BA),70.12,27,19.18,182.65
Mantena (MG),73.16,18.3,16.45,505.08
Mantenópolis (ES),73.61,16,19.89,417.83
Maquiné (RS),77.77,9.3,8.07,604.04
Maraã (AM),70.78,23.2,19.38,144.99
Marabá (PA),72.09,21.44,12.18,527.86
Marabá Paulista (SP),73.54,17.1,10.81,457.56
Maracaçumé (MA),68.14,35.6,27.65,239.38
Maracaí (SP),75.97,13.3,8.73,666.65
Maracajá (SC),76.63,11.4,5.75,861.85
Maracaju (MS),77.35,13.9,7.79,819.6
Maracanã (PA),70.85,24.4,13.19,221.89
Maracanaú (CE),72.27,20.2,10.29,372.91
Maracás (BA),69.8,28,26.72,290.11
Maragogi (AL),70.96,26.5,31.82,253.86
Maragogipe (BA),72.58,20.2,24.36,300.1
Maraial (PE),66.85,37.5,37.89,232.31
Marajá do Sena (MA),71.44,25,43.53,96.25
Maranguape (CE),72.27,20.2,16.68,307.81
Maranhãozinho (MA),68.15,35.6,29.59,176.36
Marapanim (PA),70.61,25.1,10.22,277.01
Marapoama (SP),76.14,13,7.26,781.03
Mara Rosa (GO),75.29,12.8,16.88,548.96
Marataízes (ES),75.8,13,10.37,538.07
Maratá (RS),76.74,10.5,3.21,745.31
Maraú (BA),73.08,18.9,27.25,437.51
Marau (RS),76.44,11.6,3.14,980.92
Maravilha (AL),69.54,31,32.53,229.39
Maravilha (SC),78.17,9.5,5.3,896.02
Maravilhas (MG),75.7,14.3,8.49,442.51
Marcação (PB),66.43,39.6,36.19,209.46
Marcelândia (MT),73.79,17.3,12.88,621.76
Marcelino Ramos (RS),75.03,12.7,6.81,777.41
Marcelino Vieira (RN),71.56,22.2,32.19,279.42
Marcionílio Souza (BA),69.24,29.8,33.62,201.52
Marco (CE),69.05,29.4,30.95,266.87
Marcolândia (PI),67.02,37.9,36.44,291.91
Marcos Parente (PI),68.02,34.4,27.09,295.66
Mar de Espanha (MG),74.51,16.1,8.47,598.93
Marechal Cândido Rondon (PR),75.51,12.38,4.04,1036.38
Marechal Deodoro (AL),72.55,21.9,23.44,431.43
Marechal Floriano (ES),75.95,12.8,10.19,683.63
Marechal Thaumaturgo (AC),68.55,32.5,38.36,157.27
Marema (SC),76.7,11.3,8.96,840.58
Maria da Fé (MG),75.53,14.5,8.39,445.11
Maria Helena (PR),75.52,12,15.3,552.13
Marialva (PR),73.84,14.3,7.22,765.58
Mariana (MG),77.43,11.8,6.97,641.84
Mariana Pimentel (RS),76.94,10.3,7.93,628.63
Mariano Moro (RS),75.55,12.8,7.57,925.46
Marianópolis do Tocantins (TO),72.53,19.6,19.36,403.96
Mariápolis (SP),74.78,15.1,8.97,565.58
Maribondo (AL),70.07,29.2,31.95,297.05
Maricá (RJ),75.99,12.02,4.74,910.41
Marilac (MG),71.86,20.6,21.24,354.33
Marilândia do Sul (PR),74.88,12.9,11.21,497.15
Marilândia (ES),74.35,15,12.76,510.91
Marilena (PR),74.69,13.1,13.68,461.09
Marília (SP),76.26,12.81,4.28,953.2
Mariluz (PR),72.65,17.1,18.9,466.87
Maringá (PR),76.1,11.05,3.44,1202.63
Marinópolis (SP),74.5,15.5,11.01,553.24
Mário Campos (MG),74.99,15.3,8.81,551.93
Mariópolis (PR),73.24,15.2,8.16,694.06
Maripá de Minas (MG),75.84,14.1,11.2,510.92
Maripá (PR),76.97,10.2,3.43,781.94
Mari (PB),66.5,39.3,38.06,250.22
Marituba (PA),72.6,19.7,5.03,382.02
Marizópolis (PB),70.16,26.9,28.97,299.15
Marliéria (MG),75.29,14.9,12.1,401.74
Marmeleiro (PR),75.5,12,8.98,751.42
Marmelópolis (MG),73.36,18,11.06,367.73
Marques de Souza (RS),75.94,11.5,7.21,817.11
Marquinho (PR),73.83,14.3,15.16,366.3
Martinho Campos (MG),75.61,14.4,9.52,579.07
Martinópole (CE),70.57,24.8,33.02,232.17
Martinópolis (SP),74.93,14.8,8.53,636
Martins (RN),71.31,22.9,20.37,295.35
Martins Soares (MG),73.53,17.7,16.85,376.88
Maruim (SE),71.85,22.2,19.02,314.55
Marumbi (PR),74.54,14.2,13.93,642.72
Mar Vermelho (AL),70.97,26.4,32.46,229.81
Marzagão (GO),74.34,14.1,11.38,594.43
Mascote (BA),69.64,28.5,32.95,272.97
Massapê (CE),71.7,21.7,31.11,231.47
Massapê do Piauí (PI),68.79,31.7,46.12,195.88
Massaranduba (PB),69.8,28,33.4,247.98
Massaranduba (SC),77.04,10.9,3.66,847.63
Mata de São João (BA),74.09,16.5,12.34,451.9
Mata Grande (AL),66.09,43.6,42.12,186.87
Matão (SP),75.84,13.5,6.05,940.44
Mataraca (PB),65.49,43.3,29.34,219.95
Mata Roma (MA),71.56,24.6,30.63,161.49
Mata (RS),73.39,15,7.96,484.75
Mata Verde (MG),69.92,24.4,33.04,298.19
Mateiros (TO),74.39,15.3,28.78,307.46
Matelândia (PR),74.85,12.9,7.21,683.91
Materlândia (MG),71.16,22,24.81,255.52
Mateus Leme (MG),75.36,14.8,8.33,579.23
Mathias Lobato (MG),72.71,19.1,22.66,326.18
Matias Barbosa (MG),76.73,12.8,6.98,633.76
Matias Cardoso (MG),72.96,18.7,24.92,303
Matias Olímpio (PI),71.74,22.8,37.3,204.46
Matina (BA),69.37,29.4,34.9,227.07
Matinha (MA),68.88,33,20.3,294.51
Matinhas (PB),69.81,28,33.99,217.6
Matinhos (PR),75.04,12.7,4.47,814.03
Matipó (MG),71.8,20.8,16.11,403.48
Mato Castelhano (RS),75.34,13.1,9.96,862.71
Matões do Norte (MA),71.1,26,36.56,133.33
Matões (MA),69.34,31.5,38.79,202.66
Mato Grosso (PB),70.62,25.5,44.71,271.56
Mato Leitão (RS),76.16,11.2,3.98,708.43
Mato Queimado (RS),77.22,10,7.85,629.4
Mato Rico (PR),73.73,14.5,19.58,296.21
Matos Costa (SC),74.83,13.8,11.69,402.83
Mato Verde (MG),72.33,19.8,23.05,343.76
Matozinhos (MG),76.82,12.7,6.07,584.15
Matrinchã (GO),75.39,12.6,18.74,458.45
Matriz de Camaragibe (AL),71.62,24.5,34.16,231.82
Matupá (MT),74.46,16.2,9.81,649.23
Maturéia (PB),68.79,31.2,31.01,230.63
Matutina (MG),76.53,13.1,12.39,820.03
Mauá da Serra (PR),72.56,16.2,14.22,487.69
Mauá (SP),76.13,13.06,4.16,709.25
Maués (AM),72.97,17.7,11.23,244.3
Maurilândia do Tocantins (TO),68.43,31.6,25.49,233.68
Maurilândia (GO),74.4,14,16.03,557.51
Mauriti (CE),71.32,22.7,32.16,236.11
Maxaranguape (RN),70.83,24.2,23.7,298.87
Maximiliano de Almeida (RS),74.48,13.5,9.33,620.58
Mazagão (AP),70.46,23.3,23.69,353.61
Medeiros (MG),76.04,13.8,6.4,715.52
Medeiros Neto (BA),71.61,22.7,25.91,392.49
Medianeira (PR),75.96,11.5,5.76,914.67
Medicilândia (PA),72.99,18.7,20.02,345.44
Medina (MG),74.27,16.5,24.35,388.82
Meleiro (SC),73.5,15.8,5.74,768.23
Melgaço (PA),71.57,22.4,39.7,135.21
Mendes Pimentel (MG),71.09,22.1,26.08,372.96
Mendes (RJ),73.36,16.4,5.74,649.4
Mendonça (SP),76.78,12.1,7.27,707.36
Mercedes (PR),75.57,12,4.53,657.38
Mercês (MG),74.85,15.6,15,561.75
Meridiano (SP),74.04,16.2,9.57,694.38
Meruoca (CE),70.68,24.5,20.51,258.78
Mesópolis (SP),75.84,13.5,14.58,530.46
Mesquita (MG),72.76,19,20.37,424.12
Mesquita (RJ),75.31,13.97,3.6,640.37
Messias (AL),67.82,36.9,32.42,256.45
Messias Targino (RN),71.71,21.8,34.45,350.8
Miguel Alves (PI),69.5,29.4,41.47,220.05
Miguel Calmon (BA),69.69,28.4,22.13,279.05
Miguel Leão (PI),71.89,22.4,31.16,294.48
Miguelópolis (SP),76.78,12.1,10.41,670.82
Miguel Pereira (RJ),74.68,14.5,7.21,801.63
Milagres (BA),72.32,20.8,24.05,313.88
Milagres (CE),71.61,21.9,31,261.96
Milagres do Maranhão (MA),70.85,26.7,38.39,144.42
Milhã (CE),72.01,20.9,31.14,260.95
Milton Brandão (PI),71.29,24,41.31,154.73
Mimoso de Goiás (GO),74.47,13.9,20.16,474.44
Mimoso do Sul (ES),74.64,14.6,13.55,523.04
Minaçu (GO),73.18,17.7,14.58,590.7
Minador do Negrão (AL),71,26.4,47.38,231.37
Minas do Leão (RS),74.55,13.4,10.86,815.23
Minas Novas (MG),73.14,18.4,25.52,334.06
Minduri (MG),73.32,18,8.69,404.95
Mineiros do Tietê (SP),74.39,15.7,7.86,700.24
Mineiros (GO),75.41,12.6,8.07,869.04
Ministro Andreazza (RO),71.55,21.6,13.93,448.38
Mirabela (MG),72.61,19.3,18.91,326.06
Miracatu (SP),73.18,17.7,11.12,442.77
Miracema do Tocantins (TO),74.17,15.8,11.97,533.46
Miracema (RJ),73.32,16.5,11.43,608.62
Mirador (MA),69.39,31.3,32.05,163.97
Mirador (PR),72.99,15.6,15.65,474.75
Miradouro (MG),74.64,15.9,14.66,443.39
Mira Estrela (SP),73.34,17.4,11.1,613.14
Miraguaí (RS),75.21,13.3,10.27,820.8
Miraíma (CE),71.7,21.7,35.31,191.56
Miraí (MG),75.19,15,12.03,493.91
Miranda do Norte (MA),70.04,29.2,22.64,245.25
Miranda (MS),71.91,23.7,13.51,424.44
Mirandiba (PE),71.12,23.7,25.31,193.86
Mirandópolis (SP),77.12,11.7,7.51,758.64
Mirangaba (BA),66.12,40.8,27.7,193.47
Miranorte (TO),73.23,17.9,14.73,410.45
Mirante (BA),68.33,32.8,32.75,208.18
Mirante da Serra (RO),72.99,18,14.71,527.79
Mirante do Paranapanema (SP),75.45,14,13.29,516.3
Miraselva (PR),76.23,11.1,10.54,600.03
Mirassolândia (SP),74.76,15.1,9.39,639.58
Mirassol D'Oeste (MT),73.95,17,12.38,718.18
Mirassol (SP),75.76,12.5,4.77,841.27
Miravânia (MG),71.88,20.6,28.17,235.64
Mirim Doce (SC),74.23,14.7,8.34,560.66
Mirinzal (MA),70.33,28.3,18.25,239
Missal (PR),74.66,14,5.97,678.96
Missão Velha (CE),70.21,25.9,30.3,293.16
Mocajuba (PA),70.21,26.2,11.89,229.18
Mococa (SP),74.63,15.3,6.15,881.99
Modelo (SC),78.17,9.5,7.11,858.23
Moeda (MG),73.01,18.6,8.74,477.77
Moema (MG),75.87,14,6.91,634.04
Mogeiro (PB),68.94,30.7,35.2,227.05
Mogi das Cruzes (SP),76.07,12.23,4.15,916.81
Mogi Guaçu (SP),76.1,13.41,4.53,802.19
Mogi Mirim (SP),77.74,10.53,4.64,945.62
Moiporá (GO),74.05,14.5,16.65,461.94
Moita Bonita (SE),72.53,20.4,28.39,326.89
Moju (PA),70.44,25.6,20.36,291.67
Mombaça (CE),69.09,29.3,36.65,243.85
Mombuca (SP),74.18,16,9.87,832.07
Monção (MA),67.23,39,30.04,178.1
Monções (SP),73.81,16.6,9.27,755.2
Mondaí (SC),77.52,10.3,4.82,741.84
Mongaguá (SP),76.24,12.9,5.06,699.73
Monjolos (MG),74.16,16.7,17.29,360.58
Monsenhor Gil (PI),71.87,22.4,26.58,273.95
Monsenhor Hipólito (PI),69.36,29.8,36.9,315.6
Monsenhor Paulo (MG),75.32,14.8,11.9,555.78
Monsenhor Tabosa (CE),71.37,22.6,32.33,237.18
Montadas (PB),69.85,27.8,27.27,238.17
Montalvânia (MG),72.96,18.7,23.8,305.88
Montanha (ES),73.96,15.5,18.68,547.46
Montanhas (RN),67.02,36.5,32.82,249.75
Montauri (RS),76.11,11.3,6.8,1091.01
Monte Alegre de Goiás (GO),73.95,14.6,26.79,317.66
Monte Alegre de Minas (MG),75.86,14,12.04,619.1
Monte Alegre de Sergipe (SE),68.54,32.3,36.8,229.3
Monte Alegre do Piauí (PI),71.1,24.6,26.18,217.23
Monte Alegre dos Campos (RS),74.29,13.7,11.83,508.71
Monte Alegre do Sul (SP),76.5,11.6,6.16,861.61
Monte Alegre (PA),70.86,24.4,15.72,231.65
Monte Alegre (RN),71.18,23.3,31.08,292.15
Monte Alto (SP),76.56,12.4,5.45,832.6
Monte Aprazível (SP),76.64,11.4,6.03,1032.05
Monte Azul (MG),73.63,17.5,24.34,358.13
Monte Azul Paulista (SP),75.56,12.8,8.48,765.11
Monte Belo do Sul (RS),76.13,11.3,2.47,861.81
Monte Belo (MG),75.82,14.1,11.38,539.84
Monte Carlo (SC),73.23,16.2,13.56,449.82
Monte Carmelo (MG),77.1,12.3,8.09,689.45
Monte Castelo (SC),74.58,14.2,7.79,432.84
Monte Castelo (SP),73.81,16.6,12.58,646.15
Monte das Gameleiras (RN),70.14,26.2,33.15,261.41
Monte do Carmo (TO),73.49,17.3,21.34,351.96
Monte Formoso (MG),70.92,22.4,31.94,206.62
Monte Horebe (PB),70.29,26.5,31.85,292.96
Monteiro Lobato (SP),74.53,15.5,11.22,593.95
Monteiro (PB),67.51,35.6,29.32,392.05
Monteirópolis (AL),67.57,37.8,40.81,176.62
Monte Mor (SP),76.78,12.2,7.49,674.23
Monte Negro (RO),70.71,23.9,15.74,443.85
Montenegro (RS),76.94,11,3.94,914.23
Montes Altos (MA),68.91,33,21.44,221.57
Monte Santo (BA),66.96,37.6,38.64,197.43
Monte Santo de Minas (MG),77.46,11.8,13.43,584.09
Monte Santo do Tocantins (TO),70.6,24.8,17.59,280.98
Montes Claros de Goiás (GO),73.36,15.5,12.62,637.58
Montes Claros (MG),77.07,13.04,6.64,650.62
Monte Sião (MG),77.69,11.5,7.6,760.69
Montezuma (MG),73.55,17.6,24.67,308.78
Montividiu do Norte (GO),73.95,14.6,18.37,291.78
Montividiu (GO),74.6,13.7,10.13,791.6
Morada Nova (CE),70.47,25.1,30.38,276.36
Morada Nova de Minas (MG),74.79,15.7,9.81,577.61
Moraújo (CE),71.1,23.3,34.91,174.55
Moreilândia (PE),71.05,23.9,27.04,206.11
Moreira Sales (PR),73.12,16.4,16.83,528.33
Moreno (PE),73.28,18.1,17.91,356.7
Mormaço (RS),76.59,10.7,10.75,775.77
Morpará (BA),68.9,30.9,29.92,224.53
Morretes (PR),75.22,12.4,7.24,665.51
Morrinhos (CE),70.57,24.8,30.81,208.9
Morrinhos do Sul (RS),75.51,12.1,9.19,705.78
Morrinhos (GO),76.69,12.3,8.55,792.66
Morro Agudo de Goiás (GO),74.58,13.8,14.34,441.44
Morro Agudo (SP),75.15,14.5,8.96,687.37
Morro Cabeça no Tempo (PI),71.46,23.6,27.7,150.52
Morro da Fumaça (SC),74.51,14.3,5.7,759.25
Morro da Garça (MG),73.97,17,11.45,376.88
Morro do Chapéu (BA),70.98,24.5,23.91,250.88
Morro do Chapéu do Piauí (PI),69.5,29.4,39.09,225.37
Morro do Pilar (MG),73.55,17.6,25.39,382.62
Morro Grande (SC),75.8,12.5,6.44,809.37
Morro Redondo (RS),76.84,10.4,9.47,701.43
Morro Reuter (RS),76.5,11.6,1.08,767.55
Morros (MA),67.34,38.6,32.88,164.07
Mortugaba (BA),71.28,23.6,28.53,330.3
Morungaba (SP),73.1,17.8,6.04,733.72
Mossâmedes (GO),73.66,15.1,15.76,607.34
Mossoró (RN),73.64,17.91,14.67,600.28
Mostardas (RS),75.94,11.5,11.97,627.16
Motuca (SP),76.51,12.5,8.01,567.17
Mozarlândia (GO),74.51,13.8,14.11,562.97
Muaná (PA),71.51,22.5,14.15,230.14
Mucajaí (RR),73.79,15.5,18.62,487.66
Mucambo (CE),68.91,29.8,34.62,269.65
Mucugê (BA),72.2,21.2,21.29,312.35
Muçum (RS),75.38,13,4.67,887.43
Mucuri (BA),73.05,19,19.89,546.41
Mucurici (ES),74.7,14.5,21.36,372.63
Muitos Capões (RS),77.39,9.8,7.79,666.24
Muliterno (RS),73.48,14.9,7.39,799.52
Mulungu (CE),70.56,24.8,25.06,246.35
Mulungu do Morro (BA),70.18,26.8,22.18,199.94
Mulungu (PB),71.65,22.6,37.6,242.9
Mundo Novo (BA),72.43,20.6,24.89,346.89
Mundo Novo (GO),73.73,15,22.54,434.73
Mundo Novo (MS),73.48,20.6,12.65,652.56
Munhoz de Melo (PR),76.34,11,11.47,637.77
Munhoz (MG),74.25,16.5,11.15,412.79
Muniz Ferreira (BA),70.64,25.5,24.09,297.78
Muniz Freire (ES),74.24,15.1,15.62,421.86
Muquém de São Francisco (BA),70.63,25.5,27.66,166.67
Muqui (ES),73.1,16.8,12.18,528.68
Muriaé (MG),76.18,14.7,8.03,758.46
Muribeca (SE),71.24,23.9,27.09,286.8
Murici (AL),66.11,43.5,33.11,233.16
Murici dos Portelas (PI),71.61,23.1,42.94,167.87
Muricilândia (TO),69.72,27.4,26.08,234.22
Muritiba (BA),72.74,19.8,18.01,401.14
Murutinga do Sul (SP),75.84,13.5,8.88,636.47
Mutuípe (BA),70.08,27.2,25.18,374.8
Mutum (MG),74.3,16.4,19.43,415.41
Mutunópolis (GO),73.34,15.5,19.28,512.49
Muzambinho (MG),76.51,13.1,6.53,719.94
Nacip Raydan (MG),74.85,15.6,24.11,429.34
Nantes (SP),72.41,19,14.56,472.28
Nanuque (MG),76.02,13.8,16.57,505.55
Não-Me-Toque (RS),75.8,12.5,3.94,1051.05
Naque (MG),74.32,16.4,16.74,408.75
Narandiba (SP),75.33,14.2,12.18,482.74
Natalândia (MG),75.78,14.2,15.48,431.11
Natal (RN),75.08,14.35,8.73,950.34
Natércia (MG),73.28,18.1,10.17,541.69
Natividade da Serra (SP),73.86,16.6,17.56,496.93
Natividade (RJ),73.36,16.4,11.88,653.23
Natividade (TO),75.81,12.4,20.64,446.32
Natuba (PB),67.61,35.2,42.34,198.68
Navegantes (SC),77.37,10.5,4.44,756.39
Naviraí (MS),73.15,21.2,10.82,683.86
Nazaré (BA),71.64,22.6,19.76,421.82
Nazaré da Mata (PE),72.31,20.5,20.25,351.46
Nazaré do Piauí (PI),67.41,36.5,33.6,218.07
Nazareno (MG),74.82,15.6,9.49,491.13
Nazaré Paulista (SP),74.08,16.2,11.91,554.18
Nazaré (TO),72.52,19.7,22.47,302.39
Nazarezinho (PB),69.83,27.9,33.69,213.53
Nazária (PI),71.78,22.6,32.76,239.37
Nazário (GO),73.45,15.4,13.55,631.12
Neópolis (SE),67.13,37.2,24.36,286.69
Nepomuceno (MG),74.3,16.4,11.97,480.79
Nerópolis (GO),74.2,14.3,9.02,555.47
Neves Paulista (SP),74.38,15.7,7.46,784.55
Nhamundá (AM),71.73,20.7,9.85,195.12
Nhandeara (SP),75.08,13.5,7.6,878.42
Nicolau Vergueiro (RS),75.33,13.1,5.83,974.79
Nilo Peçanha (BA),70.72,25.3,28.11,218.32
Nilópolis (RJ),73.99,15.75,2.22,755.26
Nina Rodrigues (MA),71.45,24.9,31.44,152.75
Ninheira (MG),72.01,20.4,37.61,210.17
Nioaque (MS),74.34,19,13.19,480.75
Nipoã (SP),73.81,16.6,8.91,628.33
Niquelândia (GO),73.34,15.5,13.32,659.49
Nísia Floresta (RN),71.37,22.7,24.07,337.75
Niterói (RJ),76.23,12.91,2.34,2000.29
Nobres (MT),74.64,15.9,12.92,533.53
Nonoai (RS),74.98,12.8,11.79,634.06
Nordestina (BA),69.58,28.7,32.31,187.22
Normandia (RR),73.06,17.2,13.7,203.43
Nortelândia (MT),72.56,19.4,13.63,466.17
Nossa Senhora Aparecida (SE),71.45,23.3,40.64,289.16
Nossa Senhora da Glória (SE),70.02,27.5,28.77,316.84
Nossa Senhora das Dores (SE),69.93,27.8,30.71,294.53
Nossa Senhora das Graças (PR),74.94,12.8,13.35,547.55
Nossa Senhora de Lourdes (SE),68.13,33.6,31.29,261.29
Nossa Senhora de Nazaré (PI),71.8,22.6,27.31,256.22
Nossa Senhora do Livramento (MT),74.2,16.6,24.62,335.56
Nossa Senhora do Socorro (SE),73.64,17.7,11.46,379.98
Nossa Senhora dos Remédios (PI),68.92,31.3,39.54,183.4
Nova Aliança do Ivaí (PR),72.64,17.1,12.45,528.26
Nova Aliança (SP),74.56,15.4,5.99,662.48
Nova Alvorada do Sul (MS),73.52,20.5,10.04,830.08
Nova Alvorada (RS),75.25,12.4,8.76,925.66
Nova América da Colina (PR),73.53,14.8,14.87,472.29
Nova América (GO),72.73,16.5,17.46,447.78
Nova Andradina (MS),75.97,16.1,9.11,688.15
Nova Araçá (RS),75.56,12.8,2.62,1134.76
Nova Aurora (GO),75.93,12,10.71,635.99
Nova Aurora (PR),75.66,11.8,5.26,734.83
Nova Bandeirantes (MT),75.51,14.6,8.48,608.32
Nova Bassano (RS),75.93,12.3,3.44,1010.72
Nova Belém (MG),71.06,22.2,25.99,265.9
Nova Boa Vista (RS),75.13,12.6,2.58,928.49
Nova Brasilândia D'Oeste (RO),70.75,23.8,12.31,499.59
Nova Brasilândia (MT),75.68,14.3,21.59,526.35
Nova Bréscia (RS),75.81,11.7,3.91,1452.06
Nova Campina (SP),72.94,18.1,10.41,330.03
Nova Canaã (BA),72.35,20.8,33.85,251.9
Nova Canaã do Norte (MT),73.9,17.1,13.53,591.9
Nova Canaã Paulista (SP),73.33,17.4,11.98,526.58
Nova Candelária (RS),76.36,11.7,2.24,1120.1
Nova Cantu (PR),72.49,16.3,18.82,446.81
Nova Castilho (SP),74.38,15.7,9.11,600.13
Nova Colinas (MA),69.96,29.5,24.94,181.59
Nova Crixás (GO),73.78,16.7,20.42,531.22
Nova Cruz (RN),72.28,20.3,33.67,313.34
Nova Era (MG),74.48,16.2,7.25,532.58
Nova Erechim (SC),76.03,12.2,6.19,944.83
Nova Esperança do Piriá (PA),70.44,25.6,28.61,160.34
Nova Esperança do Sudoeste (PR),73.28,15.1,9.98,678.29
Nova Esperança do Sul (RS),75.89,11.6,5.67,717.7
Nova Esperança (PR),74.72,13.1,9.32,719.26
Nova Europa (SP),77.11,11.7,7.56,697.32
Nova Fátima (BA),69.26,29.7,25.52,287.32
Nova Fátima (PR),74.15,13.9,14.6,555.2
Nova Floresta (PB),70.45,26,30.81,287.45
Nova Friburgo (RJ),75.77,13.21,5.27,894.75
Nova Glória (GO),73.94,14.7,16.23,476.52
Nova Granada (SP),74.05,16.2,7.28,737.29
Nova Guarita (MT),73.72,17.4,12.21,520.94
Nova Guataporanga (SP),75.52,12.8,13.35,652.36
Nova Hartz (RS),75.14,12.6,3.54,600
Nova Ibiá (BA),67.86,34.4,31.4,378.1
Nova Iguaçu de Goiás (GO),73.71,15,11.31,435.91
Nova Iguaçu (RJ),74.08,15.35,4.89,591
Nova Independência (SP),74.63,15.3,8.28,533.68
Nova Iorque (MA),68.74,33.5,33.53,257.61
Nova Ipixuna (PA),70.98,24,23.91,315.1
Novais (SP),74.32,15.8,11.72,671.15
Nova Itaberaba (SC),77.54,10.3,9.84,868.83
Nova Itarana (BA),68.73,31.4,33.73,188.86
Nova Lacerda (MT),74.52,16.1,12.39,437.33
Nova Laranjeiras (PR),74.96,12.8,13.64,366.26
Nova Lima (MG),78.1,11.67,3.01,1731.84
Nova Londrina (PR),76.36,11,9.16,777.47
Nova Luzitânia (SP),73.49,17.2,12.28,643.07
Nova Mamoré (RO),71.15,22.7,14.22,377.34
Nova Marilândia (MT),74.4,16.3,12.37,550.29
Nova Maringá (MT),73.88,17.2,10.6,629.46
Nova Módica (MG),71.72,20.9,26.1,355.66
Nova Monte Verde (MT),74.38,16.4,9.26,586.65
Nova Mutum (MT),75.2,15.1,4.09,982.9
Nova Nazaré (MT),72.6,19.4,23.86,381.54
Nova Odessa (SP),76.68,11.3,3.77,878.14
Nova Olímpia (MT),73.23,18.2,14.03,639.03
Nova Olímpia (PR),73.8,15.3,14.14,619.47
Nova Olinda (CE),71.72,21.6,25.42,272.1
Nova Olinda do Maranhão (MA),70.32,28.4,30.73,225.16
Nova Olinda do Norte (AM),71.81,20.5,13.99,232.07
Nova Olinda (PB),69.61,28.6,34.49,255.69
Nova Olinda (TO),70.92,23.9,18.56,365.84
Nova Pádua (RS),76.11,11.3,3.72,914.36
Nova Palma (RS),75.44,12.2,3.79,915.86
Nova Palmeira (PB),70.73,25.2,26.37,272.29
Nova Petrópolis (RS),78.38,9.3,2.11,994.67
Nova Ponte (MG),75.08,15.2,9.44,771.68
Nova Porteirinha (MG),73.63,17.5,20.08,302.09
Nova Prata do Iguaçu (PR),72.89,16.8,10.98,668.06
Nova Prata (RS),75.36,13.1,3.02,1039.74
Nova Ramada (RS),75.84,12.4,6.87,861.28
Nova Redenção (BA),68.36,32.7,29.33,222.33
Nova Resende (MG),75.33,14.8,8.55,576.41
Nova Roma do Sul (RS),76.06,12.1,4.87,1120.95
Nova Roma (GO),73.71,15,21.59,323.19
Nova Rosalândia (TO),72.47,19.8,16.43,299.38
Nova Russas (CE),70.25,25.7,30.5,304.52
Nova Santa Bárbara (PR),72.91,15.7,17.87,511.42
Nova Santa Helena (MT),73.53,17.7,13.09,824.04
Nova Santa Rita (PI),71.17,24.4,31.53,202.99
Nova Santa Rita (RS),76.2,11.2,4.83,686.87
Nova Santa Rosa (PR),73.52,14.8,3.39,758.84
Nova Serrana (MG),76.82,12.7,5.12,659.74
Nova Soure (BA),67.71,34.9,34.3,241.71
Nova Tebas (PR),72.27,16.7,19.74,408.22
Nova Timboteua (PA),72.43,20.1,21.55,267.59
Nova Trento (SC),78.43,9.2,3.88,847.77
Nova Ubiratã (MT),73.95,17,9.12,599.32
Nova União (MG),74.06,16.8,13.39,387.68
Nova União (RO),70.17,25.4,15.11,352.24
Nova Venécia (ES),75.48,13.4,12.22,592.06
Nova Veneza (GO),75.24,12.8,9.1,521.4
Nova Veneza (SC),77.14,10.8,3.57,805.79
Nova Viçosa (BA),71.77,22.3,20.76,476.79
Nova Xavantina (MT),73,18.6,11.56,674.44
Novo Acordo (TO),72.81,19,16.33,374.83
Novo Airão (AM),71.55,21.2,16.66,246.44
Novo Alegre (TO),73.72,16.8,15.11,433.31
Novo Aripuanã (AM),70.52,24,21.18,219.69
Novo Barreiro (RS),73.45,15,11.37,768.98
Novo Brasil (GO),74.66,13.6,13.98,588.85
Novo Cabrais (RS),76.12,11.3,9.26,611.08
Novo Cruzeiro (MG),72.83,18.9,30.44,264.66
Novo Gama (GO),76.06,10.8,7.3,498.44
Novo Hamburgo (RS),76.11,12.26,3.52,1011.62
Novo Horizonte (BA),70.42,26.1,23.4,257.12
Novo Horizonte do Norte (MT),74.17,16.7,16.03,463.77
Novo Horizonte do Oeste (RO),72.92,18.2,15.68,346.38
Novo Horizonte do Sul (MS),72.86,21.7,14.11,472.75
Novo Horizonte (SC),75.76,12.5,13.85,623.51
Novo Horizonte (SP),76.92,12,8,806.75
Novo Itacolomi (PR),74.88,12.9,10.93,553.56
Novo Jardim (TO),68.78,30.4,21.86,259.32
Novo Lino (AL),66.38,42.4,39.23,239.75
Novo Machado (RS),72.74,16,7.49,531.07
Novo Mundo (MT),73.9,17.1,12.25,461.47
Novo Oriente (CE),70.79,24.2,37.03,247.79
Novo Oriente de Minas (MG),70.26,23.8,34.02,274.37
Novo Oriente do Piauí (PI),71.49,23.5,35.32,240.65
Novo Planalto (GO),74.83,13.4,19.82,387.14
Novo Progresso (PA),74.66,14.9,9.66,658.31
Novo Repartimento (PA),69.48,28.5,22.35,256.37
Novorizonte (MG),73.26,18.2,23.52,299.95
Novo Santo Antônio (MT),74.74,15.8,13.55,428.26
Novo Santo Antônio (PI),67.13,37.6,40.55,224.54
Novo São Joaquim (MT),74.14,16.7,16.54,480.73
Novo Tiradentes (RS),73.3,15.2,16.32,548.05
Novo Triunfo (BA),71.15,24,24.97,194.56
Novo Xingu (RS),76,11.4,5.92,847.22
Nuporanga (SP),76.94,11.9,5.73,751.92
Óbidos (PA),70.35,25.8,13.73,255.03
Ocara (CE),71.25,22.9,32.88,208.77
Ocauçu (SP),74.81,15,9.44,547.66
Oeiras do Pará (PA),70.21,26.2,19.85,181.86
Oeiras (PI),70.19,27.3,27.45,376.95
Oiapoque (AP),71.71,20,9.82,598.38
Olaria (MG),74.37,16.3,18.6,423.44
Óleo (SP),76.46,12.6,6.32,676.94
Olho D'Água das Cunhãs (MA),70.24,28.6,37.07,247.36
Olho D'Água das Flores (AL),70.13,29,31.49,274.46
Olho-D'Água do Borges (RN),68.14,32.6,36.79,290.17
Olho D'Água do Casado (AL),72.09,23.2,38.25,211.97
Olho D'Água do Piauí (PI),69.73,28.7,22.21,225.8
Olho D'Água Grande (AL),65.4,46.4,45.53,151.62
Olho D'Água (PB),71.53,22.9,36.4,220.96
Olhos-D'Água (MG),73.72,17.4,19.72,348.9
Olímpia (SP),77.02,10.9,5.84,783.14
Olímpio Noronha (MG),73.56,17.6,15.21,475.23
Olinda Nova do Maranhão (MA),68.43,34.6,28.16,173.63
Olinda (PE),75.16,14.79,7.35,640.13
Olindina (BA),73.6,17.6,31.27,222.62
Olivedos (PB),70.96,24.5,20.76,217.32
Oliveira de Fátima (TO),72.86,18.8,18.26,396.97
Oliveira dos Brejinhos (BA),69.81,28,24.03,220.72
Oliveira Fortes (MG),72.61,19.3,17.48,369.25
Oliveira (MG),75.51,14.6,6.46,588.2
Olivença (AL),65.63,45.4,40.11,195.19
Onça de Pitangui (MG),73.33,18,11.89,446.23
Onda Verde (SP),76.78,12.1,8.74,597.67
Oratórios (MG),74.42,16.2,16.9,395.74
Oriente (SP),75.22,14.4,6.85,694.16
Orindiúva (SP),74.42,15.6,7.22,699.63
Oriximiná (PA),71.66,22.1,12.49,332.29
Orizânia (MG),71.67,21,17.33,247.35
Orizona (GO),74.64,13.7,8.63,714.39
Orlândia (SP),77.89,8.93,5.45,934.54
Orleans (SC),77.35,10.5,4.74,844.35
Orobó (PE),72.19,20.8,31.93,237.64
Orocó (PE),70.96,24.1,25.96,224.41
Orós (CE),72.58,19.4,31.63,298.84
Ortigueira (PR),73.63,14.6,19.84,408.86
Osasco (SP),75.42,13.36,3.64,1003.4
Oscar Bressane (SP),74.36,15.7,10.18,675.35
Osório (RS),76.18,12,4.41,957.94
Osvaldo Cruz (SP),75.22,14.4,6.8,797.55
Otacílio Costa (SC),75.12,13.4,7.11,677.67
Ourém (PA),68.63,31.2,22.57,285.61
Ouriçangas (BA),71.74,22.4,29.42,281.59
Ouricuri (PE),71.4,22.9,30.78,291.75
Ourilândia do Norte (PA),72.72,19.4,13.53,466.52
Ourinhos (SP),76.53,11.5,5.24,868.91
Ourizona (PR),73.2,15.2,9.55,709.99
Ouro Branco (AL),66.99,40,33.08,227.56
Ouro Branco (MG),77.31,12,4.98,866.02
Ouro Branco (RN),72.31,20.3,22.17,355.71
Ouroeste (SP),76.93,11.9,9.73,694.33
Ouro Fino (MG),76.66,12.9,9.11,635.38
Ourolândia (BA),67.03,37.4,30.28,239.93
Ouro Preto do Oeste (RO),73.72,16.3,11.18,576.51
Ouro Preto (MG),75.03,15.3,5.23,710.55
Ouro (SC),78.06,9.7,4.52,987.45
Ouro Velho (PB),70.86,24.8,24.65,305.23
Ouro Verde de Goiás (GO),74.27,14.2,12.67,525.12
Ouro Verde de Minas (MG),72.35,19.7,30.04,298.76
Ouro Verde do Oeste (PR),74.02,14,10.85,578.86
Ouro Verde (SC),72.4,17.6,12.48,607.09
Ouro Verde (SP),73.81,16.6,14.25,504.63
Ouvidor (GO),74.81,13.4,7.19,710.38
Pacaembu (SP),75.6,13.8,10.9,694.16
Pacajá (PA),69.78,27.6,23.46,231.91
Pacajus (CE),72.3,20.1,19.66,354.78
Pacaraima (RR),72.29,19,10.79,388.35
Pacatuba (CE),71.75,21.6,10.06,344.63
Pacatuba (SE),68.84,31.2,31.82,195.47
Paço do Lumiar (MA),72.74,21.3,6.13,444.5
Pacoti (CE),71.38,22.5,22.2,279.49
Pacujá (CE),69.7,27.4,30.45,264.03
Padre Bernardo (GO),73.04,16,15.38,518.12
Padre Carvalho (MG),72.71,19.1,29.02,286.32
Padre Marcos (PI),66.95,38.2,44.42,217.66
Padre Paraíso (MG),72.83,18.9,24.6,253.77
Paes Landim (PI),68.28,33.4,27.99,225.53
Paial (SC),75.84,12.4,9.95,644.16
Paiçandu (PR),75,12.7,8.13,610.64
Paim Filho (RS),77.17,10,8.2,729.03
Paineiras (MG),74.41,16.2,11.67,589.16
Painel (SC),73.45,15.9,10.75,511.7
Pains (MG),77.43,11.8,7.89,690.97
Pai Pedro (MG),70.62,23,34.6,203.93
Paiva (MG),75.72,14.2,13.74,476.35
Pajeú do Piauí (PI),68.9,31.4,35.78,261.36
Palestina (AL),69.08,32.5,37.47,185.39
Palestina de Goiás (GO),75.2,12.9,9.86,473.62
Palestina do Pará (PA),70.63,25,25.46,284.54
Palestina (SP),75.88,13.4,8.66,692.43
Palhano (CE),68.35,31.7,30.37,281.69
Palhoça (SC),76.55,12.35,4.12,862.74
Palmácia (CE),69.54,27.9,26.03,315.23
Palma (MG),75.45,14.6,11.57,494.63
Palmares do Sul (RS),76.12,11.3,8.55,730.31
Palmares Paulista (SP),75.21,14.4,11.7,615.01
Palmares (PE),69.62,28.1,23.01,311.09
Palmas de Monte Alto (BA),71.61,22.7,30.88,262.69
Palma Sola (SC),73.01,16.6,9.73,623.64
Palmas (PR),74.59,13.3,10.02,575.55
Palmas (TO),74.61,15.28,4,1087.35
Palmeira das Missões (RS),74.83,13,9.28,715.29
Palmeira D'Oeste (SP),74.76,15.1,9.27,707.38
Palmeira do Piauí (PI),67.26,37.1,28.81,278.54
Palmeira dos Índios (AL),72.61,21.8,26.05,391.37
Palmeirais (PI),71.57,23.2,34.19,197.04
Palmeirândia (MA),67.9,36.5,28.17,167.06
Palmeirante (TO),70.37,25.5,21.79,267.76
Palmeira (PR),74.56,13.3,4.48,729.05
Palmeiras (BA),71.91,21.9,19.05,350.79
Palmeira (SC),74.61,14.1,12.1,471.82
Palmeiras de Goiás (GO),73.87,14.8,10.38,616.59
Palmeiras do Tocantins (TO),73.61,17,18.62,307.43
Palmeirina (PE),65.87,41.2,35.66,251.44
Palmeirópolis (TO),74.01,16.1,14.22,463.45
Palmelo (GO),73.22,15.7,11.52,769.47
Palminópolis (GO),74.98,13.2,13.81,695.63
Palmital (PR),72.48,17.4,15.59,447.15
Palmital (SP),73.83,16.6,5.89,739.37
Palmitinho (RS),75.13,12.6,9.55,652.86
Palmitos (SC),75.13,13.4,7.35,887.5
Palmópolis (MG),69.29,25.8,32.41,259.75
Palotina (PR),76.85,10.4,6.18,904.85
Panamá (GO),74.09,14.4,16.52,579.89
Panambi (RS),75.9,13.47,3.1,864.44
Pancas (ES),73.89,15.6,18.78,451.21
Panelas (PE),71.68,22.1,41.39,238.61
Panorama (SP),73.81,16.6,9.08,722.51
Pantano Grande (RS),73.93,14.2,11.33,536.01
Pão de Açúcar (AL),72.58,21.8,33.49,224.33
Papagaios (MG),74.96,15.4,9.94,455.96
Papanduva (SC),75.17,13.3,7.29,589.35
Paquetá (PI),68.88,31.4,46.68,202.6
Paracambi (RJ),73.73,15.9,5.81,580.49
Paracatu (MG),76.22,13.5,8.14,637.8
Paracuru (CE),69.73,27.3,21.8,328.2
Pará de Minas (MG),75.87,14,4.13,686.42
Paragominas (PA),71.87,23.14,13.98,507.16
Paraguaçu (MG),75.98,13.9,7.7,587.36
Paraguaçu Paulista (SP),75.18,14.5,7.11,694.42
Paraíba do Sul (RJ),73.7,15.9,6.42,613.56
Paraibano (MA),68.37,34.8,33.46,281.23
Paraibuna (SP),73.91,16.5,9.85,657.59
Paraipaba (CE),69.25,28.8,21.64,283.79
Paraí (RS),76.97,11,2.91,1071.25
Paraíso do Norte (PR),74.5,14.3,9.78,864.18
Paraíso do Sul (RS),74.84,13,7.91,593.01
Paraíso do Tocantins (TO),74.88,14.2,7.34,899.57
Paraisópolis (MG),76.11,13.7,8.78,592.61
Paraíso (SC),75,13.6,11.9,743.76
Paraíso (SP),75.19,13.3,9.61,855.28
Parambu (CE),70.85,24,38.04,211.05
Paramirim (BA),71.53,22.9,21.34,343.78
Paramoti (CE),69.45,28.2,32.58,196.63
Paranacity (PR),75.36,12.2,11.6,582.06
Paranaguá (PR),76.12,10.81,4.12,765.85
Paranaíba (MS),74.38,18.9,11.52,738.58
Paranaiguara (GO),75.14,13,14.64,631.89
Paranaíta (MT),73.54,17.7,12.14,540.22
Paranapanema (SP),75.31,14.3,9.64,613.31
Paranapoema (PR),75.06,12.6,14.27,549.69
Paranapuã (SP),75.52,14,11.39,670.18
Paraná (RN),71.56,22.2,35.58,219.34
Paranatama (PE),67.17,36.3,40.1,213.74
Paranatinga (MT),74.18,16.7,12.21,547.43
Paranã (TO),71.63,22,28.33,311.37
Paranavaí (PR),75.62,11.9,7.42,852.66
Paranhos (MS),73.65,20.2,19.63,271.52
Paraopeba (MG),72.55,19.4,6.51,530.79
Parapuã (SP),74.78,15.1,9.21,597.44
Parari (PB),68.98,30.6,22.35,300.27
Paratinga (BA),71.46,23.1,26.67,201.79
Paraty (RJ),75.52,13.4,8.77,734.36
Parauapebas (PA),73.55,17.4,8.68,627.61
Paraúna (GO),73.4,15.4,12.51,575.52
Paraú (RN),68.23,32.3,29.64,298.75
Parazinho (RN),68.15,32.6,35.35,234.75
Pardinho (SP),74.23,15.9,8.3,696.71
Pareci Novo (RS),76.12,11.3,1.72,788.66
Parecis (RO),73,18,16.03,343.73
Parelhas (RN),73.09,18.3,18.32,390.54
Pariconha (AL),70.23,28.7,34.7,211.13
Parintins (AM),72.97,17.7,6.57,313.07
Paripiranga (BA),68.02,33.8,30.31,273.23
Paripueira (AL),71,26.4,25.73,324.93
Pariquera-Açu (SP),76.7,12.3,7.25,557.69
Parisi (SP),75.5,14,11.15,705.62
Parnaguá (PI),71.64,23,28.49,211.44
Parnaíba (PI),73.98,16.83,17.54,479.58
Parnamirim (PE),71.58,22.4,26.61,255.27
Parnamirim (RN),74.52,15.01,8.39,850.44
Parnarama (MA),70.5,27.8,38.57,183.8
Parobé (RS),78.18,8.9,4.86,625.4
Passabém (MG),72.23,20,19.07,405.19
Passa E Fica (RN),70.79,24.4,34.81,269.09
Passagem Franca do Piauí (PI),70.46,26.4,41.5,323.31
Passagem Franca (MA),68.04,36,38.1,210.4
Passagem (PB),72.41,20.6,30.73,270.29
Passagem (RN),69.83,27.2,30.41,241.15
Passa Quatro (MG),76.59,13,6.08,561.44
Passa Sete (RS),71.94,17.3,14.04,427.13
Passa Tempo (MG),73.46,17.8,8.18,535.96
Passa-Vinte (MG),73.53,17.7,14.31,493.38
Passira (PE),70.78,24.6,34.44,259.04
Passo de Camaragibe (AL),67.19,39.3,34.97,194.73
Passo de Torres (SC),77.13,10.8,7.33,602.85
Passo do Sobrado (RS),76.04,11.4,6.24,732.19
Passo Fundo (RS),75.95,11.73,3.77,1068.95
Passos Maia (SC),73.46,15.8,10.63,450.78
Passos (MG),78.15,10.35,5.84,802.97
Pastos Bons (MA),70.18,28.8,26.55,230.94
Patis (MG),72.23,20,25.44,244.72
Pato Bragado (PR),73.42,14.9,4.02,824.97
Pato Branco (PR),75.72,11.8,4.61,1013.22
Patos de Minas (MG),76.31,14.47,5.69,843.57
Patos do Piauí (PI),70.28,27,41.93,215.75
Patos (PB),74.26,15.27,19.51,508.52
Patrocínio do Muriaé (MG),72.78,19,10.27,590.26
Patrocínio (MG),76.14,13.6,6.92,720.59
Patrocínio Paulista (SP),74.55,15.4,7.19,607.51
Patu (RN),71.07,23.6,29.68,331.98
Paty do Alferes (RJ),73.34,16.4,13.1,562.52
Pau Brasil (BA),68.6,31.9,30.67,296.08
Paudalho (PE),71.92,21.5,22.62,360.06
Pau D'Arco do Piauí (PI),69.5,29.4,37.63,167.01
Pau D'Arco (PA),69.86,27.3,24.69,279.72
Pau D'Arco (TO),72.51,19.7,20.44,380.41
Pau dos Ferros (RN),73.16,18.2,19.21,504.82
Pauini (AM),68.45,30.2,30.96,218.21
Paula Cândido (MG),74.38,16.3,10.65,407.91
Paula Freitas (PR),75.79,11.7,5.54,621.46
Paulicéia (SP),73.64,16.9,10.08,592.42
Paulínia (SP),76.83,12.62,3.65,1160.79
Paulino Neves (MA),68.18,35.5,33.27,159.46
Paulistana (PI),71,24.9,32.14,327.06
Paulistânia (SP),74.04,16.3,10.91,560.94
Paulista (PB),69.79,28,34.46,308.48
Paulista (PE),74.77,15,6.44,528.04
Paulistas (MG),72.44,19.6,21.86,321.22
Paulo Afonso (BA),72.34,20.8,17.74,544.73
Paulo Bento (RS),76.49,10.8,4.3,749.77
Paulo de Faria (SP),73,18,10.73,708.63
Paulo Frontin (PR),73.34,15,3.95,579.76
Paulo Jacinto (AL),68.94,33,34.73,247.2
Paulo Lopes (SC),76.91,11,11.72,650.58
Paulo Ramos (MA),65.64,45.3,39.51,239.23
Pavão (MG),73.77,17.3,25.23,333.55
Paverama (RS),75.42,12.2,6.75,628.77
Pavussu (PI),69.85,28.3,37.66,193.61
Peabiru (PR),74.56,13.3,11.16,737.63
Peçanha (MG),72.23,20,21.39,404.21
Pederneiras (SP),73.74,16.8,7.07,788.42
Pé de Serra (BA),71.74,22.4,26.5,257.45
Pedra Azul (MG),72.79,19,21.99,327.18
Pedra Bela (SP),72.77,18.4,12.27,521.38
Pedra Bonita (MG),69.41,25.5,15.84,256.67
Pedra Branca (CE),71.73,21.6,35.99,231.56
Pedra Branca do Amapari (AP),71.73,20,18.12,397.98
Pedra Branca (PB),70.68,25.3,27.62,219.29
Pedra do Anta (MG),74.26,16.5,20.88,418.07
Pedra do Indaiá (MG),75.6,14.4,11.52,578.46
Pedra Dourada (MG),74.64,15.9,14.02,406.3
Pedra Grande (RN),71.35,22.8,26.62,210.52
Pedra Lavrada (PB),68.96,30.6,29.6,267.79
Pedralva (MG),73.39,17.9,9.48,541.01
Pedra Mole (SE),66.88,38.1,29.84,332.75
Pedranópolis (SP),76.26,12.9,9.95,615.77
Pedrão (BA),71.5,23,23.81,221.53
Pedra (PE),69.59,28.2,35.32,244.48
Pedra Preta (MT),73.73,17.4,14.12,523.92
Pedra Preta (RN),70.1,26.4,25.21,216.3
Pedras Altas (RS),74.19,13.9,10.63,449.2
Pedras de Fogo (PB),71.23,23.8,32.65,273.39
Pedras de Maria da Cruz (MG),72.22,20,25.48,268.27
Pedras Grandes (SC),77.18,10.7,5.32,683.36
Pedregulho (SP),74.2,16,7.98,690.08
Pedreiras (MA),72.49,22,20.64,441.42
Pedreira (SP),76.82,12.1,4.93,853.76
Pedrinhas Paulista (SP),75.19,13.3,7.47,847.63
Pedrinhas (SE),70.01,27.5,29.02,273.91
Pedrinópolis (MG),76.29,13.4,10.82,702.77
Pedro Afonso (TO),75.77,12.4,11.27,618.56
Pedro Alexandre (BA),71.68,22.6,44.24,167.65
Pedro Avelino (RN),72.27,20.4,30.5,289.53
Pedro Canário (ES),73.71,15.9,19.64,437.08
Pedro de Toledo (SP),73.71,16.8,11.02,467.93
Pedro do Rosário (MA),66.77,40.7,31.07,154
Pedro Gomes (MS),73.04,21.4,18.3,524.83
Pedro Ii (PI),70.99,24.9,33.83,270.17
Pedro Laurentino (PI),69.74,28.7,23.65,157.24
Pedro Leopoldo (MG),76.33,13.4,5.61,721.11
Pedro Osório (RS),74.76,13.1,9.16,560.06
Pedro Régis (PB),70.21,26.7,46.13,215.39
Pedro Teixeira (MG),72.61,19.3,12.18,309.25
Pedro Velho (RN),69.27,28.9,33.99,263.8
Peixe-Boi (PA),70.23,26.2,23.92,234.4
Peixe (TO),73.69,16.8,17.82,547.9
Peixoto de Azevedo (MT),70.65,23,16.04,589.21
Pejuçara (RS),77.03,10.2,4.78,722.64
Pelotas (RS),75.64,12.39,4.31,894.35
Penaforte (CE),70.64,24.6,23.95,271.18
Penalva (MA),66.57,41.5,22.88,201.99
Penápolis (SP),76.55,12.43,5.75,840.16
Pendências (RN),70.17,26.1,24.44,412.01
Penedo (AL),71.42,25.1,24.53,339.15
Penha (SC),77.02,10.9,3.75,793.53
Pentecoste (CE),69.06,29.4,26.67,264.95
Pequeri (MG),77.05,12.4,8.73,593.92
Pequi (MG),73.47,17.8,8.92,522.22
Pequizeiro (TO),73.38,17.6,21.33,313.34
Perdigão (MG),75.6,14.4,7.21,668.59
Perdizes (MG),77.8,11.4,8.73,861.29
Perdões (MG),77.69,11.5,7.92,663.06
Pereira Barreto (SP),75.71,13.7,8.82,743.94
Pereiras (SP),77.35,11.4,6.99,692.35
Pereiro (CE),71.56,22.1,31.85,209.49
Peri Mirim (MA),69.61,30.6,24.1,186.95
Periquito (MG),75.34,14.8,19.24,320.07
Peritiba (SC),77.9,9.8,2.22,918.86
Peritoró (MA),71.44,25,39.35,178.51
Perobal (PR),74.78,13,13.1,565.43
Pérola D'Oeste (PR),73.55,15.7,10.42,613.32
Perolândia (GO),74.9,13.3,14.42,588.01
Pérola (PR),73.25,15.2,9.2,637.59
Peruíbe (SP),76.24,12.9,6.4,753.85
Pescador (MG),74.85,15.6,21.31,367.74
Pesqueira (PE),70.04,26.8,27.01,329.16
Petrolândia (PE),70.3,26,19.57,344.04
Petrolândia (SC),73.1,16.4,8.14,799.56
Petrolina de Goiás (GO),75.03,13.1,10.52,530.37
Petrolina (PE),72.95,18.67,12.89,605.06
Petrópolis (RJ),75.79,12.86,4.19,922.49
Piaçabuçu (AL),68.59,34.2,34.16,227.65
Piacatu (SP),75.57,13.9,11.65,553.99
Piancó (PB),69.17,30,31.32,321.21
Piatã (BA),71.16,24,25.63,234.44
Piau (MG),74.42,16.2,14.62,449.68
Picada Café (RS),75.5,12.1,2.46,792.06
Piçarra (PA),72.54,19.8,23.99,263.04
Picos (PI),73,24.07,18.89,563.88
Picuí (PB),69.7,28.3,26.46,326.53
Piedade de Caratinga (MG),71.37,21.6,19.12,381.36
Piedade de Ponte Nova (MG),73.14,18.4,17.18,368.71
Piedade do Rio Grande (MG),74.22,16.6,14.73,428.95
Piedade dos Gerais (MG),75.42,14.7,15.67,443.35
Piedade (SP),75.87,13.4,9.16,601.32
Piên (PR),73.11,15.4,4.48,541.67
Pilão Arcado (BA),69.19,29.9,32.39,195.98
Pilar (AL),71.26,25.6,26.21,292.06
Pilar de Goiás (GO),73.94,14.7,13,467.97
Pilar do Sul (SP),74.18,16,7.82,531.06
Pilar (PB),71.52,23,33.96,236.08
Pilões (PB),70.99,24.5,38.64,259
Pilões (RN),71.63,22,31.49,270.87
Pilõezinhos (PB),73.14,18.7,36.13,218.98
Pimenta Bueno (RO),73.15,17.6,9.04,734.76
Pimenta (MG),74.93,15.4,9.18,613.61
Pimenteiras do Oeste (RO),73.98,15.7,10.4,493.67
Pimenteiras (PI),71.43,23.6,37.33,249.17
Pindaí (BA),71.64,22.7,25.72,270.15
Pindamonhangaba (SP),75.58,12.9,4.07,826.02
Pindaré-Mirim (MA),70.3,28.4,21.8,274.84
Pindoba (AL),67.16,39.4,38.42,292.88
Pindobaçu (BA),70.4,26.2,26.67,212.52
Pindorama do Tocantins (TO),68.97,29.8,16.03,293.47
Pindorama (SP),75.51,14,8.63,732.68
Pindoretama (CE),70.25,25.7,23.4,296.99
Pingo-D'Água (MG),69.63,25,18.59,340.91
Pinhais (PR),75.15,14.66,3.56,911.51
Pinhalão (PR),74.68,14,12.42,545.95
Pinhal da Serra (RS),75.1,12.6,8.9,431.37
Pinhal de São Bento (PR),73.08,15.4,9.73,514.89
Pinhal Grande (RS),73.25,15.2,8.34,523.52
Pinhal (RS),76.12,11.3,10.01,625.79
Pinhalzinho (SC),78.17,9.5,5.26,893.85
Pinhalzinho (SP),73.49,17.2,7.97,652.43
Pinhão (PR),73.36,15,13.44,454.31
Pinhão (SE),67.63,35.4,32.44,295.24
Pinheiral (RJ),73.03,16.9,5.61,657.99
Pinheirinho do Vale (RS),74.65,13.2,11.06,678.14
Pinheiro Machado (RS),75.73,11.8,10.34,567.32
Pinheiro (MA),71.26,25.5,19.25,292.88
Pinheiro Preto (SC),76.95,11,4.95,917.64
Pinheiros (ES),73.96,15.5,18.48,509.45
Pintadas (BA),70.92,24.7,25.94,281.74
Pintópolis (MG),72.96,18.7,19.52,260.14
Pio Ix (PI),70.47,26.4,33.69,227.79
Pio Xii (MA),68.64,33.9,33.98,223.37
Piquerobi (SP),75.18,14.4,12.04,514.47
Piquet Carneiro (CE),71.73,21.6,28.15,217.02
Piquete (SP),74.38,15.7,5.06,665.74
Piracaia (SP),76.03,13.2,8.04,893.05
Piracanjuba (GO),77.21,11.6,10.63,707.83
Piracema (MG),73.54,17.7,12.7,444.75
Piracicaba (SP),75.88,14.44,3.23,1143.2
Piracuruca (PI),71.21,24.2,32.48,286.63
Piraí do Norte (BA),70.72,25.3,28.16,238.62
Piraí do Sul (PR),73.94,14.2,7.15,631.84
Piraí (RJ),73.16,16.7,7.6,678.3
Pirajuba (MG),76.46,13.2,9.55,838.37
Pirajuí (SP),76.18,12,8.25,770.38
Piraju (SP),75.59,13.8,6.21,801.23
Pirambu (SE),70.86,25,21.64,257.65
Piranga (MG),72.96,18.7,12.63,305.73
Pirangi (SP),75.19,13.3,8.4,774.99
Piranguçu (MG),73.36,18,11.53,504.1
Piranguinho (MG),75.45,14.6,8.14,523.5
Piranhas (AL),72.14,23,33.26,265.96
Piranhas (GO),75.89,12,15.52,621.14
Pirapemas (MA),69.47,31.1,32.62,181.05
Pirapetinga (MG),75.45,14.6,9.13,550.3
Pirapora do Bom Jesus (SP),73.59,17,6.38,546.69
Pirapora (MG),74.65,15.9,7.51,596.44
Pirapó (RS),74.46,13.5,14.64,473.9
Pirapozinho (SP),76.79,12.1,7.8,798
Piraquara (PR),77.15,9.29,5.33,581.74
Piraquê (TO),72.51,19.7,22.98,319.42
Pirassununga (SP),78.03,10.42,4.24,1086.22
Piratininga (SP),76.53,12.5,6.02,917.62
Piratini (RS),74.24,13.8,10.95,524.3
Piratuba (SC),74.72,14,5.73,779.57
Piraúba (MG),75.56,14.5,10.18,527.81
Pirenópolis (GO),73.78,16.7,11.57,544.78
Pires do Rio (GO),77.79,10.8,8.13,702.46
Pires Ferreira (CE),71.13,23.2,33.01,191.39
Piripá (BA),71.1,24.2,27.11,241.1
Piripiri (PI),71.51,23.4,28.31,380.67
Piritiba (BA),70.61,25.6,23.25,271.4
Pirpirituba (PB),69.69,28.3,32.2,270.98
Pitanga (PR),73.09,15.4,11.3,609.77
Pitangueiras (PR),75.52,12,13.19,518.34
Pitangueiras (SP),74.77,15.1,8.54,620.66
Pitangui (MG),77.22,12.1,6.56,669
Pitimbu (PB),70.2,26.8,29.48,227.76
Piúma (ES),76.11,12.6,8.06,629.9
Piumhi (MG),77.7,11.5,7.49,747.2
Pium (TO),74.3,15.5,20.77,411.25
Placas (PA),71.18,23.5,18.53,231.94
Plácido de Castro (AC),72.17,21.6,20.1,321.16
Planaltina do Paraná (PR),72.7,17.1,14.13,556.04
Planaltina (GO),73.62,14.56,10.96,466.69
Planaltino (BA),67.45,35.9,34.76,282.33
Planalto Alegre (SC),77.87,9.9,12.8,754.11
Planalto (BA),69.25,29.8,31.84,256.26
Planalto da Serra (MT),73.8,17.3,15.06,366.39
Planalto (PR),72.16,17.9,10.08,641.16
Planalto (RS),73.41,15,12.09,531.04
Planalto (SP),76.19,13,10.36,560.64
Planura (MG),76.1,13.7,8.9,669.6
Platina (SP),74.41,15.6,10.7,591.1
Poá (SP),76.33,12.8,3.47,664.31
Poção de Pedras (MA),68.91,33,34.22,234.72
Poção (PE),65.59,42.3,36.45,233.91
Pocinhos (PB),71.73,22.4,27.16,253.75
Poço Branco (RN),70.93,24,31.88,263.9
Poço Dantas (PB),67.14,36.9,39.54,186.82
Poço das Antas (RS),77.63,9.5,2.87,810.09
Poço das Trincheiras (AL),68.12,35.8,36.89,162.21
Poço de José de Moura (PB),72.82,19.5,28.91,291.18
Poções (BA),72.85,19.5,29.03,300.74
Poço Fundo (MG),76.95,12.5,7.32,644.47
Poconé (MT),73.36,18,19.25,436.83
Poço Redondo (SE),70.58,25.8,38.69,202.24
Poços de Caldas (MG),77.31,11.27,3.88,953.96
Poço Verde (SE),70.08,27.3,32.32,266.56
Pocrane (MG),72.91,18.8,19.98,365.67
Pojuca (BA),74.14,16.4,10,443.8
Poloni (SP),76.18,12,9.88,778.41
Pombal (PB),72.22,21.1,27.82,401.6
Pombos (PE),72.42,20.2,30.61,302.97
Pomerode (SC),78.14,9.6,1.76,1022.91
Pompéia (SP),76.81,12.1,5.37,850.38
Pompéu (MG),75.05,15.2,10.34,598.83
Pongaí (SP),75.65,13.8,9.42,736.33
Ponta de Pedras (PA),71.38,22.9,15.69,257.4
Ponta Grossa (PR),75.22,12.19,3.9,877.1
Pontal do Araguaia (MT),73.94,17.1,9.51,589.32
Pontal do Paraná (PR),74.87,12.9,5.12,782.87
Pontalina (GO),75.08,13.1,14.9,663.44
Pontalinda (SP),75.84,13.5,14.33,541.56
Pontal (SP),75.27,14.3,10.23,699.28
Pontão (RS),76.86,10.4,5.1,656.34
Ponta Porã (MS),73.73,20.1,9.93,653.36
Ponte Alta do Bom Jesus (TO),74.19,15.7,27.4,313.2
Ponte Alta do Norte (SC),74.12,14.8,10.53,490.45
Ponte Alta do Tocantins (TO),71.72,21.7,18.17,308.4
Ponte Alta (SC),73.23,16.2,12.09,503.47
Ponte Branca (MT),73.37,18,14.25,565.09
Ponte Nova (MG),75.9,14,7.46,679.67
Ponte Preta (RS),77.44,9.7,6.89,735.35
Pontes E Lacerda (MT),73.4,18,10.7,665.92
Ponte Serrada (SC),72.4,17.6,10.45,586.05
Pontes Gestal (SP),73.3,17.5,11.18,642.68
Ponto Belo (ES),71.96,18.6,23.29,405.19
Ponto Chique (MG),72.81,18.9,17.43,269.28
Ponto dos Volantes (MG),71.88,20.6,30.31,267.46
Ponto Novo (BA),70.7,25.3,27.64,229.61
Populina (SP),73.25,17.6,13.78,621.48
Porangaba (SP),76.81,12.1,7.46,606.65
Poranga (CE),69.76,27.2,36.97,212.87
Porangatu (GO),75.69,12.3,11.34,658.39
Porciúncula (RJ),73.11,16.8,12.25,615.63
Porecatu (PR),75.05,12.6,10.06,742.25
Portalegre (RN),70.22,26,25.62,296.9
Portão (RS),76.37,11,4.89,729.01
Porteirão (GO),74.6,13.7,13.77,688.68
Porteiras (CE),70.9,23.9,31.54,218.44
Porteirinha (MG),72.74,19,22.95,320.48
Portelândia (GO),73.16,15.8,14.75,550.39
Portel (PA),71.04,23.8,32.68,195.22
Porto Acre (AC),71.24,24.2,25.65,319.71
Porto Alegre do Norte (MT),73.15,18.4,11.42,449.5
Porto Alegre do Piauí (PI),68.93,31.2,29.54,228.65
Porto Alegre do Tocantins (TO),72.09,20.8,21.91,305.98
Porto Alegre (RS),76.42,11.6,2.34,1758.27
Porto Amazonas (PR),73.87,15.2,6.96,655.76
Porto Barreiro (PR),74.27,13.7,11.34,535.4
Porto Belo (SC),78.14,9.6,4.86,850.99
Porto Calvo (AL),68.36,35,31,257.64
Porto da Folha (SE),69.36,29.6,34.06,226.66
Porto de Moz (PA),71.2,23.4,23.23,193.52
Porto de Pedras (AL),71.14,25.9,34.57,233.72
Porto do Mangue (RN),68.89,30.1,30.22,257.49
Porto dos Gaúchos (MT),73.88,17.2,12.65,635.97
Porto Esperidião (MT),72.72,19.1,15.59,504.99
Porto Estrela (MT),73.23,18.2,27.9,280.21
Porto Feliz (SP),75.14,14.5,5.51,785.76
Porto Ferreira (SP),74.63,15.3,5.52,779
Porto Firme (MG),73.26,18.1,14.31,366.49
Porto Franco (MA),72.74,21.3,16.73,497.56
Porto Grande (AP),71.62,20.2,13.95,356.65
Porto Lucena (RS),74.62,13.3,9.12,621.82
Porto Mauá (RS),74.87,12.9,7.06,524.57
Porto Murtinho (MS),74.8,18.1,11.7,539.19
Porto Nacional (TO),74.56,14.9,9.97,621.1
Porto (PI),70.47,26.4,38.38,226.34
Porto Real do Colégio (AL),70.46,28,37.12,195.26
Porto Real (RJ),74.01,15.5,6.74,577.07
Porto Rico do Maranhão (MA),71.31,25.3,16.69,227.87
Porto Rico (PR),75.76,11.7,13.56,590.58
Porto Seguro (BA),73.05,19,12.85,527.04
Porto União (SC),78.43,9.2,3.65,864.41
Porto Velho (RO),74.14,15.52,5.43,929.19
Porto Vera Cruz (RS),74.61,13.3,8.44,490.03
Porto Vitória (PR),72.78,16.9,6.46,531.11
Porto Walter (AC),68.58,32.4,37.41,204.19
Porto Xavier (RS),77.53,9.6,11.83,574.32
Posse (GO),74.14,14.4,16.54,481.68
Poté (MG),73.52,17.7,27.75,303.44
Potengi (CE),70.54,24.9,37.29,215.12
Potim (SP),73.38,17.4,5.06,460.22
Potiraguá (BA),70.23,26.7,24.38,323.92
Potirendaba (SP),76.41,11.7,7.19,785.96
Potiretama (CE),70.23,25.8,31.01,236.09
Pouso Alegre (MG),77.33,11.58,4.21,878.26
Pouso Alto (MG),75.81,14.1,9.03,778.57
Pouso Novo (RS),75.68,11.8,9.45,935.9
Pouso Redondo (SC),76.41,11.7,6.22,742.15
Poxoréo (MT),74.91,15.5,17.98,463.98
Pracinha (SP),73.82,16.6,12.58,480.62
Pracuúba (AP),72.4,18.3,12.9,228.81
Prado (BA),72.03,21.6,21.68,369.96
Prado Ferreira (PR),76.12,11.3,13.4,652.38
Pradópolis (SP),74.34,15.8,9.25,788.76
Prados (MG),76.89,12.6,7.24,485.2
Praia Grande (SC),75.39,13,10.24,591.62
Praia Grande (SP),75.04,15.68,4.36,820.97
Praia Norte (TO),68.79,30.4,34.12,210.53
Prainha (PA),71.76,21.9,18.98,193.32
Pranchita (PR),74.24,14.7,9.99,815.6
Prata do Piauí (PI),70.84,25.3,38.24,212.64
Prata (MG),76.12,13.7,10.2,782.28
Pratânia (SP),72.86,18.2,7.98,553.4
Prata (PB),71.31,23.5,25.1,271.47
Pratápolis (MG),76.74,12.8,9.28,636.81
Pratinha (MG),77.24,12.1,11.98,663.39
Presidente Alves (SP),73.65,16.9,10.44,665.72
Presidente Bernardes (MG),73.23,18.2,14.69,341.87
Presidente Bernardes (SP),75.34,14.2,7.99,695.29
Presidente Castello Branco (SC),78,9.7,5.04,1255.85
Presidente Castelo Branco (PR),76.41,10.9,13.42,603.83
Presidente Dutra (BA),68.77,31.3,16.58,280.86
Presidente Dutra (MA),72.3,22.5,23.32,398.15
Presidente Epitácio (SP),75.72,13.6,7.2,680.56
Presidente Figueiredo (AM),73.1,17.4,7.82,396.51
Presidente Getúlio (SC),77.44,10.4,3.23,928.86
Presidente Jânio Quadros (BA),71.29,23.6,36.85,220.1
Presidente Juscelino (MA),69.6,30.6,31.57,133.03
Presidente Juscelino (MG),72.74,19,21.34,340.94
Presidente Juscelino (RN),67.75,33.9,34.91,247.77
Presidente Kennedy (ES),73.5,16.2,18.36,419.97
Presidente Kennedy (TO),74.21,15.7,17.83,398.02
Presidente Kubitschek (MG),72.22,20,14.49,282.93
Presidente Lucena (RS),78.12,8.9,2.31,739.9
Presidente Médici (MA),70.69,27.2,28.04,201.15
Presidente Médici (RO),72.51,19.2,13.23,520.2
Presidente Nereu (SC),76.64,11.4,12.18,934.37
Presidente Olegário (MG),74.88,15.5,11.54,546.68
Presidente Prudente (SP),76.49,12.1,4.11,1080.22
Presidente Sarney (MA),70.13,28.9,33.23,164.13
Presidente Tancredo Neves (BA),68.63,31.8,31.65,270.35
Presidente Vargas (MA),71.1,26,31.76,149.19
Presidente Venceslau (SP),75.19,13.3,6.97,846.18
Primavera de Rondônia (RO),72.94,18.1,14.63,442.61
Primavera do Leste (MT),75.59,14.5,5.05,990.05
Primavera (PA),71.3,23.1,22.81,279.74
Primavera (PE),71.03,23.9,30.37,281.27
Primeira Cruz (MA),68.29,35.1,28.37,129.85
Primeiro de Maio (PR),74.54,13.3,11.17,604.96
Princesa Isabel (PB),68.19,33.2,27.34,334.74
Princesa (SC),74.17,14.8,11.08,626.1
Professor Jamil (GO),74.24,14.2,16.36,526.65
Progresso (RS),76.66,10.6,9.54,643.93
Promissão (SP),75.99,13.3,5.91,726
Propriá (SE),71.58,23,20.05,400.35
Protásio Alves (RS),75.36,13.1,7.36,972.84
Prudente de Morais (MG),72.7,19.1,7.03,481.48
Prudentópolis (PR),73.4,15,8.46,497.84
Pugmil (TO),73.55,17.2,14.11,380.52
Pureza (RN),71.46,22.5,30.69,198.93
Putinga (RS),77.39,9.8,9.09,826.94
Puxinanã (PB),70.23,26.7,23.27,283.93
Quadra (SP),74.3,15.8,9.83,625.35
Quaraí (RS),76.14,11.3,5.92,528.64
Quartel Geral (MG),75.74,14.2,12.89,539.78
Quarto Centenário (PR),74.11,13.9,13.78,723.41
Quatá (SP),73.84,16.6,8.54,648.64
Quatiguá (PR),73.2,15.2,9,590.85
Quatipuru (PA),68.89,30.4,25.08,244.9
Quatis (RJ),73.38,16.4,7.17,535.96
Quatro Barras (PR),74.87,12.9,5.05,800.4
Quatro Irmãos (RS),74.98,12.8,10.27,602.95
Quatro Pontes (PR),75.3,12.3,1.32,1093.43
Quebrangulo (AL),71.52,24.8,35.44,224.78
Quedas do Iguaçu (PR),72.65,17.1,12.02,586.88
Queimada Nova (PI),70.45,26.5,33.72,168.78
Queimadas (BA),70.84,24.9,25.7,245.7
Queimadas (PB),72.73,21.33,24.26,292.5
Queimados (RJ),73.58,16.67,6,484.4
Queiroz (SP),73.65,16.9,14.18,491.84
Queluzito (MG),74.39,16.3,7.27,513.72
Queluz (SP),74.38,15.7,6.86,500.25
Querência do Norte (PR),73.48,14.8,16.67,509.13
Querência (MT),75.19,15.1,8.55,628.89
Quevedos (RS),74.45,13.5,9.36,509.07
Quijingue (BA),66.36,39.9,37.73,228.71
Quilombo (SC),74.93,13.7,8.83,672.58
Quinta do Sol (PR),75.51,12,17.64,583.64
Quintana (SP),73.65,16.9,10.01,581.09
Quinze de Novembro (RS),75.48,12.1,3.73,1046.11
Quipapá (PE),69.57,28.2,39.93,215.92
Quirinópolis (GO),76.76,12.2,10.51,761.68
Quissamã (RJ),74.23,15.2,9.43,616.31
Quitandinha (PR),73.37,15,7.64,452.08
Quiterianópolis (CE),71.46,22.3,35.52,208.58
Quixabá (PB),69.2,29.9,28.26,267.39
Quixaba (PE),70.14,26.5,31.01,216.87
Quixabeira (BA),70.19,26.8,33.33,241.1
Quixadá (CE),71.52,22.2,24.88,317.66
Quixelô (CE),68.49,31.2,39.42,242.27
Quixeramobim (CE),72.33,20,26.4,317.45
Quixeré (CE),71.44,22.4,28.01,260.79
Rafael Fernandes (RN),69.24,29,25.99,311.04
Rafael Godeiro (RN),72.32,20.2,27.54,300.88
Rafael Jambeiro (BA),71.06,24.3,32.56,226.94
Rafard (SP),74.37,15.7,5.02,717.07
Ramilândia (PR),73.11,15.4,16.75,426.7
Rancharia (SP),76.64,12.3,7.65,707.37
Rancho Alegre D'Oeste (PR),74.86,12.9,14.85,528.21
Rancho Alegre (PR),73.5,14.8,11.77,590.51
Rancho Queimado (SC),78.59,9.1,7.37,813.8
Raposa (MA),69.11,32.3,16.45,274
Raposos (MG),74.9,15.5,5.32,646.62
Raul Soares (MG),74.36,16.3,14.74,480.45
Realeza (PR),74.82,13,8.4,704.94
Rebouças (PR),73.82,14.3,7.37,449.27
Recife (PE),74.5,15.56,7.44,1144.26
Recreio (MG),75.45,14.6,11.96,510.95
Recursolândia (TO),69.25,28.9,29.54,168.85
Redenção (CE),70,26.5,26.32,273.08
Redenção da Serra (SP),72.95,18.1,11.06,411.77
Redenção do Gurguéia (PI),70.98,24.9,23.8,255.92
Redenção (PA),73.23,18.1,12.56,529.54
Redentora (RS),72.52,16.4,17.6,346.4
Reduto (MG),73.08,18.5,14.29,449.53
Regeneração (PI),67.85,34.9,34.33,299.65
Regente Feijó (SP),74.1,16.2,7.74,774.14
Reginópolis (SP),74.04,16.3,8.81,685.32
Registro (SP),76.08,13.1,5.94,699.41
Relvado (RS),77.05,10.2,4.95,935.8
Remanso (BA),70.41,26.2,29.47,275.22
Remígio (PB),72.83,19.5,32.98,319.14
Renascença (PR),75.25,12.4,10.31,831.49
Reriutaba (CE),70.63,24.6,31.81,260.65
Resende Costa (MG),74.4,16.3,6.28,580.66
Resende (RJ),75.31,13.85,4.44,915.21
Reserva do Cabaçal (MT),72.93,18.8,19.4,434.88
Reserva do Iguaçu (PR),74.21,13.8,13.31,419.62
Reserva (PR),72.13,16.9,16.01,457.88
Resplendor (MG),74.99,15.4,15.73,504.18
Ressaquinha (MG),75.01,15.3,11.5,424.03
Restinga Seca (RS),74.7,13.2,7.57,660.14
Restinga (SP),74.55,15.4,9.66,499.24
Retirolândia (BA),71.36,23.4,20.44,293.01
Riachão das Neves (BA),71.73,22.4,32.89,212.09
Riachão do Bacamarte (PB),68.26,33,38.58,262.31
Riachão do Dantas (SE),71.87,22.2,31.95,212.37
Riachão do Jacuípe (BA),70.29,26.5,19.2,311.47
Riachão do Poço (PB),69.89,27.7,36.25,225.44
Riachão (MA),70.43,28,21.79,281.53
Riachão (PB),70.75,25.2,34.24,197.04
Riachinho (MG),72.71,19.1,15.41,290.89
Riachinho (TO),70.6,24.8,24.67,182.97
Riacho da Cruz (RN),70.03,26.6,28.07,237.37
Riacho das Almas (PE),70.39,25.8,36.74,306.61
Riacho de Santana (BA),70.82,25,29.83,281.05
Riacho de Santana (RN),71.56,22.2,29.58,237.37
Riacho de Santo Antônio (PB),69.12,30.2,26.8,275.73
Riacho dos Cavalos (PB),70.14,26.9,35,239.15
Riacho dos Machados (MG),73.45,17.8,24.28,255.57
Riacho Frio (PI),70.67,25.8,21.92,161.99
Riachuelo (RN),71.01,23.7,32.68,262.85
Riachuelo (SE),70.96,24.7,18.3,317.28
Rialma (GO),74.6,13.7,8.84,616.74
Rianápolis (GO),75.38,12.7,16.62,529.17
Ribamar Fiquene (MA),69.65,30.5,23.89,317.75
Ribas do Rio Pardo (MS),74.82,18.1,11.15,552.58
Ribeira do Amparo (BA),66.66,38.8,38.91,183.12
Ribeira do Piauí (PI),70.48,26.4,33.32,185.05
Ribeira do Pombal (BA),67.25,36.6,28.29,332.86
Ribeirão Bonito (SP),73.66,16.9,10.11,673.96
Ribeirão Branco (SP),72.83,18.3,13.34,318.44
Ribeirão Cascalheira (MT),74.86,15.6,12.7,512.31
Ribeirão Claro (PR),74.92,12.8,7.94,639.91
Ribeirão Corrente (SP),73.86,16.6,10.21,579.04
Ribeirão das Neves (MG),74.31,16.4,6.72,479.77
Ribeirão do Largo (BA),70.54,25.8,33.89,271.68
Ribeirão do Pinhal (PR),74.43,13.5,16.66,563.87
Ribeirão dos Índios (SP),73.52,17.1,14.61,489.94
Ribeirão do Sul (SP),74.05,16.2,7.65,866.43
Ribeirão Grande (SP),73.43,17.3,13.95,436.21
Ribeirão (PE),67.68,34.5,25.01,324.47
Ribeirão Pires (SP),75.81,12.01,3.62,847.11
Ribeirão Preto (SP),75.65,16.88,3.01,1314.04
Ribeirão Vermelho (MG),76.01,13.8,5.43,617.88
Ribeirãozinho (MT),73.12,18.4,12.48,599.35
Ribeira (SP),72.83,18.3,13.35,416.85
Ribeiro Gonçalves (PI),72.22,21.5,24.24,274.79
Ribeirópolis (SE),71.15,24.2,30.6,357.17
Rifaina (SP),74.42,15.6,7.21,677.62
Rincão (SP),74.53,15.5,8.3,626.27
Rinópolis (SP),75.59,13.8,10.73,606.9
Rio Acima (MG),77.22,12.1,7.56,582.71
Rio Azul (PR),74.14,13.9,4.36,740.31
Rio Bananal (ES),73.1,16.8,14.26,550.55
Rio Bom (PR),75.9,11.5,9,524.89
Rio Bonito do Iguaçu (PR),72.49,16.3,11.9,405.76
Rio Bonito (RJ),74.16,15.2,8.4,643.54
Rio Branco (AC),72.85,20.03,9.71,744.67
Rio Branco do Ivaí (PR),71.96,17.1,16.29,387.85
Rio Branco do Sul (PR),75.84,11.6,11.35,548.8
Rio Branco (MT),73.99,17,15.12,626.09
Rio Brilhante (MS),76.67,15,8.71,705.6
Rio Casca (MG),73.79,17.3,11.96,460.2
Rio Claro (RJ),73.07,16.9,10.84,623.62
Rio Claro (SP),76.72,13.47,3.63,1049.16
Rio Crespo (RO),73.77,16.2,14.36,420.61
Rio da Conceição (TO),68.05,32.8,15.43,256.83
Rio das Antas (SC),74.2,14.7,6.36,737.53
Rio das Flores (RJ),74.32,15,9.26,499.13
Rio das Ostras (RJ),76.26,10.96,3.92,1051.19
Rio das Pedras (SP),75.49,14,6.48,804
Rio de Contas (BA),71.01,24.4,21.48,294.83
Rio de Janeiro (RJ),75.69,13.02,2.98,1492.63
Rio do Antônio (BA),69.38,29.3,30.87,252.98
Rio do Campo (SC),73.18,16.3,6.2,803.46
Rio Doce (MG),73.07,18.5,15.35,439.86
Rio do Fogo (RN),69.28,28.9,28.92,239.1
Rio do Oeste (SC),78.52,9.1,4.27,957.34
Rio do Pires (BA),71,24.4,29.65,274.58
Rio do Prado (MG),73.4,17.9,26.42,283.37
Rio dos Bois (TO),72.69,19.2,20.64,310.91
Rio dos Cedros (SC),74.61,14.1,3.17,795.95
Rio dos Índios (RS),73.21,15.3,16.04,442.12
Rio do Sul (SC),78.61,9,2.95,1114.31
Rio Espera (MG),73.03,18.5,14.37,286.36
Rio Formoso (PE),73.56,17.4,24.57,264.16
Rio Fortuna (SC),75.98,12.2,3.06,1570.51
Rio Grande da Serra (SP),74.36,15.7,5.73,563.57
Rio Grande do Piauí (PI),71.03,24.8,31.69,248.87
Rio Grande (RS),76.66,10.6,4.85,859.2
Riolândia (SP),74.04,16.2,13.77,539.22
Rio Largo (AL),72.25,22.8,19.64,369.11
Rio Manso (MG),73.11,18.4,12.19,536.99
Rio Maria (PA),73.23,18.1,17.29,460.83
Rio Negrinho (SC),75.89,12.4,4.06,664.58
Rio Negro (MS),77.15,14.2,13.75,631.11
Rio Negro (PR),76.75,10.5,3.75,709.13
Rio Novo do Sul (ES),75.21,13.8,9.55,594.24
Rio Novo (MG),75.07,15.2,10.48,519.69
Rio Paranaíba (MG),76.28,13.4,9.3,727.2
Rio Pardo de Minas (MG),72.85,18.8,25.67,306.96
Rio Pardo (RS),75.75,11.8,8.7,633.1
Rio Piracicaba (MG),72.63,19.2,9.14,516.18
Rio Pomba (MG),76.77,12.7,9.64,601.31
Rio Preto da Eva (AM),72.12,19.8,12.13,315.24
Rio Preto (MG),75.84,14.1,12.95,501.52
Rio Quente (GO),77.66,11,5.2,649.71
Rio Real (BA),68.74,31.4,26.69,274.86
Rio Rufino (SC),73.34,16,10.13,463.38
Rio Sono (TO),71.74,21.7,21.8,285.17
Rio Tinto (PB),69.51,28.9,28.26,264.5
Rio Verde de Mato Grosso (MS),76.11,15.9,12.69,570.74
Rio Verde (GO),76.17,11.68,6.84,936.75
Rio Vermelho (MG),72.23,20,29.65,271.44
Riozinho (RS),78.11,9,8.93,587.62
Riqueza (SC),74.79,13.9,9.08,629.81
Ritápolis (MG),73.91,17.1,10.15,453.87
Riversul (SP),72.94,18.1,14.32,412.42
Roca Sales (RS),76.15,11.2,3.22,865.23
Rochedo de Minas (MG),75.92,14,10.02,494.36
Rochedo (MS),74.79,18.2,8.01,538.26
Rodeio Bonito (RS),75.53,12,8.4,767.63
Rodeio (SC),78.34,9.3,3.92,958.15
Rodeiro (MG),72.84,18.9,8.65,635.26
Rodelas (BA),72.41,20.6,23.78,271.59
Rodolfo Fernandes (RN),70.5,25.2,32.64,263.32
Rodrigues Alves (AC),69.18,30.4,34.46,200.58
Rolador (RS),75.06,12.7,8.14,537.31
Rolândia (PR),74.27,13.7,6.53,819.52
Rolante (RS),74.8,13,7.02,656.75
Rolim de Moura (RO),73.46,16.9,9.74,657.65
Romaria (MG),73.78,17.3,8.7,716.47
Romelândia (SC),73.01,16.6,12.01,791.78
Roncador (PR),72.84,16.8,16.62,500.36
Ronda Alta (RS),77.03,10.2,7.55,746.52
Rondinha (RS),75.53,12,4.46,1022.85
Rondolândia (MT),72.98,18.7,16.89,375.85
Rondon do Pará (PA),72.29,20.5,21.75,346.74
Rondonópolis (MT),74.37,16.4,7.68,843.62
Rondon (PR),74.22,14.7,11.39,724.58
Roque Gonzales (RS),75.55,12,7.49,575.83
Rorainópolis (RR),72.86,17.6,15.98,284.22
Rosana (SP),74.1,16.2,7.91,843.59
Rosário da Limeira (MG),73.69,17.4,14.89,465.89
Rosário do Catete (SE),68.84,31.3,15.33,341.06
Rosário do Ivaí (PR),72.27,16.7,21.17,422.97
Rosário do Sul (RS),75.47,12.1,8.1,643.97
Rosário (MA),70.11,29,19.62,271.65
Rosário Oeste (MT),73.44,17.9,18.21,465.66
Roseira (SP),74.38,15.7,5.67,588.39
Roteiro (AL),65.3,46.8,41.22,208.84
Rubelita (MG),73.46,17.8,26.43,248.99
Rubiácea (SP),74.17,16,11.66,565.62
Rubiataba (GO),73.82,14.8,10.75,573
Rubim (MG),73.99,16.9,28.77,311.79
Rubinéia (SP),75.64,13.8,7.39,676.48
Rurópolis (PA),70.86,24.4,19.39,242.49
Russas (CE),72.43,19.8,21.02,372.43
Ruy Barbosa (BA),71.18,23.9,24.46,301.42
Ruy Barbosa (RN),71.8,21.6,34.35,241.96
Sabará (MG),74.99,15.4,5.27,619.93
Sabáudia (PR),75.6,11.9,10.51,663.2
Sabinópolis (MG),73.71,17.4,19.14,420.36
Sabino (SP),73.76,16.7,9,655.4
Saboeiro (CE),67.87,33.3,36.71,220.94
Sacramento (MG),77.25,12.1,6.79,732.35
Sagrada Família (RS),71.9,17.4,14.12,513.97
Sagres (SP),74.78,15.1,14.44,592.88
Sairé (PE),72.05,21.2,36.17,297.91
Saldanha Marinho (RS),75.48,12.1,5.56,823.55
Sales Oliveira (SP),75.71,13.7,5.32,789.73
Salesópolis (SP),74.75,15.1,9.71,576.55
Sales (SP),76.56,12.4,11.09,654.79
Salete (SC),73.18,16.3,4.85,784.32
Salgadinho (PB),69.31,29.5,35.7,217.39
Salgadinho (PE),68.77,30.8,45.4,198.91
Salgado de São Félix (PB),71.2,23.8,39.54,217.45
Salgado Filho (PR),74.83,12.9,11.57,557.15
Salgado (SE),72.35,20.9,29.9,311.33
Salgueiro (PE),72.92,18.9,17.43,441.79
Salinas da Margarida (BA),68.74,31.4,12.93,286.45
Salinas (MG),73.9,17.1,18.62,613.65
Salinópolis (PA),72.87,19,11.99,398.58
Salitre (CE),68.91,29.9,43.41,176.75
Salmourão (SP),75.77,13.6,14.93,544.52
Saloá (PE),69.61,28.1,37.64,259.1
Saltinho (SC),72.68,17.1,15.26,427.12
Saltinho (SP),76.39,12.7,2.82,967.88
Salto da Divisa (MG),75.74,14.2,27.98,306.04
Salto de Pirapora (SP),75.04,14.7,8.38,618.93
Salto do Céu (MT),72.82,19,16.68,488.7
Salto do Itararé (PR),75.15,12.5,15.96,490.56
Salto do Jacuí (RS),75.23,12.4,9.17,596.84
Salto do Lontra (PR),75.36,12.2,10.5,650.57
Salto Grande (SP),74.5,15.5,10.35,499.65
Salto (SP),75.19,13.3,4.18,876.67
Salto Veloso (SC),77.82,9.9,8.13,1011.21
Salvador (BA),75.1,14.92,4.12,973
Salvador das Missões (RS),76.04,11.4,1.96,663.26
Salvador do Sul (RS),75.57,12.8,2.45,852.02
Salvaterra (PA),72.6,19.7,9.79,296.28
Sambaíba (MA),68.66,33.8,24.21,233.92
Sampaio (TO),66.46,38.5,26.52,239.06
Sananduva (RS),75.55,12.8,5.82,931.29
Sanclerlândia (GO),74.92,13.3,13.61,727.33
Sandolândia (TO),72.45,19.8,17.78,393.98
Sandovalina (SP),73.73,16.8,11.99,502.4
Sangão (SC),76.16,12,7.84,730.38
Sanharó (PE),70.47,25.5,27.77,267.58
Santa Adélia (SP),75.08,13.5,8.03,853.14
Santa Albertina (SP),73.51,17.1,10.54,686.89
Santa Amélia (PR),73.55,14.7,11.93,470.75
Santa Bárbara (BA),71.5,23,23.74,251.87
Santa Bárbara de Goiás (GO),74.9,13.3,13.7,508.41
Santa Bárbara D'Oeste (SP),77.04,10.58,3.87,863.02
Santa Bárbara do Leste (MG),73.01,18.6,14.42,351.59
Santa Bárbara do Monte Verde (MG),74.37,16.3,15.99,371.34
Santa Bárbara do Pará (PA),72.06,21.1,9.01,287.25
Santa Bárbara do Sul (RS),75.48,12.1,7.21,689.09
Santa Bárbara do Tugúrio (MG),73.57,17.6,15.42,370.7
Santa Bárbara (MG),73.97,17,6.2,535.84
Santa Branca (SP),74.68,15.2,7.26,645.59
Santa Brígida (BA),67.58,35.4,37.06,220.77
Santa Carmem (MT),74.64,15.9,8.71,635.43
Santa Cecília do Pavão (PR),75.28,12.3,18.94,553.12
Santa Cecília do Sul (RS),75.34,13.1,5.47,1029.23
Santa Cecília (PB),66.94,37.7,38.98,197.49
Santa Cecília (SC),74.12,14.8,10.47,610.94
Santa Clara D'Oeste (SP),73.25,17.6,11.42,672.98
Santa Clara do Sul (RS),75.57,12.8,4.07,833.67
Santa Cruz Cabrália (BA),72.03,21.6,17.2,388.28
Santa Cruz da Baixa Verde (PE),72.14,20.9,27.8,256.26
Santa Cruz da Conceição (SP),77.56,11.1,5.65,1400.46
Santa Cruz da Esperança (SP),74.89,14.9,5.82,700.57
Santa Cruz das Palmeiras (SP),73.87,16.5,8.62,829.66
Santa Cruz da Vitória (BA),72.17,21.2,26.16,282.42
Santa Cruz de Goiás (GO),74.64,13.7,15.18,624.37
Santa Cruz de Minas (MG),75.35,14.8,5.53,485.28
Santa Cruz de Monte Castelo (PR),74.83,12.9,13.79,552.67
Santa Cruz de Salinas (MG),70.41,23.4,29.12,242.55
Santa Cruz do Arari (PA),71.51,22.5,12.37,161.13
Santa Cruz do Capibaribe (PE),73.35,17.9,17.12,507.05
Santa Cruz do Escalvado (MG),73.91,17.1,16.69,374.23
Santa Cruz do Piauí (PI),68.22,33.6,37.82,278.49
Santa Cruz do Rio Pardo (SP),77,10.9,5.77,818.3
Santa Cruz dos Milagres (PI),68.14,33.9,36.62,208.49
Santa Cruz do Sul (RS),76.1,11.76,3.51,1036.87
Santa Cruz do Xingu (MT),74.7,15.8,9.68,639.44
Santa Cruz (PB),71.73,22.4,29.86,291.16
Santa Cruz (PE),68.31,32.3,35.17,206.07
Santa Cruz (RN),70.67,24.7,26.13,327.61
Santa Efigênia de Minas (MG),72.57,19.4,21.87,293.27
Santa Ernestina (SP),73.14,17.8,7.6,688.24
Santa Fé de Goiás (GO),75.84,12.1,13.67,635.23
Santa Fé de Minas (MG),73.26,18.2,20.41,313.25
Santa Fé do Araguaia (TO),73.21,18,21.72,342.15
Santa Fé do Sul (SP),75.41,13,6.79,924.06
Santa Fé (PR),73.5,15.8,9.26,709.44
Santa Filomena do Maranhão (MA),68.31,35,34.57,140.76
Santa Filomena (PE),70.1,26.6,34.68,175.48
Santa Filomena (PI),72.34,21.2,26.69,216.61
Santa Gertrudes (SP),75.84,13.5,4.88,718.03
Santa Helena de Goiás (GO),74.4,14,13.18,769.09
Santa Helena de Minas (MG),68.37,27.8,34.03,218.43
Santa Helena (MA),69.73,30.2,24.45,217.94
Santa Helena (PB),72.16,21.3,27.99,277.52
Santa Helena (PR),74.38,13.6,8.25,791.53
Santa Helena (SC),74.99,13.6,10.62,644.48
Santa Inês (BA),67.25,36.6,30.51,280.25
Santa Inês (MA),72.25,22.7,18.92,411.04
Santa Inês (PB),67.35,36.2,34.92,229.72
Santa Inês (PR),74.61,13.2,14.05,533.95
Santa Isabel do Ivaí (PR),74.04,15,12.84,610.69
Santa Isabel do Pará (PA),72.87,19,10.15,384.17
Santa Isabel do Rio Negro (AM),69.2,27.9,33.43,141.04
Santa Isabel (GO),74.09,14.4,14.98,480.67
Santa Isabel (SP),75.02,14.7,7.98,623.11
Santa Izabel do Oeste (PR),74.57,13.3,10.49,540.49
Santa Juliana (MG),77.06,12.4,7.58,735
Santa Leopoldina (ES),72.79,17.3,14.14,445.57
Santa Lúcia (PR),72.7,17,13.78,578.04
Santa Lúcia (SP),74.1,16.2,8.53,609.37
Santaluz (BA),70.82,25,25.42,260.09
Santa Luzia (BA),71.07,24.2,32.31,267.88
Santa Luzia D'Oeste (RO),73.73,16.3,14.13,476.08
Santa Luzia do Itanhy (SE),70.82,25.1,36.6,194.24
Santa Luzia do Norte (AL),71.17,25.8,25.05,295.95
Santa Luzia do Pará (PA),68.41,31.9,27.08,217.11
Santa Luzia do Paruá (MA),68.4,34.7,25.97,301.39
Santa Luzia (MA),67.02,39.8,36.18,210.3
Santa Luzia (MG),76.52,11.3,5.08,557.62
Santa Luzia (PB),73.23,18.5,21.25,379.3
Santa Luz (PI),71.1,24.6,28.26,228.71
Santa Margarida do Sul (RS),77.22,10,13.27,588.3
Santa Margarida (MG),72.07,20.2,12.78,416.11
Santa Maria da Boa Vista (PE),71.39,22.9,22.84,267.86
Santa Maria das Barreiras (PA),72,21.2,19.87,253.55
Santa Maria da Serra (SP),74.18,16,9.15,578.55
Santa Maria da Vitória (BA),70.49,25.9,25.97,318.31
Santa Maria de Itabira (MG),74.24,16.5,15.1,382.99
Santa Maria de Jetibá (ES),75.04,14,11.7,603.33
Santa Maria do Cambucá (PE),69.08,29.8,37.83,279.1
Santa Maria do Herval (RS),75.77,11.7,1.98,689.47
Santa Maria do Oeste (PR),72.37,16.5,15.84,334.84
Santa Maria do Pará (PA),70.85,24.4,21.67,323.98
Santa Maria do Salto (MG),70.92,22.4,30.48,321.15
Santa Maria do Suaçuí (MG),74.03,16.9,26.25,401.16
Santa Maria do Tocantins (TO),72.05,20.9,19.17,334.09
Santa Maria Madalena (RJ),72.79,17.3,13.68,522.66
Santa Mariana (PR),73.25,15.2,14.62,564.1
Santa Maria (RN),71.73,21.8,31.19,251.9
Santa Maria (RS),75.89,11.6,3.33,1127.25
Santa Mercedes (SP),75.79,13.5,12.6,561.64
Santa Mônica (PR),72.53,17.3,13.81,614.27
Santana (AP),72.65,17.7,10.65,469.24
Santana (BA),71.58,22.8,27.9,304.18
Santana da Boa Vista (RS),73.13,15.4,14.78,404.01
Santana da Ponte Pensa (SP),75.41,13,9.42,856.78
Santana da Vargem (MG),75.98,13.9,9.58,553.7
Santana de Cataguases (MG),72.58,19.3,11.87,437.81
Santana de Mangueira (PB),70.36,26.3,39.08,166.28
Santana de Parnaíba (SP),75.92,15.49,4.78,1858.69
Santana de Pirapama (MG),73.93,17,18.83,373.14
Santana do Acaraú (CE),70.28,25.6,32.07,224.83
Santana do Araguaia (PA),71.43,22.8,15.84,316.81
Santana do Cariri (CE),71.72,21.6,32.97,212.7
Santana do Deserto (MG),75.93,13.9,10.2,484.73
Santana do Garambéu (MG),74.32,16.4,17.84,452.48
Santana do Ipanema (AL),71.17,25.8,31.06,293.85
Santana do Itararé (PR),75.87,11.6,17.32,467.18
Santana do Jacaré (MG),72.37,19.7,16.23,470.2
Sant'Ana do Livramento (RS),75.77,11.7,4.47,685.04
Santana do Manhuaçu (MG),73.53,17.7,18.91,383.28
Santana do Maranhão (MA),70.45,27.9,37.83,127.77
Santana do Matos (RN),71.04,23.6,30.69,258.64
Santana do Mundaú (AL),70.13,29,42.22,194.87
Santana do Paraíso (MG),77.66,11.5,9.97,495.81
Santana do Piauí (PI),69.16,30.5,32.4,228.52
Santana do Riacho (MG),75.02,15.3,16.36,432.77
Santana do São Francisco (SE),67.98,34.2,22.73,236.25
Santana do Seridó (RN),71.04,23.6,20.66,325.16
Santana dos Garrotes (PB),71.3,23.6,37.73,274.26
Santana dos Montes (MG),73.04,18.5,11.8,352.48
Santanópolis (BA),69.76,28.1,26.19,263.19
Santa Quitéria (CE),71.48,22.3,29.94,238.84
Santa Quitéria do Maranhão (MA),70.61,27.4,35.61,168.77
Santarém Novo (PA),71.42,22.8,18.86,203
Santarém (PA),73.44,17.91,8.07,409.07
Santarém (PB),70.91,24.7,38.54,249.67
Santa Rita de Caldas (MG),74.36,16.3,8.78,597.4
Santa Rita de Cássia (BA),70.93,24.6,22.93,267.32
Santa Rita de Ibitipoca (MG),72.6,19.3,18.56,391.79
Santa Rita de Jacutinga (MG),74.58,16,13.14,535.45
Santa Rita de Minas (MG),72.48,19.5,17.39,395.61
Santa Rita do Araguaia (GO),75.5,12.5,10.66,634.76
Santa Rita D'Oeste (SP),75.31,14.3,12.01,666.14
Santa Rita do Itueto (MG),71.76,20.8,20.03,352.98
Santa Rita do Novo Destino (GO),74.19,14.3,24.79,425.3
Santa Rita do Pardo (MS),73.01,21.5,13.47,471.42
Santa Rita do Passa Quatro (SP),78.22,9.5,4.65,930.59
Santa Rita do Sapucaí (MG),74.8,15.6,9.09,738.4
Santa Rita do Tocantins (TO),74.8,14.4,16.1,402.99
Santa Rita do Trivelato (MT),76.1,13.7,5.6,790.41
Santa Rita (MA),69.59,30.7,23.93,249.26
Santa Rita (PB),71.43,21.18,22.01,328.16
Santa Rosa da Serra (MG),76.95,12.5,13.4,603.01
Santa Rosa de Goiás (GO),75.65,12.3,15.98,438.54
Santa Rosa de Lima (SC),75.55,12.8,5.25,731.43
Santa Rosa de Lima (SE),70.94,24.8,29.28,213.07
Santa Rosa de Viterbo (SP),77.1,11.7,5.18,829.2
Santa Rosa do Piauí (PI),66.96,38.2,33.91,229.29
Santa Rosa do Purus (AC),71.86,22.4,27.62,201.58
Santa Rosa do Sul (SC),73.38,16,7.09,630.29
Santa Rosa do Tocantins (TO),71.77,21.6,19.44,284.63
Santa Rosa (RS),77.25,9.53,3.95,863.61
Santa Salete (SP),76.83,12.1,6.18,673.2
Santa Teresa (ES),75.04,14,10.38,716.25
Santa Teresinha (BA),73.24,18.5,27.6,243.04
Santa Teresinha (PB),74.19,16.2,29.29,306.95
Santa Tereza de Goiás (GO),74.47,13.9,15.11,416.11
Santa Tereza do Oeste (PR),73.47,15.8,8.09,573.27
Santa Tereza do Tocantins (TO),74,16.2,15.86,373.96
Santa Tereza (RS),76.17,11.2,3.66,935.56
Santa Terezinha de Goiás (GO),74.56,13.8,15.5,447.39
Santa Terezinha de Itaipu (PR),73.81,14.4,7.81,688.34
Santa Terezinha do Progresso (SC),72.45,17.5,14.25,572.73
Santa Terezinha do Tocantins (TO),70.5,25.1,23.82,301.14
Santa Terezinha (MT),70.65,23,16.85,326.47
Santa Terezinha (PE),69.2,29.4,26.53,229.83
Santa Terezinha (SC),74.01,15,6.08,421.9
Santa Vitória do Palmar (RS),76.66,10.6,6.88,657.76
Santa Vitória (MG),76.88,12.6,12.95,698.7
Santiago do Sul (SC),73.68,15.5,12.22,756
Santiago (RS),77.93,9.37,4.8,828.78
Santo Afonso (MT),75.03,15.3,18.53,472.29
Santo Amaro (BA),71.29,23.6,13.4,392.75
Santo Amaro da Imperatriz (SC),78.4,9.3,5.47,867.13
Santo Amaro das Brotas (SE),71.7,22.6,20.36,362.46
Santo Amaro do Maranhão (MA),69.27,31.7,27.45,135.04
Santo Anastácio (SP),76.22,12.9,7.45,726.34
Santo André (PB),72.79,19.6,29.21,273.72
Santo André (SP),76.66,12.58,2.88,1304.31
Santo Ângelo (RS),76.78,10.87,4.48,936.27
Santo Antônio da Alegria (SP),74.8,15,5.94,585.63
Santo Antônio da Barra (GO),75.1,13,19.93,502.83
Santo Antônio da Patrulha (RS),76.97,10.3,9.54,696.41
Santo Antônio da Platina (PR),74.03,14,10.35,765.04
Santo Antônio das Missões (RS),75.1,12.6,9.96,522.77
Santo Antônio de Goiás (GO),74.92,13.3,9.31,574.63
Santo Antônio de Jesus (BA),73.92,16.9,13.08,540.38
Santo Antônio de Lisboa (PI),67.21,37.2,30.34,329.44
Santo Antônio de Pádua (RJ),73.33,16.5,9.8,657.53
Santo Antônio de Posse (SP),75.3,14.3,8.29,695.67
Santo Antônio do Amparo (MG),74.39,16.3,13.57,431.56
Santo Antônio do Aracanguá (SP),75.41,14.1,10.07,662.71
Santo Antônio do Aventureiro (MG),75.45,14.6,14.51,485.5
Santo Antônio do Caiuá (PR),74.21,14.7,14,455.52
Santo Antônio do Descoberto (GO),74.07,14.5,9.83,449.39
Santo Antônio do Grama (MG),74.36,16.3,16.34,393.12
Santo Antônio do Içá (AM),70.52,24,23.18,122.21
Santo Antônio do Itambé (MG),72.65,19.2,25.68,225.85
Santo Antônio do Jacinto (MG),71.33,21.6,31.77,286.56
Santo Antônio do Jardim (SP),75.12,14.5,8.97,635.11
Santo Antônio do Leste (MT),76.15,13.6,10.38,481.45
Santo Antônio do Leverger (MT),73.38,18,17.61,460.13
Santo Antônio do Monte (MG),75.37,14.8,6.78,781.49
Santo Antônio do Palma (RS),76.15,11.2,5.53,1069.61
Santo Antônio do Paraíso (PR),73.8,15.3,13.79,561.33
Santo Antônio do Pinhal (SP),73.69,16.8,8.58,569.08
Santo Antônio do Planalto (RS),78.11,9,5.87,626.67
Santo Antônio do Retiro (MG),72.03,20.3,34.48,183.75
Santo Antônio do Rio Abaixo (MG),74.39,16.3,19.87,370.28
Santo Antônio dos Lopes (MA),67.86,36.6,33.37,240.2
Santo Antônio dos Milagres (PI),71.57,23.2,30.03,208.58
Santo Antônio do Sudoeste (PR),73.42,14.9,12.52,585.95
Santo Antônio do Tauá (PA),70.18,26.3,12.45,331.12
Santo Antônio (RN),71.94,21.2,32.99,323.81
Santo Augusto (RS),75.42,12.2,9.63,866.86
Santo Cristo (RS),74.2,13.8,2.71,832.4
Santo Estêvão (BA),73.47,18,23.32,358.13
Santo Expedito do Sul (RS),76.15,11.3,8.12,547.94
Santo Expedito (SP),74.69,15.2,12.13,497.6
Santo Hipólito (MG),74.44,16.2,18.06,431.72
Santo Inácio do Piauí (PI),71.55,23.3,31.84,235.42
Santo Inácio (PR),75.6,11.9,10.01,829.4
Santópolis do Aguapeí (SP),74.78,15.1,9.03,551.5
Santos Dumont (MG),75.84,14.1,7.69,578.64
Santos (SP),76.13,13.7,2.29,1693.65
São Benedito (CE),70.84,24.1,29.81,263.94
São Benedito do Rio Preto (MA),69.95,29.5,34.12,147.34
São Benedito do Sul (PE),69.17,29.5,35.28,178.27
São Bentinho (PB),72.22,21.1,35.07,286.99
São Bento Abade (MG),73.03,18.5,13.97,458.65
São Bento do Norte (RN),70.62,24.8,35.33,231.17
São Bento do Sapucaí (SP),73.69,16.8,8.88,701.89
São Bento do Sul (SC),77.25,10.6,2.54,923.29
São Bento do Tocantins (TO),69.14,29.2,21.53,324.27
São Bento do Trairí (RN),70.79,24.4,30.43,210.78
São Bento do Una (PE),72.34,20.4,31.95,319.47
São Bento (MA),70.72,27.1,21.23,210.47
São Bento (PB),71.16,24,35.69,328.99
São Bernardino (SC),74.34,14.5,12.78,465.1
São Bernardo do Campo (SP),76.65,12.84,3.18,1212.65
São Bernardo (MA),70.7,27.2,31.8,196.57
São Bonifácio (SC),76.61,11.4,3.81,745.72
São Borja (RS),76.61,10.7,6.93,705.72
São Brás (AL),68.93,33,38.02,220.92
São Brás do Suaçuí (MG),73.04,18.5,5.01,532.9
São Braz do Piauí (PI),71.23,24.2,32.92,220.96
São Caetano de Odivelas (PA),71.01,23.9,12.25,247.8
São Caetano do Sul (SP),78.2,9.5,1.59,2043.74
São Caitano (PE),70.38,25.8,31.58,300.16
São Carlos do Ivaí (PR),74.52,13.4,11.6,635.85
São Carlos (SC),77.01,10.9,4.96,924.02
São Carlos (SP),76.78,11.19,3.81,1079.45
São Cristovão do Sul (SC),73.74,15.4,13.35,507.73
São Cristóvão (SE),73.01,18.77,13.72,388.36
São Desidério (BA),69.52,28.9,27.73,302.2
São Domingos (BA),70.39,26.2,23.51,335.76
São Domingos das Dores (MG),73.01,18.6,13.92,338.29
São Domingos do Araguaia (PA),69.25,29.2,21.48,400.66
São Domingos do Azeitão (MA),68.92,32.9,32.26,288.68
São Domingos do Capim (PA),71.38,22.9,24,189.39
São Domingos do Cariri (PB),71.38,23.4,25.77,341.56
São Domingos do Maranhão (MA),67.76,37,30.34,243.74
São Domingos do Norte (ES),73.66,16,12.85,547.57
São Domingos do Prata (MG),74.36,16.3,9.4,531.92
São Domingos do Sul (RS),75.33,13.1,4.74,1025.84
São Domingos (GO),74.77,13.5,25.19,288.36
São Domingos (PB),70.21,26.7,40.88,253.36
São Domingos (SC),76.66,11.4,9.91,956.19
São Domingos (SE),70.36,26.5,36.1,281.44
São Felipe (BA),72.21,21.1,24.27,268.96
São Felipe D'Oeste (RO),71.78,21,15.9,368.24
São Félix (BA),71.11,24.1,15.98,299.65
São Félix de Balsas (MA),71.65,24.4,31.83,199.47
São Félix de Minas (MG),72.68,19.2,24.33,312.33
São Félix do Araguaia (MT),75.86,14.1,13.3,461.47
São Félix do Coribe (BA),72.03,21.6,18.29,335.9
São Félix do Piauí (PI),69.52,29.3,36.46,309.48
São Félix do Tocantins (TO),71.28,22.9,22.44,244.55
São Félix do Xingu (PA),72.87,19,12.26,423.85
São Fernando (RN),69.98,26.7,29.09,316.21
São Fidélis (RJ),72.21,18.2,10.76,567.23
São Francisco de Assis do Piauí (PI),69.04,30.9,41.71,141.81
São Francisco de Assis (RS),74.1,14,9.21,553.81
São Francisco de Goiás (GO),74.47,13.9,15.77,479.13
São Francisco de Itabapoana (RJ),72.44,17.8,20.08,375.49
São Francisco de Paula (MG),73.69,17.4,14.1,484.92
São Francisco de Paula (RS),76.57,10.7,7.92,628.15
São Francisco de Sales (MG),77.01,12.4,11.24,665.68
São Francisco do Brejão (MA),69.86,29.8,29,253.78
São Francisco do Conde (BA),73.71,17.4,10.83,433.23
São Francisco do Glória (MG),74.96,15.4,16.24,449.2
São Francisco do Guaporé (RO),70.04,25.8,10.42,477.9
São Francisco do Maranhão (MA),68.96,32.8,38.96,182.63
São Francisco do Oeste (RN),71.75,21.7,28.58,298.15
São Francisco do Pará (PA),72.08,21,17.25,279.19
São Francisco do Piauí (PI),69.64,29,34.75,256.79
São Francisco do Sul (SC),76.35,11.8,3.87,801.49
São Francisco (MG),73.26,18.2,19.11,325.23
São Francisco (PB),68.58,31.9,33.32,261.15
São Francisco (SE),68.89,31.1,28.59,267.3
São Francisco (SP),73.82,16.6,12.31,643.37
São Gabriel (BA),67.21,36.7,21.2,245.38
São Gabriel da Cachoeira (AM),71.59,19.32,15.87,355.51
São Gabriel da Palha (ES),75.08,14,11.27,792.54
São Gabriel do Oeste (MS),76.01,16.1,6.08,855.21
São Gabriel (RS),74.31,13.7,8.46,667.06
São Geraldo da Piedade (MG),71.43,21.4,23.47,391.27
São Geraldo do Araguaia (PA),72.55,19.8,20.34,322.95
São Geraldo do Baixio (MG),74.43,16.2,22.43,404.81
São Geraldo (MG),74.85,15.6,11.08,474.14
São Gonçalo do Abaeté (MG),72.75,19,12.6,502.57
São Gonçalo do Amarante (CE),71.47,22.3,21.86,309.14
São Gonçalo do Amarante (RN),74.72,14.6,15.68,377.16
São Gonçalo do Gurguéia (PI),67.06,37.8,26.78,281.43
São Gonçalo do Pará (MG),75.53,14.5,6.98,558.07
São Gonçalo do Piauí (PI),69.34,29.9,29.9,227.37
São Gonçalo do Rio Abaixo (MG),72.52,19.4,12.53,479.04
São Gonçalo do Rio Preto (MG),73.91,17.1,19.15,321.22
São Gonçalo do Sapucaí (MG),75.99,13.8,8.56,648.31
São Gonçalo dos Campos (BA),70.14,27,16.06,419.27
São Gonçalo (RJ),74.96,14.55,3.74,669.3
São Gotardo (MG),76.27,13.4,8.55,795.14
São Jerônimo da Serra (PR),74.31,13.6,18.45,393.81
São Jerônimo (RS),74.34,13.7,9.07,768.93
São João Batista do Glória (MG),75.69,14.3,10.44,676.07
São João Batista (MA),70.09,29.1,23.74,171.53
São João Batista (SC),76.9,11.1,3.66,794.12
São João da Baliza (RR),71.81,20.2,12.63,365.67
São João da Barra (RJ),73.02,16.9,10.38,570.38
São João da Boa Vista (SP),77.23,9.45,4.03,998.31
São João da Canabrava (PI),68.55,32.5,39.44,229.34
São João da Fronteira (PI),70.18,27.3,40.65,198.13
São João da Lagoa (MG),73.78,17.3,16.98,286.35
São João D'Aliança (GO),73.73,15,15.46,457.89
São João da Mata (MG),74.29,16.4,11.49,538.08
São João da Paraúna (GO),74.05,14.5,12.75,619.67
São João da Ponta (PA),71,24,9.22,206.18
São João da Ponte (MG),72.17,20.1,31.62,258.77
São João das Duas Pontes (SP),73.34,17.4,10.58,532.23
São João da Serra (PI),70.39,26.6,41.26,237.11
São João das Missões (MG),71.57,21.2,33.46,181.77
São João da Urtiga (RS),74.67,13.2,9.73,632.23
São João da Varjota (PI),67.46,36.4,38.56,224.99
São João de Iracema (SP),74.97,14.8,11.88,559.18
São João Del Rei (MG),76.57,13,4.18,764.74
São João de Meriti (RJ),74.87,14.56,3.54,597.57
São João de Pirabas (PA),70.18,26.3,22.51,215.54
São João do Araguaia (PA),69.47,28.5,26.95,216.86
São João do Arraial (PI),68.2,33.7,39.6,174.82
São João do Caiuá (PR),72.08,18.1,14.19,545.41
São João do Cariri (PB),72.79,19.6,20.12,373.55
São João do Carú (MA),66.01,43.7,38.22,165.38
São João do Itaperiú (SC),77.37,10.5,7.09,680.25
São João do Ivaí (PR),73.2,15.2,17.29,540.31
São João do Jaguaribe (CE),72.04,20.8,27.29,378.76
São João do Manhuaçu (MG),75.16,15.1,15.27,484.15
São João do Manteninha (MG),73.3,18.1,22.65,385.78
São João do Oeste (SC),77.35,10.5,1.04,881.09
São João do Oriente (MG),73.32,18.1,17.77,404.69
São João do Pacuí (MG),72.85,18.8,24.17,346.53
São João do Paraíso (MA),70.16,28.8,23.03,251.04
São João do Paraíso (MG),73.46,17.8,30.17,300.81
São João do Pau D'Alho (SP),76.26,12.9,11.7,680.13
São João do Piauí (PI),71.16,24.4,23.79,368.36
São João do Polêsine (RS),75.84,12.4,4.88,841.33
São João do Rio do Peixe (PB),71.94,21.8,29.64,306.87
São João do Sabugi (RN),71.73,21.8,21.84,379.2
São João do Soter (MA),67.63,37.5,43.11,165.1
São João dos Patos (MA),68.55,34.2,25.98,362.47
São João do Sul (SC),75.39,13,8.25,558.4
São João do Tigre (PB),70.45,26,38.3,207.42
São João do Triunfo (PR),73.08,15.4,8.49,471.43
São João Evangelista (MG),73.37,18,17.94,378.41
São João Nepomuceno (MG),75.98,13.9,5.62,608.32
São João (PE),71.09,23.7,35.72,269.44
São João (PR),75.27,12.4,8.2,605.55
São Joaquim da Barra (SP),75.8,12.5,5.28,799.93
São Joaquim de Bicas (MG),75.62,14.4,9.21,498.26
São Joaquim do Monte (PE),69.47,28.6,37.93,244.22
São Joaquim (SC),74.01,15,6.19,641.75
São Jorge D'Oeste (PR),73.75,14.4,7.79,641.7
São Jorge do Ivaí (PR),73.59,15.6,9.56,738.42
São Jorge do Patrocínio (PR),73.62,14.6,15.47,630.8
São Jorge (RS),75.73,12.6,4.07,853.6
São José da Barra (MG),77.56,11.7,7.04,714.22
São José da Bela Vista (SP),75.61,13.8,11.97,548.31
São José da Boa Vista (PR),71.88,18.4,12.39,458.85
São José da Coroa Grande (PE),69.15,29.6,25.19,304.5
São José da Lagoa Tapada (PB),68.34,32.7,45.42,216.66
São José da Laje (AL),70.28,28.6,33.99,284.02
São José da Lapa (MG),75.63,14.4,5.81,540.26
São José da Safira (MG),70.91,22.4,25.68,334.87
São José das Missões (RS),71.9,17.4,10.04,462.15
São José das Palmeiras (PR),75.64,11.9,14.97,570.26
São José da Tapera (AL),67.2,39.2,40.63,188.84
São José da Varginha (MG),76.41,13.2,7.73,555.77
São José da Vitória (BA),66.16,40.7,30.62,250.42
São José de Caiana (PB),70.7,25.3,34.97,238.28
São José de Espinharas (PB),72.41,20.6,34.35,234.08
São José de Mipibu (RN),69.86,27.1,26.31,331.85
São José de Piranhas (PB),70.31,26.4,26.92,321.53
São José de Princesa (PB),70.89,24.7,34.24,221.16
São José de Ribamar (MA),72.38,20.49,7.21,435.4
São José de Ubá (RJ),72.88,17.2,15.64,410.44
São José do Alegre (MG),75.2,15,10.14,537.13
São José do Barreiro (SP),73.8,16.7,11.58,506.16
São José do Belmonte (PE),71.12,23.7,30.43,275.14
São José do Bonfim (PB),67.76,34.7,28.7,244.14
São José do Brejo do Cruz (PB),71.58,22.8,30.06,223.11
São José do Calçado (ES),73.81,15.8,13.07,514.57
São José do Campestre (RN),72.34,20.2,31.68,267.55
São José do Cedro (SC),74.79,13.9,6.36,866.73
São José do Cerrito (SC),74.61,14.1,13.76,375.44
São José do Divino (MG),71.7,20.9,22.71,396.81
São José do Divino (PI),71.5,23.4,39.02,214.48
São José do Egito (PE),71.13,23.6,23.56,338.9
São José do Goiabal (MG),73.83,17.2,13.21,476.92
São José do Herval (RS),75.8,11.7,17.67,626.93
São José do Hortêncio (RS),74.46,13.5,1.43,693.46
São José do Inhacorá (RS),74.29,13.7,2.77,720.69
São José do Jacuípe (BA),68.54,32.1,30.77,253.57
São José do Jacuri (MG),69.96,24.4,21.85,298.57
São José do Mantimento (MG),74.36,16.3,17.43,359.93
São José do Norte (RS),72.52,16.4,18.48,493.78
São José do Ouro (RS),75.73,11.8,6.26,901.51
São José do Peixe (PI),70.96,25,32.51,242.73
São José do Piauí (PI),67.02,37.9,40.48,275.18
São José do Povo (MT),72.58,19.4,15.94,402.85
São José do Rio Claro (MT),75.47,14.6,12.88,580.99
São José do Rio Pardo (SP),77.05,10.9,5.03,818.61
São José do Rio Preto (SP),75.74,13.6,3.32,1169.16
São José do Sabugi (PB),71.88,22,29.05,302.36
São José dos Ausentes (RS),73.05,15.6,7.65,529.71
São José dos Basílios (MA),68.13,35.7,35.88,180.77
São José dos Campos (SP),76.27,13.49,3.09,1190.96
São José dos Cordeiros (PB),71.69,22.5,24.22,233.71
São José do Seridó (RN),73.89,16.4,17.46,414.22
São José dos Pinhais (PR),76.53,10.63,3.6,846.93
São José dos Quatro Marcos (MT),73.95,17,12.93,653.02
São José dos Ramos (PB),69.26,29.7,41.29,212.12
São José do Sul (RS),75.14,13.4,2.42,989.48
São José do Vale do Rio Preto (RJ),73.33,16.5,10.79,517.99
São José do Xingu (MT),74.7,15.8,15.69,635.63
São José (SC),77.81,10,2.73,1157.43
São Julião (PI),71.47,23.5,40.97,321.2
São Leopoldo (RS),76.65,10.09,3.32,939.93
São Lourenço da Mata (PE),72.57,19.8,16.94,364.43
São Lourenço da Serra (SP),74.36,15.7,8.75,640.64
São Lourenço do Oeste (SC),73.43,15.9,7.14,841.27
São Lourenço do Piauí (PI),70.17,27.3,26.34,261.24
São Lourenço do Sul (RS),75.95,11.5,5.3,713.88
São Lourenço (MG),77.28,11.5,4.47,831.32
São Ludgero (SC),75.01,13.6,4.01,884.18
São Luís de Montes Belos (GO),73.55,15.2,10.35,712.23
São Luís do Curu (CE),68.13,32.4,23.96,257.9
São Luís do Paraitinga (SP),74.54,15.4,10.53,590.68
São Luis do Piauí (PI),70.44,26.5,36.37,202.89
São Luís do Quitunde (AL),67.05,39.8,36.6,244.85
São Luís Gonzaga do Maranhão (MA),67.94,36.4,38.3,182.83
São Luís (MA),73.76,18.1,4.92,805.36
São Luíz do Norte (GO),73.04,16,17.51,435.99
São Luiz Gonzaga (RS),76.31,11.1,7.14,698.77
São Luiz (RR),72.29,19,13.27,344.73
São Mamede (PB),70.87,24.8,25.95,371.01
São Manoel do Paraná (PR),74.5,14.3,14.31,710.62
São Manuel (SP),73.29,17.5,7.46,773.82
São Marcos (RS),76.31,11.1,4.11,991.51
São Martinho da Serra (RS),75.89,11.6,10.07,482.31
São Martinho (RS),74.78,13.1,6.52,771.81
São Martinho (SC),74.8,13.8,4.48,870.77
São Mateus do Maranhão (MA),68.37,34.8,34.02,396.29
São Mateus do Sul (PR),75.29,12.3,4.09,669.78
São Mateus (ES),75.55,13.3,10.5,699.99
São Miguel Arcanjo (SP),72.95,18.1,8.52,657.07
São Miguel da Baixa Grande (PI),71.45,23.6,40.21,256.03
São Miguel da Boa Vista (SC),72.67,17.1,11.94,767.85
São Miguel das Matas (BA),71.98,21.7,26.82,274.08
São Miguel das Missões (RS),74.26,13.8,9.65,531.71
São Miguel de Taipu (PB),68.26,33,43.79,198.63
São Miguel do Aleixo (SE),70.16,27.1,37.03,279.25
São Miguel do Anta (MG),74.7,15.8,18.24,370.37
São Miguel do Araguaia (GO),74.1,14.4,13.17,507.02
São Miguel do Fidalgo (PI),69.83,28.4,34.8,185.84
São Miguel do Gostoso (RN),72.39,20,32.51,257.1
São Miguel do Guamá (PA),70.1,26.6,18.49,299.95
São Miguel do Guaporé (RO),71.87,20.8,11.84,440.6
São Miguel do Iguaçu (PR),74.08,14,8.67,734.88
São Miguel do Oeste (SC),78.06,9.7,4.9,1072.6
São Miguel do Passa Quatro (GO),73.09,15.9,13.19,553.79
São Miguel dos Campos (AL),71.21,25.7,22.98,360.82
São Miguel dos Milagres (AL),70.14,29,30.82,237.78
São Miguel do Tapuio (PI),71.8,22.6,38.96,189.01
São Miguel do Tocantins (TO),70.7,24.6,27.18,298.31
São Miguel (RN),69.83,27.76,32.62,285.2
São Nicolau (RS),71.69,17.7,13.92,479.55
São Patrício (GO),74.99,13.2,12.83,509.66
São Paulo das Missões (RS),74.52,13.4,6.55,577.86
São Paulo de Olivença (AM),71.77,20.6,24.86,150.28
São Paulo do Potengi (RN),69.63,27.8,27,303.74
São Paulo (SP),76.3,13.15,3.3,1516.21
São Pedro da Água Branca (MA),69.09,32.3,31.05,289.7
São Pedro da Aldeia (RJ),73.03,16.9,6.53,710.04
São Pedro da Cipa (MT),72.39,19.7,17.58,469.27
São Pedro da Serra (RS),76.03,11.4,2.07,842.22
São Pedro das Missões (RS),73.26,15.2,15,441.36
São Pedro da União (MG),75.16,15.1,13.36,549.49
São Pedro de Alcântara (SC),75.77,12.5,6.14,887.7
São Pedro do Butiá (RS),75.55,12,2.45,905.55
São Pedro do Iguaçu (PR),72.89,15.7,12.52,573.84
São Pedro do Ivaí (PR),75.18,12.5,11.46,632.22
São Pedro do Paraná (PR),75.14,12.5,13.55,544.76
São Pedro do Piauí (PI),71.57,23.2,31.72,249.23
São Pedro dos Crentes (MA),69.29,31.7,21.22,257.76
São Pedro dos Ferros (MG),72.34,19.8,16.53,406.87
São Pedro do Suaçuí (MG),72.08,20.2,20.88,358.75
São Pedro do Sul (RS),74.45,13.5,6.16,614.89
São Pedro do Turvo (SP),74.58,15.4,8.91,488.08
São Pedro (RN),72.62,21.69,32.56,285.21
São Pedro (SP),76.78,11.2,5.49,803.02
São Rafael (RN),72.19,20.6,33.28,309.77
São Raimundo das Mangabeiras (MA),69.96,29.5,22.3,301.25
São Raimundo do Doca Bezerra (MA),66.99,39.9,42.36,156.4
São Raimundo Nonato (PI),71.75,22.8,21.58,406.2
São Roberto (MA),69.27,31.7,37.83,153.65
São Romão (MG),72.22,20,16.01,307.02
São Roque de Minas (MG),75.27,14.9,10.49,621.11
São Roque do Canaã (ES),73.16,16.7,10.33,572.42
São Roque (SP),76.79,12.1,4.7,932.62
São Salvador do Tocantins (TO),72.63,19.4,20.91,318.39
São Sebastião (AL),67.81,36.9,40.59,225.84
São Sebastião da Amoreira (PR),73.83,14.3,15.57,582.81
São Sebastião da Bela Vista (MG),75.87,14,15.42,573.43
São Sebastião da Boa Vista (PA),70.62,25,17.24,202.85
São Sebastião da Grama (SP),74.19,16,8.67,581.04
São Sebastião da Vargem Alegre (MG),74.64,15.9,13.15,406.33
São Sebastião de Lagoa de Roça (PB),72.67,19.9,28.07,262.87
São Sebastião do Alto (RJ),72.35,18,15.28,423.88
São Sebastião do Anta (MG),70.98,22.3,19.5,327.54
São Sebastião do Caí (RS),76.11,12.1,3.68,772.04
São Sebastião do Maranhão (MG),73.94,17,27.38,267.28
São Sebastião do Oeste (MG),74.9,15.5,10.29,545.07
São Sebastião do Paraíso (MG),75.15,15.1,6.71,775.73
São Sebastião do Passé (BA),73.69,17.4,14.67,411.75
São Sebastião do Rio Preto (MG),73.55,17.6,14.94,493.59
São Sebastião do Rio Verde (MG),75.71,14.3,10.61,442.98
São Sebastião do Tocantins (TO),69.86,27,28.25,198.01
São Sebastião do Uatumã (AM),69.34,27.4,11.16,262.79
São Sebastião do Umbuzeiro (PB),70.8,25,27.06,263.04
São Sebastião (SP),77.51,9.24,6.2,837.48
São Sepé (RS),77.23,10,8.01,656.77
São Simão (GO),74.51,13.8,12.45,883.78
São Simão (SP),76.11,12.1,5.13,761.14
São Thomé das Letras (MG),73.03,18.5,13.78,428.33
São Tiago (MG),74.48,16.1,8.65,486.69
São Tomás de Aquino (MG),77.46,11.8,12.57,593.38
São Tomé (PR),73.95,14.2,9.79,651.78
São Tomé (RN),71.22,23.2,33.4,268.71
São Valentim do Sul (RS),75.9,12.3,4.41,1000.93
São Valentim (RS),74.18,13.9,9.94,826.2
São Valério do Sul (RS),73.97,14.2,14.56,530.07
São Valério (TO),73.81,16.6,21.94,344.49
São Vendelino (RS),76.14,11.3,1.25,814.28
São Vicente de Minas (MG),75.72,14.2,7.64,527.55
São Vicente do Sul (RS),74.86,12.9,7.97,614.13
São Vicente Ferrer (MA),70.72,27.1,28.48,184.71
São Vicente Ferrer (PE),67.9,33.7,33.51,257.47
São Vicente (RN),72.19,20.6,24.37,346.89
São Vicente (SP),76.39,12.79,4.42,789.32
Sapeaçu (BA),69.07,30.3,17.1,338.34
Sapé (PB),67.64,35.2,32.99,266.29
Sapezal (MT),75.14,15.2,6,892.71
Sapiranga (RS),74.93,12.8,4.18,713.99
Sapopema (PR),72.71,17,18.36,603.35
Sapucaia do Sul (RS),75.65,11.9,3.5,733.28
Sapucaia (PA),72.52,19.9,24.09,426.86
Sapucaia (RJ),73.26,16.6,10.64,558.94
Sapucaí-Mirim (MG),75.49,14.6,11.19,497.65
Saquarema (RJ),73.26,16.6,6.65,681.62
Sarandi (PR),75.98,12.2,7.57,554.48
Sarandi (RS),76.5,11.6,5.32,1000.86
Sarapuí (SP),73.86,16.6,9.33,619.86
Sardoá (MG),73.71,17.4,19.46,321.6
Sarutaiá (SP),72.65,18.6,11.79,548.61
Sarzedo (MG),77.28,12,6.23,648.26
Sátiro Dias (BA),69.17,30,32.93,208.2
Satuba (AL),72.62,21.7,19.57,377.42
Satubinha (MA),68.19,35.5,33.21,131.73
Saubara (BA),69.29,29.6,15.51,265.17
Saudade do Iguaçu (PR),73.2,15.2,8.98,604.56
Saudades (SC),75.97,12.2,4.71,719.94
Saúde (BA),66.12,40.8,23.2,238.81
Schroeder (SC),76.27,11.8,2.18,852.5
Seabra (BA),70.63,25.5,17.37,310.95
Seara (SC),77.32,10.5,5.48,1188.18
Sebastianópolis do Sul (SP),75.08,13.5,8.7,840.63
Sebastião Barros (PI),71.21,24.3,24.75,189.25
Sebastião Laranjeiras (BA),71.61,22.7,27.08,276.29
Sebastião Leal (PI),69.18,30.4,29.59,198.01
Seberi (RS),76.91,10.3,8.5,645.51
Sede Nova (RS),78.13,8.9,9.33,856.09
Segredo (RS),73.63,14.7,10.44,528.42
Selbach (RS),75.47,12.9,3.8,1055.91
Selvíria (MS),74.5,18.7,12.51,510.94
Sem-Peixe (MG),74.57,16,16.87,386.22
Senador Alexandre Costa (MA),66.32,42.5,37.09,203.17
Senador Amaral (MG),74.25,16.5,13.55,385.29
Senador Canedo (GO),74.59,13.7,7,537.58
Senador Cortes (MG),75.05,15.3,12.81,581.34
Senador Elói de Souza (RN),70.12,26.3,34.05,207.76
Senador Firmino (MG),74.75,15.7,10.63,426.49
Senador Georgino Avelino (RN),69.89,27,29.06,234.85
Senador Guiomard (AC),72.17,21.6,19.28,455.06
Senador José Bento (MG),74.41,16.2,12.73,493.87
Senador José Porfírio (PA),70.24,26.2,24.69,219.97
Senador La Rocque (MA),69.6,30.6,31.98,277.19
Senador Modestino Gonçalves (MG),71.94,20.5,26.71,271.55
Senador Pompeu (CE),71.22,23,29.04,283.8
Senador Rui Palmeira (AL),68.67,33.9,40.46,159.61
Senador Sá (CE),69.12,29.2,35.97,214.23
Senador Salgado Filho (RS),74.02,14.1,6.32,628.28
Sena Madureira (AC),73.59,18,26.81,320.8
Sengés (PR),73.63,14.6,9.11,479.7
Senhora de Oliveira (MG),73.03,18.5,13.8,339.95
Senhora do Porto (MG),73.1,18.4,20.29,324.4
Senhora dos Remédios (MG),71.56,21.2,14.74,292.26
Senhor do Bonfim (BA),71.36,23.4,17.36,422.89
Sentinela do Sul (RS),74.57,13.3,8.07,519.1
Sento Sé (BA),71.68,22.5,26.64,222.84
Serafina Corrêa (RS),75.56,12.8,3.32,877.24
Sericita (MG),71.56,21.2,19.17,338.3
Seridó (PB),67.83,34.5,24.82,214.38
Seringueiras (RO),71.75,21.1,11.41,441.13
Sério (RS),75.82,11.7,12.7,606.03
Seritinga (MG),76.17,13.6,9.76,476.43
Seropédica (RJ),73.3,16.5,6.28,604.82
Serra Alta (SC),77.72,10.1,6.52,893.35
Serra Azul de Minas (MG),73.55,17.6,29.19,226.22
Serra Azul (SP),73.6,17,9.55,613.57
Serra Branca (PB),71.22,23.8,21.23,330.05
Serra da Raiz (PB),72.5,20.4,34.17,278.22
Serra da Saudade (MG),76.78,12.7,14.33,494.31
Serra de São Bento (RN),69.46,28.3,39.7,247.06
Serra do Mel (RN),71.35,22.8,27.02,284.48
Serra do Navio (AP),71.97,19.4,11.88,484.63
Serra do Ramalho (BA),71.51,23,27.31,216.59
Serra dos Aimorés (MG),72.06,20.3,21.08,464.82
Serra do Salitre (MG),76.11,13.7,9.64,715.23
Serra Dourada (BA),71.48,23.1,25.88,228.74
Serra (ES),75.66,13.2,5.88,705.89
Serra Grande (PB),69.69,28.3,33.43,244.05
Serrana (SP),75.08,14.6,6.78,677.75
Serra Negra do Norte (RN),72.22,20.5,26.95,292.16
Serra Negra (SP),77.36,11.4,6.6,927.39
Serrania (MG),75,15.3,14.57,470.34
Serrano do Maranhão (MA),69.12,32.2,35.23,123.44
Serranópolis de Minas (MG),71.38,21.5,25.18,351.46
Serranópolis do Iguaçu (PR),76.55,10.7,4.33,1012.88
Serranópolis (GO),73.25,15.7,13.34,677.06
Serranos (MG),75.05,15.2,17.86,425.18
Serra Nova Dourada (MT),74.12,16.8,13.1,422.66
Serra Preta (BA),68.93,30.8,30.01,232.52
Serra Redonda (PB),71.3,23.6,34.41,268.53
Serraria (PB),71.71,22.4,44.31,224.2
Serra Talhada (PE),72.97,18.8,22.38,407.34
Serrinha (BA),71.66,22.6,18.07,367.73
Serrinha dos Pintos (RN),71.92,21.3,28.03,252.46
Serrinha (RN),70.42,25.4,34.44,240.51
Serrita (PE),70.62,25.1,28.38,233.56
Serrolândia (BA),68.23,33.1,24.33,261.29
Serro (MG),75.01,15.3,20.47,457.27
Sertaneja (PR),73.56,14.7,10.11,725.23
Sertânia (PE),70.14,26.5,28.94,337.53
Sertanópolis (PR),73.24,15.2,7.23,701.27
Sertão (RS),75.23,13.2,6.43,827.95
Sertão Santana (RS),74.94,12.8,7.57,783.19
Sertãozinho (PB),71.16,24,30.37,252.11
Sertãozinho (SP),76.31,13.44,5.67,953.23
Sete Barras (SP),74.89,14.9,11.22,459.28
Sete de Setembro (RS),73.57,14.8,5.11,557.15
Sete Lagoas (MG),75.37,14.8,4.19,809.26
Sete Quedas (MS),71.7,24.1,19.87,487
Setubinha (MG),69.6,25.1,35.76,224.63
Severiano de Almeida (RS),76.66,10.6,6.53,791.5
Severiano Melo (RN),68.65,30.9,30.39,293.49
Severínia (SP),73.42,17.3,11.56,657.45
Siderópolis (SC),77.81,10,4.58,855.02
Sidrolândia (MS),74.75,18.2,9.56,599.76
Sigefredo Pacheco (PI),70.85,25.3,36.25,200.91
Silva Jardim (RJ),72.6,17.6,14.19,476.99
Silvânia (GO),73.83,14.8,9.09,708.82
Silvanópolis (TO),73.84,16.5,19.15,423.43
Silveira Martins (RS),76.14,11.3,5.68,817.67
Silveirânia (MG),75.45,14.6,12.08,441.85
Silveiras (SP),73.72,16.8,11.59,475.69
Silves (AM),72.47,18.9,8.55,238.53
Silvianópolis (MG),76.87,12.6,12.43,647.64
Simão Dias (SE),71.51,23.2,28.9,293.99
Simão Pereira (MG),75.57,14.5,11.45,442.7
Simões Filho (BA),73.75,17.3,8.34,431.97
Simões (PI),71.24,24.2,32.89,261.23
Simolândia (GO),74.56,13.8,19.25,324.26
Simonésia (MG),74.36,16.3,18.26,383.01
Simplício Mendes (PI),71.01,24.8,25.38,362.56
Sinimbu (RS),72.5,16.4,8.47,610.76
Sinop (MT),74.93,15.5,5.44,877.68
Siqueira Campos (PR),75.32,12.3,9.42,655.16
Sirinhaém (PE),70.76,24.7,27.42,273.75
Siriri (SE),69.42,29.4,22.39,268.51
Sítio D'Abadia (GO),73.09,15.9,26.08,314.05
Sítio do Mato (BA),71.46,23.1,22.84,135.49
Sítio do Quinto (BA),66.69,38.6,41.46,247.62
Sítio Novo do Tocantins (TO),70.7,24.6,28.06,245.11
Sítio Novo (MA),71.41,25,22.76,190.06
Sítio Novo (RN),68.32,32,34.23,214.04
Sobradinho (BA),69.89,27.7,19.8,344.74
Sobradinho (RS),76.66,10.6,7.02,775.79
Sobrado (PB),70.17,26.8,36.29,210.08
Sobral (CE),74.93,13.58,18.4,448.89
Sobrália (MG),73.28,18.1,21.33,357.73
Socorro do Piauí (PI),69.35,29.9,29.61,195.08
Socorro (SP),74.66,15.3,7.16,785.71
Solânea (PB),70.69,25.3,33.37,318.38
Soledade de Minas (MG),74.88,15.5,9.38,526.23
Soledade (PB),71.31,23.6,21.45,330.05
Soledade (RS),76.66,10.6,9.48,737.92
Solidão (PE),70.27,26.1,28.32,240.64
Solonópole (CE),70.22,25.8,28.14,269.25
Sombrio (SC),76.49,11.6,5.75,746.69
Sonora (MS),73.19,21.1,13.42,648.07
Sooretama (ES),73.1,16.8,15.74,457.49
Sorocaba (SP),75.59,13.43,3.24,1107.19
Sorriso (MT),75.33,14.9,5.31,988.74
Sossêgo (PB),71.13,24,33.79,218.2
Soure (PA),70.57,25.2,10.12,300.59
Sousa (PB),73.84,16.24,23.9,443.81
Souto Soares (BA),69.03,30.5,22.66,220.67
Sucupira do Norte (MA),68.87,33.1,28.29,210.88
Sucupira do Riachão (MA),70.63,27.4,36.1,226.96
Sucupira (TO),72.63,19.4,16.3,386.22
Sud Mennucci (SP),73.51,17.1,10.08,813.95
Sul Brasil (SC),74.89,13.7,14.51,674.87
Sulina (PR),76.26,11.1,8.82,563.32
Sumaré (SP),75.71,14.15,5.14,820.03
Sumé (PB),70.88,24.8,27.11,339.68
Sumidouro (RJ),72.78,17.3,17.09,479.46
Surubim (PE),70.37,25.8,26.54,372.11
Sussuapara (PI),69.94,28,32.41,265.42
Suzanápolis (SP),73.75,16.7,13.02,500.45
Suzano (SP),77.36,12.12,5.14,654.61
Tabaí (RS),75.05,12.7,8.53,599.99
Tabaporã (MT),74.56,16,8.83,546.51
Tabapuã (SP),74.2,16,8.19,731.31
Tabatinga (AM),71.12,22.3,15.63,338.4
Tabatinga (SP),74.1,16.2,10.05,625.39
Tabira (PE),71.19,23.5,24.66,278.14
Taboão da Serra (SP),76.79,11.75,4.17,812.19
Tabocas do Brejo Velho (BA),70.82,25,32.05,216.5
Taboleiro Grande (RN),72.51,19.8,24.94,277.54
Tabuleiro do Norte (CE),72.43,19.8,24.16,379.75
Tabuleiro (MG),74.27,16.5,13.64,503.88
Tacaimbó (PE),69.86,27.4,39.27,225.21
Tacaratu (PE),67.63,34.7,27.05,205.06
Taciba (SP),73.52,17.1,12.01,559.1
Tacima (PB),68.58,31.9,33.01,195.07
Tacuru (MS),71.91,23.7,21.49,367.68
Taguaí (SP),74.05,16.2,7.86,587.51
Taguatinga (TO),74.07,16,20.87,399.35
Taiaçu (SP),73.84,16.6,11.67,626.12
Tailândia (PA),71.58,22.3,14.62,300.85
Taiobeiras (MG),73.9,17.1,19.18,426.91
Taió (SC),77.71,10.1,4.76,848.34
Taipas do Tocantins (TO),72.88,18.8,29.09,292.72
Taipu (RN),71.68,21.9,36.94,235.78
Taiúva (SP),75.08,13.4,8.75,761.47
Talismã (TO),73.04,18.4,20.1,467.87
Tamandaré (PE),69.71,27.8,24.63,301.15
Tamarana (PR),74.76,13,16.33,398.24
Tambaú (SP),76.45,12.6,5.65,747.11
Tamboara (PR),76.1,11.3,11.72,546.32
Tamboril (CE),71.71,21.7,35.86,211.64
Tamboril do Piauí (PI),66.1,41.5,39.87,189.63
Tanabi (SP),74.73,15.1,7.3,775.79
Tangará da Serra (MT),74.47,16.2,8.7,846.59
Tangará (RN),71.21,23.2,29.38,270.47
Tangará (SC),76.99,11,6.95,840.87
Tanguá (RJ),72.55,17.7,9.54,440.84
Tanhaçu (BA),71.29,23.6,27.84,268.62
Tanque D'Arca (AL),69.85,30,42.01,217.85
Tanque do Piauí (PI),67.21,37.2,30.81,250.37
Tanque Novo (BA),71.67,22.6,30.17,301.39
Tanquinho (BA),71.1,24.2,20.81,273.12
Taparuba (MG),72.91,18.8,19.53,344.16
Tapauá (AM),66.61,36.6,33.62,193.97
Tapejara (PR),74.11,13.9,12.6,599.13
Tapejara (RS),75.23,13.2,3.88,922.28
Tapera (RS),75.07,13.5,5.46,812.48
Taperoá (BA),70.22,26.7,29.55,270.97
Taperoá (PB),69.92,27.6,30.44,267.88
Tapes (RS),76.69,10.6,7.34,620.13
Tapiraí (MG),75.84,14.1,13.54,517.65
Tapiraí (SP),75.74,13.6,11.83,449.75
Tapira (MG),75.8,14.1,7.1,902
Tapiramutá (BA),70.14,27,25.84,312.39
Tapira (PR),72.64,17.1,14.73,583.51
Tapiratiba (SP),77.18,11.6,6.72,637.12
Tapurah (MT),74.88,15.6,5.51,789.61
Taquaraçu de Minas (MG),74.06,16.8,15.14,436.05
Taquaral de Goiás (GO),75.74,12.2,12.17,622.79
Taquaral (SP),74.4,15.7,11.67,811.38
Taquarana (AL),67.61,37.7,41.33,215.16
Taquara (RS),77.82,9.15,4.6,871.42
Taquari (RS),75.95,11.5,6.82,786.91
Taquaritinga do Norte (PE),72.76,19.3,24.58,419.74
Taquaritinga (SP),74.61,15.3,7.6,739.25
Taquarituba (SP),73.65,16.9,9.03,624.86
Taquarivaí (SP),73.64,16.9,10.33,373.06
Taquaruçu do Sul (RS),74.8,13,9.11,954.19
Taquarussu (MS),71.13,25.3,17.01,478.38
Tarabai (SP),74.37,15.7,11.67,505.51
Tarauacá (AC),68.21,33.7,34.37,251.53
Tarrafas (CE),70.04,26.4,38.87,214.72
Tartarugalzinho (AP),72.63,17.8,18.66,250.2
Tarumã (SP),76.13,13,9.21,787.79
Tarumirim (MG),74.72,15.8,19.22,364.41
Tasso Fragoso (MA),71.6,24.5,19.43,264.76
Tatuí (SP),75.52,14.52,4.48,771.05
Tauá (CE),71.4,22.5,29.4,305.42
Taubaté (SP),77.98,10.12,3.18,1011.95
Tavares (PB),71.59,22.8,33.83,260.75
Tavares (RS),74.69,13.2,15.22,594.12
Tefé (AM),73.04,17.5,15.65,421.41
Teixeira de Freitas (BA),73,21.21,15.78,560.73
Teixeira (PB),69.46,29,25.83,271.44
Teixeiras (MG),73.26,18.1,10.84,568.91
Teixeira Soares (PR),74.32,13.6,5.93,536.39
Teixeirópolis (RO),74.09,15.5,14.04,464.45
Tejuçuoca (CE),69.54,27.9,30.21,199.81
Tejupá (SP),72.65,18.6,16.11,510.13
Telêmaco Borba (PR),74.68,14,7.83,732.78
Telha (SE),68.31,33,29.62,268.17
Tenente Ananias (RN),71.73,21.8,28.05,276.94
Tenente Laurentino Cruz (RN),69.21,29.1,23.5,259.72
Tenente Portela (RS),74.81,13,9.18,659.27
Tenório (PB),67.43,35.9,31.26,269.63
Teodoro Sampaio (BA),71.41,23.3,24.5,272.86
Teodoro Sampaio (SP),76.38,12.7,9.78,619.79
Teofilândia (BA),69.22,29.8,27.32,278.91
Teófilo Otoni (MG),74.45,16.2,13.77,615.34
Teolândia (BA),70.38,26.3,33.55,231.92
Teotônio Vilela (AL),67.01,40,31.72,244.39
Terenos (MS),75.31,17.2,8.7,460.32
Teresina de Goiás (GO),74,14.6,17.62,394.33
Teresina (PI),74.22,16.13,9.66,757.57
Teresópolis (RJ),76.27,13.29,6.87,859.79
Terezinha (PE),67.65,34.6,40.05,225.28
Terezópolis de Goiás (GO),72.94,16.1,13.43,472.43
Terra Alta (PA),69.59,28.1,10.46,252.51
Terra Boa (PR),73.17,15.3,9.24,653.34
Terra de Areia (RS),74.75,13.1,7.73,620.36
Terra Nova (BA),67.02,37.4,14.15,296.6
Terra Nova do Norte (MT),73.89,17.2,11.98,594.53
Terra Nova (PE),69.43,28.7,22.54,237.89
Terra Rica (PR),75.19,12.5,11.46,614.23
Terra Roxa (PR),74.09,14,10.73,611.85
Terra Roxa (SP),75.3,14.3,7.7,759.32
Terra Santa (PA),70.76,24.6,9.32,338.44
Tesouro (MT),72.44,19.6,12.46,415.93
Teutônia (RS),76.31,11.8,2.09,854.63
Theobroma (RO),70.4,24.8,16.37,382.6
Tianguá (CE),71.07,23.4,26.18,398.29
Tibagi (PR),74.93,12.8,13.13,543.05
Tibau do Sul (RN),72.62,21.69,22.88,523.75
Tibau (RN),71.13,23.4,24.18,396.51
Tietê (SP),78.04,9.7,3.88,927.25
Tigrinhos (SC),75.76,12.5,10.96,579.87
Tijucas do Sul (PR),72.54,16.2,9.31,547.62
Tijucas (SC),77.39,10.5,6.18,835.48
Timbaúba dos Batistas (RN),68.35,31.9,24.72,365.42
Timbaúba (PE),71.14,23.6,22.87,318.8
Timbé do Sul (SC),76.33,11.8,8.7,709.63
Timbiras (MA),68.78,33.4,40.9,177.46
Timbó Grande (SC),72.88,16.8,10.46,412.31
Timbó (SC),76.36,11.7,1.87,1214.03
Timburi (SP),74.58,15.4,10.84,580.24
Timon (MA),71.09,26,18.49,365.26
Timóteo (MG),75.14,15.1,4.72,786.68
Tio Hugo (RS),75.69,11.8,6.63,660.04
Tiradentes do Sul (RS),73.92,14.3,11.3,644.85
Tiradentes (MG),78.1,11,6.24,802.39
Tiros (MG),76.13,13.6,11.32,634.3
Tobias Barreto (SE),67.13,37.2,30.67,353.87
Tocantínia (TO),71.89,21.3,21.78,277.25
Tocantinópolis (TO),73.07,18.3,16.95,414.08
Tocantins (MG),72.99,18.6,9.32,557.55
Tocos do Moji (MG),73.49,17.8,10.62,489.05
Toledo (MG),73.14,18.4,17.52,486.02
Toledo (PR),76.3,12.12,4.89,876.72
Tomar do Geru (SE),69.73,28.4,35.1,203.09
Tomazina (PR),74.76,13,14.18,489.45
Tombos (MG),77.23,12.1,12.88,621.05
Tomé-Açu (PA),72.87,19,17.5,326.18
Tonantins (AM),71.74,20.7,21.83,189.15
Toritama (PE),72.83,19.2,21.91,470.44
Torixoréu (MT),73.37,18,13.51,564.83
Toropi (RS),74.34,13.6,6.18,551.5
Torre de Pedra (SP),74.73,15.1,5.13,548.39
Torres (RS),76.73,11.3,4.84,853.62
Torrinha (SP),76.11,13.1,6.75,770.15
Touros (RN),67.95,33.2,32.11,264.4
Trabiju (SP),73.63,16.9,11.11,505.36
Tracuateua (PA),71.57,22.4,23.27,195.97
Tracunhaém (PE),71.58,22.4,26.98,272.81
Traipu (AL),70.92,26.6,45.72,178.79
Trairão (PA),70.8,24.5,21.35,322.61
Trairi (CE),69.34,28.5,26.07,205.89
Trajano de Moraes (RJ),73.77,15.8,15.4,510.96
Tramandaí (RS),75.51,12.1,4.29,737.84
Travesseiro (RS),75.32,12.3,4.21,777.34
Tremedal (BA),69.94,27.6,33.32,237.3
Tremembé (SP),77.38,11.3,4.19,959.88
Três Arroios (RS),76.08,11.4,4.44,1518.78
Três Barras do Paraná (PR),74.85,12.9,13.55,562.22
Três Barras (SC),73.85,15.2,7,539.69
Três Cachoeiras (RS),75.82,11.7,6.24,713.83
Três Corações (MG),76.28,13.4,7.41,749.86
Três Coroas (RS),74.75,13.1,4.24,799.41
Três de Maio (RS),75.02,13.5,4.67,881.15
Três Forquilhas (RS),73.8,14.4,13.21,489.32
Três Fronteiras (SP),74.73,15.2,9.83,663.71
Três Lagoas (MS),75.91,15.76,6.83,863.66
Três Marias (MG),76.93,12.5,7.72,645.33
Três Palmeiras (RS),74.92,12.9,11.75,835.88
Três Passos (RS),76.47,10.9,5.61,823.33
Três Pontas (MG),75.98,13.9,9.36,682.15
Três Ranchos (GO),75.94,11.9,6.81,723.26
Três Rios (RJ),73.03,16.9,5.77,726.83
Treviso (SC),77.94,9.8,2.37,784.39
Treze de Maio (SC),77.83,9.9,6.18,746.89
Treze Tílias (SC),77.43,10.4,4.76,1471.95
Trindade do Sul (RS),72.19,16.9,12.35,532.27
Trindade (GO),74.3,11.78,8.38,558.61
Trindade (PE),71.05,23.9,27.43,338.39
Triunfo (PB),71.79,22.2,30.86,292.24
Triunfo (PE),74,16.4,18.28,389.44
Triunfo Potiguar (RN),68.81,30.4,31.89,294.09
Triunfo (RS),77.35,9.8,6.89,695.08
Trizidela do Vale (MA),69.29,31.7,26.44,269.74
Trombas (GO),73.71,15,19.31,398.01
Trombudo Central (SC),77.77,10,4.58,905.3
Tubarão (SC),76.96,11,3.48,1077.62
Tucano (BA),67.69,35,31.84,325.7
Tucumã (PA),73.76,16.9,13.34,517.86
Tucunduva (RS),73.95,14.2,5.47,839.53
Tucuruí (PA),73,18.35,10.25,534.02
Tufilândia (MA),67.56,37.7,37.05,181.75
Tuiuti (SP),77.24,11.5,9.24,630.49
Tumiritinga (MG),74.63,15.9,18.95,366.89
Tunápolis (SC),74.79,13.9,4.13,742.67
Tunas do Paraná (PR),73.05,15.5,19.74,431.27
Tunas (RS),72.61,16.2,12.46,482.5
Tuneiras do Oeste (PR),73.31,15.1,10.24,493.46
Tuntum (MA),68.57,34.1,32.42,221.27
Tupaciguara (MG),76.78,12.7,10.02,665.76
Tupanatinga (PE),69.82,27.5,41.81,172.52
Tupanci do Sul (RS),74.09,14,10.85,577.85
Tupanciretã (RS),74.67,13.2,5.87,708.79
Tupandi (RS),75.18,13.3,1.9,808.39
Tuparendi (RS),74.91,12.9,5.43,768.25
Tuparetama (PE),69.95,27.1,22.96,360.29
Tupã (SP),76.1,14.21,7.25,926.96
Tupãssi (PR),74.81,13,7.16,711.31
Tupi Paulista (SP),75.08,13.4,7.18,914.36
Tupirama (TO),73.5,17.3,17.09,401.76
Tupiratins (TO),72.44,19.9,22.18,337.79
Turiaçu (MA),71.54,24.7,27.02,171.5
Turilândia (MA),71.45,24.9,32.76,174.09
Turiúba (SP),74.44,15.6,12.18,676.92
Turmalina (MG),73.98,17,15.98,446.26
Turmalina (SP),74.04,16.2,12.04,725.06
Turuçu (RS),73.81,14.4,6.47,566.71
Tururu (CE),70.57,24.8,30.51,188.84
Turvânia (GO),74.17,14.3,13.04,545.83
Turvelândia (GO),73.76,14.9,18.42,519.75
Turvolândia (MG),74.71,15.8,11.6,649.97
Turvo (PR),74.7,13.1,13.48,512.21
Turvo (SC),77.01,10.9,4.99,810.85
Tutóia (MA),68.33,35,31.9,235.35
Uarini (AM),68.43,30.3,20.46,223.11
Uauá (BA),69.84,27.9,25.45,251.46
Ubaí (MG),72.22,20,22.2,247.91
Ubaíra (BA),70.54,25.8,32.35,296.48
Ubaitaba (BA),71.04,24.3,23.19,349.68
Ubajara (CE),71.14,23.2,26.86,325.13
Ubá (MG),75.45,14.6,6.11,739.56
Ubaporanga (MG),73.32,18.1,15.77,342.3
Ubarana (SP),75.62,13.8,10.06,522.27
Ubatã (BA),72.29,20.9,28.58,306.52
Ubatuba (SP),75.47,14.4,6.15,803.5
Uberaba (MG),75.71,14,4.4,978.01
Uberlândia (MG),78.09,10.68,3.94,1001.45
Ubirajara (SP),74.72,15.2,9.88,580.57
Ubiratã (PR),76.26,11.1,10.27,648.36
Ubiretama (RS),73.55,14.8,4.29,590.64
Uchoa (SP),74.36,15.7,7.71,655.13
Uibaí (BA),70.46,26,17.64,286.67
Uiramutã (RR),70.95,22.4,31.63,123.16
Uirapuru (GO),74.29,14.2,19.34,409.38
Uiraúna (PB),72.82,19.5,28.35,361.37
Ulianópolis (PA),70.55,25.3,16.07,558.72
Umari (CE),71.65,21.8,34.57,223.62
Umarizal (RN),72.49,19.8,27.32,313.6
Umbaúba (SE),68.15,33.6,26.74,272.53
Umburanas (BA),67.31,36.4,27.71,148.15
Umburatiba (MG),73.88,17.1,28.7,332.13
Umbuzeiro (PB),67.69,35,38.25,237.25
Umirim (CE),70.07,26.3,31.3,195.42
Umuarama (PR),75.16,12.5,6.5,880.6
Una (BA),67.61,35.3,27.41,303.78
Unaí (MG),75.83,14.1,9.25,720.51
União da Serra (RS),76.14,11.3,5.25,1068.08
União da Vitória (PR),75.2,13.3,4.31,674.29
União de Minas (MG),74.73,15.7,14.82,562.84
União do Oeste (SC),74.37,14.5,10.49,634.81
União dos Palmares (AL),70.83,26.9,34.07,313.92
União do Sul (MT),72.79,19,12.88,501.56
União Paulista (SP),76.75,12.2,12.76,610.77
União (PI),71.86,22.4,31.05,232.7
Uniflor (PR),74.58,13.3,11.02,586.3
Unistalda (RS),73.25,15.2,10.12,392.38
Upanema (RN),70.5,25.2,30.78,233.97
Uraí (PR),74.23,13.8,11.82,617.75
Urandi (BA),70.95,24.6,25.18,325.07
Urânia (SP),73.25,17.6,9.46,739.08
Urbano Santos (MA),71.21,25.6,32.95,186.07
Uruaçu (GO),76.61,11.1,11.82,797.52
Uruana de Minas (MG),72.6,19.3,19.71,360.58
Uruana (GO),74.42,14,13.63,500.27
Uruará (PA),72.87,19,16.38,353.67
Urubici (SC),74.4,14.4,7,713.25
Uruburetama (CE),70.57,24.8,24.56,267.47
Urucânia (MG),73.67,17.5,16.31,397.46
Urucará (AM),70.26,24.7,8.89,246.99
Uruçuca (BA),70.45,26,23.58,349.43
Urucuia (MG),71.88,20.6,14.73,259.38
Uruçuí (PI),72.63,20.4,19.37,364.39
Urucurituba (AM),71.53,21.3,10.06,227.55
Uruguaiana (RS),76.8,11.75,4.33,714.26
Uruoca (CE),69.7,27.4,39.79,182.85
Urupá (RO),71.32,22.2,15.49,380.5
Urupema (SC),74.4,14.4,7.4,508.79
Urupês (SP),74.03,16.3,7.08,805.66
Uru (SP),74.93,14.8,7.3,544.1
Urussanga (SC),77.54,10.3,3.4,883.42
Urutaí (GO),75.46,12.6,9.15,624.55
Utinga (BA),67.38,36.1,23.15,327.96
Vacaria (RS),75.25,12.4,5.48,797.86
Vale de São Domingos (MT),70.91,22.5,15.08,479.66
Vale do Anari (RO),70.36,24.9,16.45,394.02
Vale do Paraíso (RO),72.5,19.2,14.13,432.03
Vale do Sol (RS),73.78,14.4,6.59,553.23
Valença (BA),71.65,22.6,20.68,376.23
Valença do Piauí (PI),71.4,23.7,27.78,380.19
Valença (RJ),75.85,12.58,6.34,675.62
Valente (BA),68.75,31.4,17.17,385.3
Valentim Gentil (SP),73.62,16.9,7.34,654.97
Vale Real (RS),76.01,11.4,3.1,795.41
Vale Verde (RS),73.93,14.2,10.96,503.24
Valinhos (SP),76.01,12.64,3.27,1570.91
Valparaíso de Goiás (GO),73.91,14.83,3.84,764.73
Valparaíso (SP),74.47,15.6,7.73,701.02
Vanini (RS),75.13,12.6,6.73,780.56
Vargeão (SC),74.59,14.2,9.21,655.53
Vargem Alegre (MG),74.12,16.7,20.39,407.13
Vargem Alta (ES),73.81,15.8,12.07,480.01
Vargem Bonita (MG),75.8,14.1,8.39,508.67
Vargem Bonita (SC),73.06,16.5,7.48,642.6
Vargem Grande do Rio Pardo (MG),73.63,17.5,27.77,265.02
Vargem Grande do Sul (SP),76.78,12.1,6.22,711.6
Vargem Grande (MA),71.1,26,34.68,165.37
Vargem Grande Paulista (SP),78.02,9.7,4.32,876.61
Vargem (SC),72.42,17.5,14.73,419.74
Vargem (SP),75.36,14.2,10.36,587.59
Varginha (MG),77.49,12.21,4.92,904.57
Varjão de Minas (MG),75.79,14.1,9.58,528.14
Varjão (GO),73.76,14.9,16.37,614.8
Varjota (CE),68.65,30.7,28.85,286.41
Varre-Sai (RJ),73.58,16.1,12.31,418.62
Várzea Alegre (CE),70.54,24.9,30.64,276.17
Várzea Branca (PI),69.57,29.2,34.27,201.49
Várzea da Palma (MG),73.83,17.2,12.97,413.59
Várzea da Roça (BA),71.5,23,31.5,228.58
Várzea do Poço (BA),67.43,35.9,25.36,296.74
Várzea Grande (MT),75.5,13.7,6.26,668.86
Várzea Grande (PI),67.49,36.2,35.55,251.64
Várzea Nova (BA),66.12,40.8,25.72,234.88
Várzea Paulista (SP),76.8,11.05,5.27,706.02
Várzea (PB),73.01,19.1,14.06,377.4
Várzea (RN),71.28,23,33.62,289.33
Varzedo (BA),70.18,26.8,28.32,297.56
Varzelândia (MG),73.37,18,27.06,238.92
Vassouras (RJ),73.79,15.8,8.07,701.06
Vazante (MG),76.96,12.5,7.87,650.88
Venâncio Aires (RS),74.09,13.77,4.89,779.48
Venda Nova do Imigrante (ES),75.69,13.2,9.02,754.66
Venha-Ver (RN),68.31,32,35.58,180.53
Ventania (PR),72.85,15.8,16.14,411.92
Venturosa (PE),70.04,26.8,29.43,276.94
Vera Cruz (BA),74.02,16.7,11.39,408.64
Vera Cruz do Oeste (PR),73.68,14.5,12,632.91
Vera Cruz (RN),69.12,29.4,34.64,258.12
Vera Cruz (RS),75.52,12.1,4.96,790.95
Vera Cruz (SP),74.79,15,8.48,713.66
Vera Mendes (PI),66.1,41.5,46.82,173.56
Vera (MT),75.06,15.3,9.51,494.23
Veranópolis (RS),75.29,12.4,2.94,1141.67
Verdejante (PE),70.62,25.1,28.54,260.66
Verdelândia (MG),72.81,18.9,30.03,233.27
Vereda (BA),71.6,22.8,33.36,274.76
Veredinha (MG),72.11,20.2,24.17,293.08
Verê (PR),75.38,12.2,11.54,661.18
Veríssimo (MG),77.16,12.2,13.15,560.98
Vermelho Novo (MG),72.37,19.7,14.27,355.42
Vertente do Lério (PE),68.54,31.5,36.07,219.88
Vertentes (PE),68.69,31,25.88,337.92
Vespasiano Correa (RS),76.31,11.8,7.54,895.32
Vespasiano (MG),73.65,15.32,6.29,539.05
Viadutos (RS),76.81,10.4,5.75,683.03
Viamão (RS),76.95,9.38,4.42,707.05
Viana (ES),73.94,15.6,7.39,523.61
Viana (MA),70.47,27.9,19.29,272.76
Vianópolis (GO),74.1,14.4,8.52,664.33
Vicência (PE),70.26,26.2,25.25,246.44
Vicente Dutra (RS),73.52,14.8,11.8,475.13
Vicentina (MS),75.07,17.6,15.62,583.56
Vicentinópolis (GO),73.25,15.7,13.51,651.07
Viçosa (AL),70.46,28,36.19,251.25
Viçosa do Ceará (CE),70.2,25.9,35.01,204.23
Viçosa (MG),77.96,11.12,5.93,892.25
Viçosa (RN),69.81,27.2,24.37,247.9
Victor Graeff (RS),75.37,13.1,2.69,989.66
Vidal Ramos (SC),73.1,16.4,9.17,744.1
Videira (SC),76.42,11.7,3.75,978.07
Vieiras (MG),73.47,17.8,15.58,386.39
Vieirópolis (PB),70.7,25.3,40.81,226.49
Vigia (PA),71.06,23.8,10.81,323.12
Vila Bela da Santíssima Trindade (MT),75.57,14.5,11.55,439.15
Vila Boa (GO),74.07,14.5,17.07,376.72
Vila Flores (RS),77.04,10.2,2.19,728.71
Vila Flor (RN),68.29,32.1,26.06,262.96
Vila Lângaro (RS),75.34,13.1,6.14,902.87
Vila Maria (RS),75.33,13.1,4.51,1101.27
Vila Nova do Piauí (PI),66.1,41.5,31.97,259.38
Vila Nova dos Martírios (MA),68.09,35.8,30.63,252.89
Vila Nova do Sul (RS),74.62,13.3,9.64,442.26
Vila Pavão (ES),74.79,14.4,15.3,449.3
Vila Propício (GO),73.09,15.9,20.75,401.84
Vila Rica (MT),74.74,15.8,9.96,658.27
Vila Valério (ES),73.93,15.6,15,569.82
Vila Velha (ES),76.84,10.86,3.73,1211.79
Vilhena (RO),73.49,16.98,6.52,768.98
Vinhedo (SP),77.68,10.9,3.51,1493.32
Viradouro (SP),74.4,15.7,7.05,692.01
Virgem da Lapa (MG),72.83,18.9,24.13,305.36
Virgínia (MG),74.73,15.7,13.26,415.41
Virginópolis (MG),74.86,15.6,14.09,423.01
Virgolândia (MG),72.71,19.1,23.22,339.03
Virmond (PR),75.87,11.6,7.86,655.2
Visconde do Rio Branco (MG),75.97,13.9,9.23,658.96
Viseu (PA),71.57,22.4,24.05,160.09
Vista Alegre do Alto (SP),75.41,14.1,8.53,732.14
Vista Alegre do Prata (RS),75.83,12.4,2.65,1231.8
Vista Alegre (RS),75.53,12,7.82,905.87
Vista Gaúcha (RS),75.33,13.1,6.41,990.13
Vista Serrana (PB),71.35,23.4,27.03,251.49
Vitória Brasil (SP),73.63,16.9,14.1,572.68
Vitória da Conquista (BA),72.3,21.24,14.16,555.66
Vitória das Missões (RS),73.55,14.8,11.99,482.44
Vitória de Santo Antão (PE),71.07,23.8,23.11,401.16
Vitória do Jari (AP),71.88,19.6,16.35,309.39
Vitória do Mearim (MA),68.97,32.8,27.3,230.76
Vitória do Xingu (PA),72.49,20,17.26,323.18
Vitória (ES),76.28,11.37,3.1,1866.58
Vitorino Freire (MA),66.26,42.7,35.56,265.69
Vitorino (PR),74.05,14,6.12,742.97
Vitor Meireles (SC),75.44,13,8.53,599.02
Volta Grande (MG),75.45,14.6,13.03,515.46
Volta Redonda (RJ),74.98,14.15,3.47,920.51
Votorantim (SP),75.3,14.74,3.66,703.99
Votuporanga (SP),76.44,12.6,5.43,977.39
Wagner (BA),69.2,29.9,23.44,283.34
Wall Ferraz (PI),67.49,36.2,37.87,195.12
Wanderlândia (TO),69.89,26.9,20.29,376.35
Wanderley (BA),70.82,25,27.07,275.76
Wenceslau Braz (MG),75.53,14.5,5.8,439.73
Wenceslau Braz (PR),72.42,16.4,11.66,594.42
Wenceslau Guimarães (BA),70.11,27.1,33.24,257.12
Westfalia (RS),75.96,12.3,2.06,1136.67
Witmarsum (SC),77.18,10.7,5.13,796.45
Xambioá (TO),74.05,16,19.52,450.43
Xambrê (PR),74.52,13.4,13.7,633.91
Xangri-Lá (RS),76.11,12.1,3.51,798.62
Xanxerê (SC),76.67,11.3,6,906.11
Xapuri (AC),71.38,23.7,24.14,382.24
Xavantina (SC),76.63,11.4,6.83,973.81
Xaxim (SC),77.23,10.6,6.03,783.29
Xexéu (PE),67.15,36.4,36.25,243.39
Xinguara (PA),73.02,18.6,13.24,520.57
Xique-Xique (BA),69.48,29,24.35,265.25
Zabelê (PB),68.48,32.3,24.7,272.94
Zacarias (SP),74.56,15.4,9.3,605.79
Zé Doca (MA),69.7,30.3,26.13,259.21
Zortéa (SC),78.07,9.6,7.66,861.63
