;ESTACAO;DATA (YYYY-MM-DD);rain_max;rad_max;temp_avg;temp_max;temp_min;hum_max;hum_min;wind_max;wind_avg
2280308;A652;2020-01-01;0.0;3843.5;26.2375;31.8;22.7;83.0;46.0;11.8;2.5875
2280309;A652;2020-01-02;1.0;1578.6;25.275;28.3;22.8;86.0;61.0;10.3;1.8333333333333333
2280310;A652;2020-01-03;0.2;2146.0;23.58333333333333;25.7;21.9;90.0;73.0;10.7;2.6833333333333336
2280311;A652;2020-01-04;0.2;2521.3;24.45833333333333;27.9;22.6;89.0;64.0;9.5;2.145833333333333
2280312;A652;2020-01-05;0.8;3250.5;24.379166666666663;27.2;22.8;92.0;76.0;7.0;1.8
2280313;A652;2020-01-06;1.4;3904.0;25.6125;30.1;22.5;91.0;65.0;8.2;1.7041666666666666
2280314;A652;2020-01-07;0.2;3875.3;27.42083333333333;32.6;24.2;92.0;52.0;7.2;1.4416666666666669
2280315;A652;2020-01-08;0.0;3870.1;27.35833333333333;30.5;24.6;85.0;63.0;9.8;1.7958333333333334
2280316;A652;2020-01-09;0.0;3639.9;27.429166666666664;31.3;25.1;87.0;62.0;7.0;1.6958333333333335
2280317;A652;2020-01-10;0.0;3750.9;28.46666666666667;34.0;25.5;91.0;56.0;4.9;1.8625
2280318;A652;2020-01-11;0.0;3293.1;28.3;35.5;25.9;89.0;45.0;5.6;1.4764705882352942
2280319;A652;2020-01-14;0.0;3916.3;28.728571428571428;30.4;26.1;72.0;57.0;6.4;4.171428571428572
2280320;A652;2020-01-15;0.0;3918.9;28.444444444444443;30.7;26.5;75.0;53.0;12.0;5.944444444444445
2280321;A652;2020-01-16;0.0;3603.3;28.633333333333336;30.3;26.9;83.0;60.0;6.1;1.7
2280322;A652;2020-01-17;6.6;721.0;24.578260869565216;29.2;22.4;94.0;65.0;13.0;4.178260869565217
2280323;A652;2020-01-18;0.6;1747.3;23.047619047619047;26.6;20.4;93.0;67.0;7.4;1.9285714285714288
2280324;A652;2020-01-19;0.0;2990.7;27.025;29.0;25.7;74.0;61.0;5.0;2.4
2280325;A652;2020-01-20;0.0;3368.6;25.855555555555554;28.0;24.3;72.0;60.0;4.9;2.344444444444445
2280326;A652;2020-01-21;0.0;3823.5;26.5;29.3;23.4;82.0;59.0;5.4;2.7
2280327;A652;2020-01-24;0.0;3065.7;25.9;27.3;24.2;88.0;73.0;4.1;1.6800000000000002
2280328;A652;2020-01-25;0.2;4102.4;25.3;26.9;24.0;79.0;70.0;10.4;4.1125
2280329;A652;2020-01-26;0.0;3938.6;28.65;29.7;25.7;73.0;64.0;6.0;3.483333333333333
2280330;A652;2020-02-04;0.0;1809.0;26.83636363636364;28.8;25.6;86.0;77.0;4.5;1.8636363636363635
2280331;A652;2020-02-05;8.4;2257.9;25.77916666666667;28.3;22.2;89.0;78.0;11.9;2.004166666666667
2280332;A652;2020-02-06;0.2;1391.1;25.129166666666663;28.0;23.2;89.0;78.0;8.0;1.8583333333333332
2280333;A652;2020-02-07;0.0;3807.7;24.78333333333333;28.3;22.1;91.0;75.0;15.3;3.658333333333333
2280334;A652;2020-02-08;0.0;3855.4;23.945833333333336;27.7;21.0;91.0;69.0;9.5;2.395833333333333
2280335;A652;2020-02-09;0.0;3866.1;27.825;36.2;20.9;90.0;33.0;10.0;2.075
2280336;A652;2020-02-10;19.0;1795.6;24.558333333333334;31.5;22.3;94.0;47.0;7.9;1.9875
2280337;A652;2020-02-11;19.6;1052.8;21.475;23.5;20.3;95.0;94.0;14.8;3.1125000000000003
2280338;A652;2020-02-12;2.6;1935.8;21.6375;23.8;20.6;95.0;86.0;7.5;1.9166666666666667
2280339;A652;2020-02-13;0.4;3057.2;22.27916666666667;25.0;20.9;94.0;83.0;10.5;2.9375
2280340;A652;2020-02-14;0.4;3017.1;23.383333333333336;26.4;21.8;94.0;74.0;8.8;2.3041666666666667
2280341;A652;2020-02-15;0.0;3782.2;24.604166666666668;27.9;22.1;91.0;74.0;5.0;1.5291666666666668
2280342;A652;2020-02-16;0.0;3374.1;25.504166666666663;29.5;23.2;94.0;73.0;7.8;2.2916666666666665
2280343;A652;2020-02-17;0.2;3645.0;26.225;30.2;23.5;88.0;60.0;6.8;1.4791666666666667
2280344;A652;2020-02-18;0.0;3762.9;26.7625;29.7;24.2;91.0;61.0;11.3;2.708333333333333
2280345;A652;2020-02-19;0.0;3761.4;28.479166666666668;33.6;25.0;79.0;42.0;9.9;2.3000000000000003
2280346;A652;2020-02-20;0.0;3729.9;26.454166666666666;31.4;23.1;88.0;59.0;7.7;2.1
2280347;A652;2020-02-21;2.8;2900.2;25.166666666666668;28.5;23.7;93.0;77.0;9.0;2.4916666666666667
2280348;A652;2020-02-22;23.8;2094.0;23.75;27.0;20.9;95.0;73.0;13.5;2.6791666666666667
2280349;A652;2020-02-23;2.4;2872.3;23.0625;26.9;20.8;92.0;70.0;8.4;1.3666666666666665
2280350;A652;2020-02-24;0.6;2905.5;24.133333333333336;28.7;22.5;86.0;62.0;6.7;1.8708333333333331
2280351;A652;2020-02-25;0.0;4200.1;24.941666666666663;29.0;22.5;90.0;65.0;7.7;1.9791666666666667
2280352;A652;2020-02-26;0.2;3074.2;26.85833333333333;34.1;23.6;92.0;46.0;9.4;2.1875
2280353;A652;2020-02-27;5.4;858.3;23.554166666666664;28.1;21.2;94.0;74.0;15.6;4.033333333333333
2280354;A652;2020-02-28;4.0;837.8;22.20833333333333;23.8;21.0;91.0;78.0;7.4;1.3708333333333331
2280355;A652;2020-02-29;2.6;2014.5;23.6875;27.1;21.1;93.0;74.0;13.6;2.2958333333333334
2280356;A652;2020-03-01;9.0;969.9;22.55;23.9;21.3;95.0;89.0;15.6;4.979166666666667
2280357;A652;2020-03-02;4.2;1178.8;21.616666666666664;22.5;20.9;94.0;81.0;8.9;1.3875
2280358;A652;2020-03-03;1.2;3202.6;22.9375;25.9;21.1;94.0;77.0;8.9;1.9291666666666665
2280359;A652;2020-03-04;0.4;2445.8;23.541666666666668;25.5;22.4;89.0;77.0;9.7;2.7375000000000003
2280360;A652;2020-03-05;0.2;3488.9;23.6;25.7;21.8;86.0;72.0;10.3;2.6
2280361;A652;2020-03-06;0.2;3709.0;23.929166666666664;26.0;22.1;85.0;70.0;10.0;3.4333333333333336
2280362;A652;2020-03-07;0.0;3683.9;23.975;27.2;21.7;83.0;65.0;5.3;1.9
2280363;A652;2020-03-08;0.0;3667.8;24.53333333333333;28.2;22.1;85.0;66.0;11.5;3.766666666666666
2280364;A652;2020-03-09;0.0;3621.6;25.34583333333333;29.1;23.3;86.0;65.0;10.7;3.0416666666666665
2280365;A652;2020-03-10;0.0;3623.0;25.45;29.0;23.2;87.0;68.0;9.8;3.3375
2280366;A652;2020-03-11;0.0;3654.6;24.975;28.6;22.9;86.0;67.0;10.8;3.9375
2280367;A652;2020-03-12;0.0;3659.2;24.741666666666664;28.5;22.2;84.0;67.0;9.9;3.2583333333333333
2280368;A652;2020-03-13;0.0;3591.6;25.10833333333333;28.0;23.6;86.0;75.0;9.3;2.6583333333333337
2280369;A652;2020-03-14;0.0;3526.0;24.683333333333334;27.7;22.7;94.0;78.0;10.9;2.2958333333333334
2280370;A652;2020-03-15;0.0;3489.9;25.320833333333336;29.5;22.8;93.0;67.0;5.7;1.7666666666666666
2280371;A652;2020-03-16;0.0;3254.4;26.7;32.6;23.8;86.0;48.0;8.8;2.15
2280372;A652;2020-03-17;0.0;2028.4;25.525;27.5;24.1;89.0;68.0;10.0;2.1333333333333333
2280373;A652;2020-03-18;0.2;3467.8;25.65;29.8;23.2;89.0;69.0;6.6;1.4291666666666665
2280374;A652;2020-03-19;0.0;3383.3;26.79583333333333;32.3;24.1;93.0;55.0;6.4;1.775
2280375;A652;2020-03-20;0.0;2035.0;27.0375;29.4;25.2;86.0;63.0;11.5;2.208333333333333
2280376;A652;2020-03-21;9.6;1430.7;23.870833333333334;26.5;21.4;94.0;80.0;9.3;2.254166666666667
2280377;A652;2020-03-22;0.2;2655.2;23.933333333333334;27.0;21.9;89.0;72.0;9.8;2.3208333333333333
2280378;A652;2020-03-23;1.4;3515.6;23.825;27.8;21.4;88.0;60.0;5.2;1.7791666666666668
2280379;A652;2020-03-24;0.0;3287.0;23.791666666666668;27.0;21.9;82.0;65.0;10.9;1.9833333333333332
2280380;A652;2020-03-25;0.0;3484.7;23.65833333333333;27.6;21.3;81.0;60.0;5.4;1.7708333333333333
2280381;A652;2020-03-26;0.0;3455.6;23.84583333333333;28.0;21.0;85.0;60.0;7.2;2.2875
2280382;A652;2020-03-27;0.0;3407.0;24.65833333333333;28.6;22.1;83.0;65.0;8.1;2.625
2280383;A652;2020-03-28;0.0;3246.6;24.675;28.9;22.4;84.0;64.0;8.4;1.9333333333333331
2280384;A652;2020-03-29;0.0;2980.1;24.320833333333336;26.8;22.7;87.0;75.0;8.7;1.7583333333333335
2280385;A652;2020-03-30;0.6;2312.6;23.766666666666666;26.5;22.2;93.0;78.0;5.2;1.3458333333333332
2280386;A652;2020-03-31;0.0;3161.0;24.575;27.6;22.5;94.0;75.0;4.2;1.1833333333333331
2280387;A652;2020-04-01;0.0;2996.0;24.05;27.3;22.7;92.0;73.0;7.0;1.6291666666666669
2280388;A652;2020-04-02;0.0;3225.0;24.08333333333333;28.0;21.3;91.0;73.0;8.3;2.3041666666666667
2280389;A652;2020-04-03;0.0;2930.3;27.079166666666666;32.5;23.0;83.0;41.0;14.7;3.5625
2280390;A652;2020-04-04;0.0;3319.4;22.92083333333333;25.1;21.7;80.0;58.0;14.3;3.5416666666666665
2280391;A652;2020-04-05;0.0;3195.6;23.479166666666668;25.8;21.4;83.0;71.0;6.0;1.2125
2280392;A652;2020-04-06;0.0;3162.5;24.1875;28.5;22.1;87.0;66.0;6.7;1.8875
2280393;A652;2020-04-07;0.2;2022.0;23.429166666666664;25.3;21.8;93.0;81.0;13.4;2.8666666666666667
2280394;A652;2020-04-08;5.2;1147.7;21.579166666666666;23.3;20.1;96.0;83.0;9.3;2.370833333333333
2280395;A652;2020-04-09;1.6;1955.0;21.695833333333336;23.4;19.8;92.0;71.0;8.9;2.583333333333333
2280396;A652;2020-04-10;0.0;1204.9;22.0875;23.3;21.3;82.0;71.0;7.1;1.525
2280397;A652;2020-04-11;0.0;819.9;22.075;23.2;20.6;88.0;70.0;6.1;1.4333333333333331
2280398;A652;2020-04-12;0.0;2458.2;22.195833333333336;25.5;20.4;89.0;69.0;4.4;1.125
2280399;A652;2020-04-13;0.0;3126.1;23.2125;27.3;20.9;83.0;62.0;10.6;2.9
2280400;A652;2020-04-14;0.0;3099.3;24.02916666666667;28.8;21.1;80.0;58.0;8.6;2.3875
2280401;A652;2020-04-15;0.0;2959.4;24.975;29.8;22.6;91.0;59.0;10.2;1.8083333333333331
2280402;A652;2020-04-16;4.4;1175.0;23.366666666666664;24.3;22.2;91.0;73.0;7.2;1.8375
2280403;A652;2020-04-17;1.8;1534.6;22.116666666666664;25.7;20.4;90.0;71.0;8.9;2.154166666666667
2280404;A652;2020-04-18;0.0;2332.1;22.566666666666663;24.4;21.4;84.0;71.0;6.7;1.6708333333333334
2280405;A652;2020-04-19;0.2;2884.8;22.754166666666663;27.7;20.7;89.0;63.0;5.7;1.45
2280406;A652;2020-04-20;1.2;3073.8;22.42083333333333;25.0;19.8;91.0;69.0;7.4;1.2208333333333334
2280407;A652;2020-04-21;0.0;2983.9;22.604166666666668;26.1;19.9;88.0;68.0;4.1;1.3291666666666666
2280408;A652;2020-04-22;0.0;2963.9;23.4;28.7;21.0;88.0;66.0;4.8;1.5875
2280409;A652;2020-04-23;0.0;2944.8;24.0625;28.7;21.9;89.0;63.0;5.8;2.1041666666666665
2280410;A652;2020-04-24;0.0;2943.4;23.816666666666663;28.4;22.0;86.0;64.0;8.5;2.983333333333333
2280411;A652;2020-04-25;0.0;2947.7;23.691666666666663;28.6;21.1;86.0;59.0;5.3;1.5041666666666669
2280412;A652;2020-04-26;0.0;2937.3;24.116666666666664;28.7;21.6;86.0;62.0;5.3;1.5583333333333331
2280413;A652;2020-04-27;0.0;2895.8;23.89583333333333;29.5;21.6;89.0;61.0;4.5;1.6791666666666665
2280414;A652;2020-04-28;0.0;2725.4;23.604166666666668;27.6;21.5;88.0;63.0;4.6;1.991666666666667
2280415;A652;2020-04-29;0.0;2853.4;23.8125;28.4;20.9;88.0;64.0;9.1;2.4166666666666665
2280416;A652;2020-04-30;0.0;2781.7;25.79583333333333;32.4;22.1;85.0;28.0;12.6;1.6833333333333331
2280417;A652;2020-05-01;0.0;2716.3;24.579166666666666;26.9;22.5;91.0;41.0;7.9;1.925
2280418;A652;2020-05-02;11.2;2469.5;23.4875;27.8;20.7;94.0;69.0;14.3;2.1956521739130435
2280419;A652;2020-05-03;11.2;1480.2;21.72083333333333;23.7;19.2;95.0;62.0;14.5;3.25
2280420;A652;2020-05-04;0.0;2568.8;22.02083333333333;26.5;19.7;81.0;58.0;6.7;1.875
2280421;A652;2020-05-05;0.0;2728.5;23.02916666666667;28.1;19.7;82.0;53.0;6.1;1.6791666666666665
2280422;A652;2020-05-06;0.0;2144.6;24.491666666666664;28.8;22.2;91.0;57.0;14.3;1.9791666666666667
2280423;A652;2020-05-07;16.4;495.3;20.3375;24.1;18.3;95.0;77.0;18.5;4.466666666666667
2280424;A652;2020-05-08;6.2;2547.9;20.366666666666667;23.3;17.2;92.0;63.0;10.6;2.129166666666667
2280425;A652;2020-05-09;0.0;2803.1;21.35;26.2;18.4;82.0;50.0;7.7;2.058333333333333
2280426;A652;2020-05-10;0.0;2785.2;21.9625;26.7;19.2;81.0;46.0;8.3;2.5625
2280427;A652;2020-05-11;0.0;2758.9;22.475;26.6;20.1;73.0;55.0;5.4;1.6958333333333335
2280428;A652;2020-05-12;0.0;2757.1;23.266666666666666;28.2;20.0;84.0;38.0;6.2;1.675
2280429;A652;2020-05-13;0.0;2624.9;23.40833333333333;26.6;21.2;83.0;57.0;5.4;1.2375
2280430;A652;2020-05-14;1.0;1949.1;24.004166666666663;26.8;21.2;92.0;44.0;12.4;3.2291666666666665
2280431;A652;2020-05-15;8.0;848.7;20.05;21.6;18.8;94.0;83.0;11.1;1.8708333333333331
2280432;A652;2020-05-16;0.0;2677.3;22.070833333333336;26.1;19.6;92.0;65.0;6.9;1.7625000000000002
2280433;A652;2020-05-17;0.0;2536.4;22.4125;25.9;20.2;90.0;72.0;4.7;1.5125
2280434;A652;2020-05-18;0.0;2592.9;22.616666666666664;26.1;20.6;89.0;74.0;5.4;1.475
2280435;A652;2020-05-19;0.0;2618.8;22.95;27.8;21.2;91.0;68.0;10.6;3.141666666666667
2280436;A652;2020-05-20;0.0;2627.4;22.683333333333334;26.6;20.3;83.0;66.0;12.3;3.3833333333333333
2280437;A652;2020-05-21;0.0;2581.7;23.02916666666667;27.4;20.1;84.0;64.0;7.0;1.9791666666666667
2280438;A652;2020-05-22;0.0;2282.1;24.816666666666663;28.8;22.5;78.0;46.0;7.4;1.9625
2280439;A652;2020-05-23;0.0;1853.9;27.691666666666663;31.5;23.1;76.0;39.0;15.0;2.0375
2280440;A652;2020-05-24;3.2;373.7;23.02916666666667;30.4;18.6;90.0;43.0;12.3;2.720833333333333
2280441;A652;2020-05-25;0.2;2260.4;21.01666666666667;25.0;19.1;89.0;68.0;6.2;1.6041666666666667
2280442;A652;2020-05-26;0.0;2576.7;21.304166666666667;22.9;19.4;89.0;47.0;12.5;3.575
2280443;A652;2020-05-27;0.0;2517.4;20.529166666666665;23.3;18.0;72.0;41.0;15.0;3.733333333333333
2280444;A652;2020-05-28;0.0;2146.7;20.85833333333333;22.8;19.2;71.0;59.0;12.0;3.3083333333333336
2280445;A652;2020-05-29;0.0;2570.4;20.966666666666665;25.6;18.1;84.0;61.0;11.9;2.8041666666666667
2280446;A652;2020-05-30;0.0;2532.9;20.883333333333333;24.8;18.1;85.0;68.0;6.4;1.3166666666666669
2280447;A652;2020-05-31;0.0;2464.2;22.554166666666664;26.5;20.1;83.0;51.0;5.3;1.0416666666666667
2280448;A652;2020-06-01;0.0;2491.3;23.28333333333333;27.0;20.1;75.0;44.0;6.7;1.475
2280449;A652;2020-06-02;0.0;2423.5;22.35;25.6;19.9;85.0;48.0;12.1;2.033333333333333
2280450;A652;2020-06-03;0.0;2321.9;22.2;24.8;20.6;87.0;74.0;4.5;1.2666666666666666
2280451;A652;2020-06-04;0.0;1987.6;22.72083333333333;26.0;21.4;90.0;70.0;10.9;2.3833333333333333
2280452;A652;2020-06-05;0.0;2083.7;22.5875;26.5;21.2;92.0;72.0;12.3;4.941666666666667
2280453;A652;2020-06-06;0.0;1904.1;23.041666666666668;26.7;21.1;88.0;66.0;7.0;1.8041666666666665
2280454;A652;2020-06-07;1.4;1850.1;23.391666666666666;26.5;21.7;92.0;61.0;9.3;2.216666666666667
2280455;A652;2020-06-08;0.0;2259.7;22.966666666666665;27.5;21.5;92.0;73.0;8.3;1.9125
2280456;A652;2020-06-09;0.0;2329.7;23.0375;28.1;21.3;91.0;66.0;8.1;2.0125
2280457;A652;2020-06-10;0.0;1172.5;24.320833333333336;27.3;22.8;91.0;66.0;6.4;1.5125000000000002
2280458;A652;2020-06-11;0.0;2387.9;24.10833333333333;28.2;22.3;92.0;66.0;6.7;1.7666666666666666
2280459;A652;2020-06-12;0.0;2145.3;25.28333333333333;30.3;22.2;91.0;57.0;4.3;1.1
2280460;A652;2020-06-13;0.0;2318.6;25.579166666666666;30.8;22.5;90.0;53.0;5.2;0.9
2280461;A652;2020-06-14;0.0;744.4;23.633333333333336;28.3;21.5;91.0;55.0;22.0;4.3375
2280462;A652;2020-06-15;0.0;1442.6;21.629166666666663;24.4;19.9;90.0;72.0;10.9;5.5875
2280463;A652;2020-06-16;1.4;2178.6;21.558333333333334;25.1;19.5;90.0;68.0;12.3;4.5375
2280464;A652;2020-06-17;0.0;1884.5;21.8875;24.5;20.0;77.0;62.0;11.1;3.9
2280465;A652;2020-06-18;0.0;2454.4;21.77083333333333;26.0;19.2;84.0;43.0;8.2;2.058333333333333
2280466;A652;2020-06-19;0.0;2027.9;23.73333333333333;28.7;20.6;76.0;40.0;7.4;1.5541666666666665
2280467;A652;2020-06-20;0.0;2330.6;24.066666666666663;28.4;21.1;77.0;51.0;6.6;1.4458333333333335
2280468;A652;2020-06-21;0.0;2338.8;24.5375;28.9;21.8;90.0;48.0;6.6;1.5625
2280469;A652;2020-06-22;0.0;2377.3;25.041666666666668;28.8;22.3;77.0;35.0;5.3;0.95
2280470;A652;2020-06-23;0.0;2137.4;23.304166666666664;27.0;21.1;89.0;51.0;6.0;1.5291666666666668
2280471;A652;2020-06-24;0.0;2367.4;23.09166666666667;27.0;20.4;70.0;37.0;6.9;2.0083333333333333
2280472;A652;2020-06-25;0.0;2262.7;24.133333333333336;28.9;20.9;81.0;37.0;7.1;2.3583333333333334
2280473;A652;2020-06-26;0.0;2262.7;24.254166666666663;26.7;22.3;85.0;44.0;18.6;2.6
2280474;A652;2020-06-27;3.0;2112.7;22.16086956521739;26.7;19.4;92.0;63.0;22.3;2.7913043478260877
2280475;A652;2020-06-28;0.0;2079.5;20.5375;23.1;18.4;90.0;67.0;9.5;2.3541666666666665
2280476;A652;2020-06-29;3.8;1530.5;20.141666666666666;23.0;17.9;92.0;69.0;13.5;3.0083333333333333
2280477;A652;2020-06-30;0.0;2131.8;21.916666666666668;26.0;18.8;80.0;52.0;6.5;2.145833333333333
2280478;A652;2020-07-01;0.0;1269.9;25.53333333333333;29.9;21.3;79.0;37.0;17.3;3.779166666666667
2280479;A652;2020-07-02;0.0;1652.1;21.016666666666666;23.2;19.8;70.0;58.0;10.0;2.4833333333333334
2280480;A652;2020-07-03;0.0;1393.2;20.0625;21.5;18.9;82.0;69.0;9.9;2.1875
2280481;A652;2020-07-04;0.0;1230.3;20.0125;22.1;18.1;84.0;71.0;9.0;2.6416666666666666
2280482;A652;2020-07-05;0.0;2430.2;21.754166666666663;26.5;19.0;86.0;50.0;7.3;1.7833333333333332
2280483;A652;2020-07-06;0.0;2186.0;24.48333333333333;27.4;22.5;85.0;46.0;12.4;2.7
2280484;A652;2020-07-07;0.0;2359.9;22.725;27.6;20.7;92.0;65.0;9.9;2.2916666666666665
2280485;A652;2020-07-08;0.0;2471.3;25.379166666666663;32.6;21.6;91.0;22.0;11.5;2.066666666666667
2280486;A652;2020-07-09;0.0;2409.6;23.3625;26.2;21.0;81.0;43.0;15.2;3.7375
2280487;A652;2020-07-10;0.4;1772.1;21.291666666666668;23.9;19.5;78.0;60.0;9.3;2.85
2280488;A652;2020-07-11;0.0;2424.1;22.704166666666666;28.0;18.9;77.0;46.0;8.4;1.8875
2280489;A652;2020-07-12;0.0;2446.6;27.441666666666663;32.3;22.8;69.0;28.0;11.4;2.4125
2280490;A652;2020-07-13;0.0;2430.3;27.55;32.3;23.3;79.0;31.0;7.5;1.8916666666666664
2280491;A652;2020-07-14;16.8;647.9;21.554166666666664;24.1;18.9;95.0;69.0;13.3;3.220833333333333
2280492;A652;2020-07-15;1.2;609.4;18.67083333333333;19.6;17.8;95.0;73.0;9.2;2.7625
2280493;A652;2020-07-16;1.8;784.2;19.09583333333333;20.7;17.2;91.0;74.0;9.0;2.4541666666666666
2280494;A652;2020-07-17;0.0;2376.6;20.275;24.0;17.7;88.0;69.0;10.0;2.595833333333333
2280495;A652;2020-07-18;0.0;2592.3;21.65416666666667;25.7;19.3;85.0;66.0;11.4;2.9333333333333336
2280496;A652;2020-07-19;0.0;2544.7;21.6;25.7;19.1;89.0;58.0;7.1;2.0875
2280497;A652;2020-07-20;0.0;2574.6;22.71666666666667;26.2;20.1;83.0;53.0;6.5;1.5
2280498;A652;2020-07-21;0.0;2500.3;22.4125;26.5;20.2;88.0;65.0;4.5;1.3583333333333334
2280499;A652;2020-07-22;0.0;2505.1;23.53333333333333;27.1;20.5;86.0;50.0;4.3;1.2916666666666667
2280500;A652;2020-07-23;0.0;2518.1;23.04583333333333;25.7;20.2;92.0;55.0;7.6;1.4708333333333332
2280501;A652;2020-07-24;0.0;2608.2;23.27083333333333;25.9;20.6;77.0;52.0;6.6;1.5083333333333335
2280502;A652;2020-07-25;0.0;2590.5;24.875;30.3;22.0;76.0;37.0;7.9;1.9583333333333333
2280503;A652;2020-07-26;0.0;2537.3;23.40416666666667;26.6;21.8;89.0;47.0;13.1;3.3666666666666667
2280504;A652;2020-07-27;0.0;2616.6;23.42083333333333;27.7;20.8;93.0;55.0;6.9;1.9166666666666667
2280505;A652;2020-07-28;0.0;2627.0;24.95;30.5;21.9;83.0;33.0;10.3;2.0166666666666666
2280506;A652;2020-07-29;0.4;635.2;23.175;27.1;20.9;91.0;44.0;18.0;3.2291666666666665
2280507;A652;2020-07-30;6.6;664.1;19.425;21.5;17.8;95.0;76.0;16.0;5.333333333333333
2280508;A652;2020-07-31;10.0;1613.3;18.916666666666668;22.2;17.0;94.0;69.0;13.8;4.016666666666667
2280509;A652;2020-08-01;0.0;2696.2;20.53333333333333;23.6;18.5;83.0;68.0;12.3;3.633333333333333
2280510;A652;2020-08-02;0.0;2761.9;20.875;24.2;18.6;77.0;63.0;8.8;2.7875
2280511;A652;2020-08-03;0.0;2770.8;20.70833333333333;24.8;18.3;78.0;54.0;8.3;2.4375
2280512;A652;2020-08-04;0.0;2756.1;20.6875;24.7;18.2;85.0;63.0;11.5;3.3375
2280513;A652;2020-08-05;0.0;2777.9;21.009090909090908;23.8;18.5;81.0;51.0;13.0;3.8818181818181823
2280514;A652;2020-08-06;0.0;2836.1;20.995652173913044;26.1;18.8;83.0;55.0;13.6;3.5043478260869563
2280515;A652;2020-08-07;0.0;2849.0;21.058333333333334;24.5;18.6;86.0;54.0;12.0;3.045833333333333
2280516;A652;2020-08-08;0.0;2813.8;21.45;24.9;19.0;84.0;61.0;5.9;1.375
2280517;A652;2020-08-09;0.0;2789.0;21.516666666666666;25.2;19.5;88.0;64.0;8.4;1.4625
2280518;A652;2020-08-10;0.0;2785.0;22.15833333333333;27.5;19.5;88.0;50.0;7.4;1.4416666666666669
2280519;A652;2020-08-11;1.4;2745.6;25.0125;30.9;21.3;77.0;32.0;6.3;1.6166666666666665
2280520;A652;2020-08-12;0.0;2749.2;23.65;26.0;21.7;86.0;49.0;10.4;2.4083333333333337
2280521;A652;2020-08-13;0.0;2669.7;23.40416666666667;29.8;20.6;93.0;42.0;11.5;2.4458333333333333
2280522;A652;2020-08-14;0.0;2688.0;24.39583333333333;30.2;21.4;92.0;40.0;11.3;2.4916666666666667
2280523;A652;2020-08-15;0.0;2751.6;24.83333333333333;31.5;22.1;89.0;34.0;18.8;3.1791666666666667
2280524;A652;2020-08-16;0.2;722.1;21.90416666666667;23.2;20.2;91.0;77.0;7.4;1.4666666666666668
2280525;A652;2020-08-17;0.0;2726.6;22.866666666666664;27.2;20.7;88.0;62.0;9.8;1.75
2280526;A652;2020-08-18;0.0;2720.5;23.1625;27.4;21.3;91.0;54.0;7.5;1.7291666666666667
2280527;A652;2020-08-19;0.0;2943.3;23.625;26.8;21.8;91.0;70.0;12.9;2.9166666666666665
2280528;A652;2020-08-20;2.4;685.6;21.508333333333336;22.9;19.3;93.0;78.0;14.5;4.608333333333333
2280529;A652;2020-08-21;3.4;760.9;19.14583333333333;21.2;17.0;93.0;73.0;15.8;5.558333333333334
2280530;A652;2020-08-22;4.8;872.2;17.325;19.0;15.7;93.0;67.0;15.2;5.7125
2280531;A652;2020-08-23;10.0;2327.4;18.626315789473683;22.1;15.2;91.0;58.0;7.4;1.863157894736842
2280532;A652;2020-08-24;2.8;3038.1;19.068181818181817;22.5;16.0;90.0;58.0;12.5;1.6727272727272726
2280533;A652;2020-08-25;0.2;2985.9;19.39583333333333;22.3;17.3;90.0;46.0;9.8;2.920833333333333
2280534;A652;2020-08-26;0.8;3150.2;19.891666666666666;22.8;17.7;82.0;63.0;8.2;2.275
2280535;A652;2020-08-27;0.0;3113.9;21.075;25.4;18.3;89.0;68.0;9.5;2.3625000000000003
2280536;A652;2020-08-28;0.0;3159.3;22.616666666666664;26.9;19.9;89.0;67.0;9.1;2.2583333333333333
2280537;A652;2020-08-29;0.0;3100.5;23.84583333333333;29.7;21.6;80.0;42.0;8.2;2.0500000000000003
2280538;A652;2020-08-30;0.0;3120.3;27.5875;34.8;23.2;79.0;25.0;11.8;1.8625
2280539;A652;2020-08-31;0.0;2123.2;23.1;28.0;21.6;90.0;46.0;16.0;3.9791666666666665
2280540;A652;2020-09-01;0.0;2980.2;22.95833333333333;25.9;21.4;92.0;71.0;12.7;2.6416666666666666
2280541;A652;2020-09-02;0.2;2718.7;22.491666666666664;26.8;21.3;94.0;74.0;11.7;5.358333333333333
2280542;A652;2020-09-03;0.0;3176.9;23.541666666666668;28.5;20.7;91.0;49.0;8.4;2.0708333333333333
2280543;A652;2020-09-04;0.0;3087.9;26.704166666666666;32.9;22.4;87.0;26.0;16.4;2.3000000000000003
2280544;A652;2020-09-05;0.0;3033.7;23.15416666666667;26.7;22.0;91.0;71.0;13.7;3.0708333333333333
2280545;A652;2020-09-06;0.0;3099.7;22.804166666666664;26.7;20.7;92.0;71.0;6.3;1.8416666666666663
2280546;A652;2020-09-07;0.0;3033.7;22.8625;26.2;21.0;93.0;70.0;12.3;2.4458333333333333
2280547;A652;2020-09-08;0.0;2545.7;23.35;26.2;21.9;90.0;74.0;7.6;2.0125
2280548;A652;2020-09-09;0.0;2786.6;23.791666666666668;27.6;21.7;91.0;71.0;8.0;2.020833333333333
2280549;A652;2020-09-10;0.0;2914.5;24.3375;29.4;21.8;88.0;51.0;8.7;2.4
2280550;A652;2020-09-11;0.0;3011.7;23.875;26.3;22.5;90.0;73.0;13.5;3.1166666666666667
2280551;A652;2020-09-12;0.0;3127.3;24.9875;29.9;22.4;91.0;61.0;5.8;1.6666666666666667
2280552;A652;2020-09-13;0.0;3171.9;25.65;28.3;23.0;88.0;51.0;8.9;2.091666666666667
2280553;A652;2020-09-14;0.0;3171.3;27.120833333333334;33.1;23.6;83.0;28.0;9.8;2.0083333333333333
2280554;A652;2020-09-15;0.0;1359.3;23.125;25.2;21.3;89.0;73.0;20.1;6.495833333333334
2280555;A652;2020-09-16;0.0;3157.8;23.641666666666666;28.5;21.4;89.0;64.0;11.4;4.8478260869565215
2280556;A652;2020-09-17;0.0;3178.8;25.120833333333334;33.1;21.9;88.0;31.0;19.8;2.9958333333333336
2280557;A652;2020-09-18;0.0;3083.9;24.579166666666666;28.6;22.7;87.0;64.0;13.0;3.3166666666666664
2280558;A652;2020-09-19;0.0;2656.3;24.454166666666666;27.1;23.0;92.0;70.0;14.3;2.558333333333333
2280559;A652;2020-09-20;1.8;391.4;22.870833333333334;23.8;21.8;93.0;78.0;11.8;3.5173913043478264
2280560;A652;2020-09-21;8.2;2113.1;22.745833333333334;26.1;21.6;94.0;76.0;11.4;2.3916666666666666
2280561;A652;2020-09-22;17.8;263.5;19.675;22.2;17.6;96.0;83.0;17.9;9.625
2280562;A652;2020-09-23;2.4;1825.5;20.675;24.1;18.4;96.0;68.0;11.0;3.908333333333333
2280563;A652;2020-09-24;0.0;2913.3;22.75;26.8;20.6;84.0;66.0;11.9;3.783333333333333
2280564;A652;2020-09-25;0.0;3511.4;23.320833333333336;27.9;20.7;90.0;64.0;6.8;1.7833333333333332
2280565;A652;2020-09-26;0.0;3013.7;23.933333333333334;27.9;22.7;91.0;68.0;6.9;2.033333333333333
2280566;A652;2020-09-27;0.0;3482.6;27.879166666666663;37.9;22.6;91.0;21.0;7.5;1.5166666666666666
2280567;A652;2020-09-28;0.0;2903.2;25.54583333333333;29.9;23.6;93.0;56.0;21.7;2.8125
2280568;A652;2020-09-29;3.0;1128.6;24.6625;28.5;23.0;93.0;43.0;11.0;4.15
2280569;A652;2020-09-30;0.0;3422.3;24.916666666666668;29.0;22.6;92.0;69.0;8.5;3.091666666666667
2280570;A652;2020-10-01;0.0;3365.2;25.120833333333334;31.7;23.3;94.0;59.0;9.4;2.441666666666667
2280571;A652;2020-10-02;0.0;3334.5;28.683333333333334;33.1;25.0;91.0;45.0;6.6;1.7875
2280572;A652;2020-10-03;0.0;3262.1;27.041666666666668;33.1;24.5;91.0;44.0;19.1;4.45
2280573;A652;2020-10-04;0.0;908.9;22.933333333333334;24.6;20.8;95.0;80.0;16.8;8.816666666666666
2280574;A652;2020-10-05;0.2;3016.6;23.275;27.5;20.9;94.0;70.0;18.7;5.795833333333333
2280575;A652;2020-10-06;0.0;3214.4;24.27916666666667;28.1;22.4;92.0;69.0;17.9;3.283333333333333
2280576;A652;2020-10-07;0.0;3045.8;24.166666666666668;27.1;23.0;91.0;75.0;8.3;2.4
2280577;A652;2020-10-08;3.0;1164.7;24.266666666666666;28.2;23.2;93.0;69.0;17.8;2.625
2280578;A652;2020-10-09;2.8;839.7;23.67083333333333;25.0;22.8;94.0;84.0;10.7;2.154166666666667
2280579;A652;2020-10-10;1.8;2166.1;23.0;25.0;20.8;95.0;66.0;13.9;4.4
2280580;A652;2020-10-11;0.0;3559.0;22.683333333333334;26.8;19.8;73.0;48.0;8.9;3.4416666666666664
2280581;A652;2020-10-12;0.0;3694.1;22.83333333333333;27.6;20.8;81.0;53.0;14.4;4.458333333333333
2280582;A652;2020-10-13;0.0;3501.5;24.04583333333333;28.4;21.1;84.0;61.0;6.8;1.8958333333333333
2280583;A652;2020-10-14;0.0;3278.4;24.741666666666664;26.9;23.0;88.0;64.0;13.8;3.4416666666666664
2280584;A652;2020-10-15;0.0;2448.0;23.566666666666663;25.5;22.9;90.0;78.0;13.2;3.720833333333333
2280585;A652;2020-10-16;0.0;2453.6;22.329166666666666;24.7;20.9;87.0;65.0;9.4;3.0541666666666667
2280586;A652;2020-10-17;0.8;3878.7;22.75;27.9;20.0;84.0;53.0;8.8;3.2875
2280587;A652;2020-10-18;0.0;3381.2;23.025;27.6;20.4;80.0;58.0;14.3;4.658333333333333
2280588;A652;2020-10-19;0.0;3417.6;23.2375;28.1;21.4;85.0;59.0;13.8;4.375
2280589;A652;2020-10-20;0.0;3787.7;23.729166666666668;28.4;21.4;88.0;62.0;6.6;2.2958333333333334
2280590;A652;2020-10-21;0.0;3654.4;23.366666666666664;26.8;21.2;92.0;72.0;5.9;1.3125
2280591;A652;2020-10-22;0.0;3240.6;22.67083333333333;26.4;20.9;94.0;69.0;11.9;4.254166666666666
2280592;A652;2020-10-23;0.0;3870.6;22.35833333333333;27.9;20.0;82.0;57.0;12.5;3.875
2280593;A652;2020-10-24;0.2;3011.6;21.3;25.1;19.3;93.0;69.0;11.6;2.5083333333333333
2280594;A652;2020-10-25;0.6;3502.6;20.34583333333333;24.1;18.4;96.0;69.0;13.7;4.28695652173913
2280595;A652;2020-10-26;11.8;3812.8;22.383333333333336;26.8;18.8;94.0;67.0;5.8;1.4166666666666667
2280596;A652;2020-10-27;0.0;3705.9;22.09166666666667;26.4;19.9;93.0;68.0;8.3;2.0875
2280597;A652;2020-10-28;0.0;3683.6;23.666666666666668;28.9;19.8;92.0;63.0;5.7;1.2458333333333331
2280598;A652;2020-10-29;0.0;3326.6;24.041666666666668;28.1;21.7;93.0;58.0;7.3;2.379166666666667
2280599;A652;2020-10-30;16.2;1034.1;21.6375;23.9;19.1;96.0;89.0;11.2;3.1333333333333333
2280600;A652;2020-10-31;9.0;1275.6;19.716666666666665;21.5;18.7;96.0;87.0;9.6;2.6125
2280601;A652;2020-11-01;3.2;2161.1;20.1375;22.1;17.6;95.0;70.0;11.5;2.65
2280602;A652;2020-11-02;3.2;4014.9;19.9875;23.2;17.2;92.0;65.0;8.4;2.4541666666666666
2280603;A652;2020-11-03;0.2;3842.0;21.2;26.1;18.5;85.0;60.0;10.2;2.5541666666666667
2280604;A652;2020-11-04;1.4;2796.7;20.85833333333333;25.2;18.9;91.0;70.0;10.7;2.2583333333333333
2280605;A652;2020-11-05;2.6;2938.2;20.404166666666665;24.9;18.7;93.0;74.0;9.3;2.2041666666666666
2280606;A652;2020-11-06;5.6;3761.9;20.758333333333333;24.7;17.6;92.0;69.0;6.7;1.4666666666666668
2280607;A652;2020-11-07;0.0;3800.3;21.995833333333334;25.2;19.9;85.0;65.0;5.2;1.2
2280608;A652;2020-11-08;0.0;2451.5;22.308333333333334;27.2;21.1;95.0;68.0;6.3;1.3291666666666666
2280609;A652;2020-11-09;1.2;3382.1;23.5;28.8;21.5;96.0;73.0;5.4;1.6666666666666667
2280610;A652;2020-11-10;0.4;1477.7;22.866666666666664;25.3;21.6;96.0;86.0;7.0;1.5666666666666669
2280611;A652;2020-11-11;0.0;2019.0;23.1375;24.7;22.3;95.0;86.0;7.0;1.7333333333333334
2280612;A652;2020-11-12;0.4;3396.2;23.97083333333333;27.8;22.2;95.0;75.0;5.7;1.4166666666666667
2280613;A652;2020-11-13;0.2;2785.7;24.133333333333336;28.3;22.6;94.0;72.0;5.2;1.3833333333333335
2280614;A652;2020-11-14;0.0;3125.2;24.504166666666663;27.6;23.2;93.0;76.0;7.3;1.6708333333333334
2280615;A652;2020-11-15;0.0;3866.7;25.64583333333333;30.3;22.8;94.0;67.0;7.1;2.125
2280616;A652;2020-11-16;0.0;3847.9;25.75;29.3;23.3;93.0;66.0;9.8;2.029166666666667
2280617;A652;2020-11-17;2.2;3902.2;24.9375;30.0;22.4;95.0;54.0;14.4;2.6375
2280618;A652;2020-11-18;1.2;1667.0;22.275;24.4;21.2;95.0;80.0;8.5;2.2583333333333333
2280619;A652;2020-11-19;10.0;1532.8;22.2;24.6;20.7;96.0;85.0;16.7;4.370833333333334
2280620;A652;2020-11-20;6.0;2031.2;21.0875;23.4;19.7;95.0;75.0;17.6;3.325
2280621;A652;2020-11-21;0.8;3887.9;23.0;27.4;19.8;89.0;63.0;7.6;2.4
2280622;A652;2020-11-22;0.0;2727.4;23.48333333333333;28.3;21.2;86.0;64.0;12.1;3.608333333333333
2280623;A652;2020-11-23;0.4;3788.5;23.35833333333333;29.3;19.7;89.0;59.0;12.1;3.2916666666666665
2280624;A652;2020-11-24;0.0;4023.8;24.791666666666668;30.2;22.2;86.0;62.0;12.8;5.366666666666667
2280625;A652;2020-11-25;0.0;3998.1;24.366666666666664;29.5;21.6;89.0;62.0;14.9;4.508333333333334
2280626;A652;2020-11-26;0.0;4019.0;24.875;28.1;22.2;90.0;63.0;11.3;2.8000000000000003
2280627;A652;2020-11-27;0.0;3931.7;24.25;28.7;21.1;90.0;64.0;8.1;1.9625
2280628;A652;2020-11-28;0.0;3947.3;22.89583333333333;28.2;19.5;94.0;62.0;13.9;2.6958333333333333
2280629;A652;2020-11-29;0.0;3991.8;24.40416666666667;28.1;20.4;88.0;63.0;10.2;2.566666666666667
2280630;A652;2020-11-30;0.0;3835.5;25.04583333333333;28.8;20.6;89.0;59.0;7.4;2.154166666666667
2280631;A652;2020-12-01;0.0;3820.1;23.916666666666668;26.5;20.1;93.0;65.0;9.7;2.495833333333333
2280632;A652;2020-12-02;0.0;3546.8;24.195833333333336;28.3;22.4;94.0;72.0;5.4;1.5333333333333332
2280633;A652;2020-12-03;0.0;3706.5;26.15;30.5;22.6;93.0;63.0;5.7;1.7166666666666668
2280634;A652;2020-12-04;0.0;3864.8;26.925;30.3;24.3;91.0;64.0;9.4;2.35
2280635;A652;2020-12-05;0.6;3434.1;24.7625;29.2;23.4;95.0;76.0;10.7;3.1916666666666664
2280636;A652;2020-12-06;1.0;772.5;22.725;24.0;22.1;95.0;81.0;11.8;2.4541666666666666
2280637;A652;2020-12-07;13.2;1445.7;22.4875;24.2;21.9;96.0;93.0;11.3;2.458333333333333
2280638;A652;2020-12-08;9.6;3264.0;23.325;27.0;21.2;96.0;81.0;9.0;2.4
2280639;A652;2020-12-09;0.0;2698.1;23.9;25.7;23.2;91.0;83.0;7.4;2.1958333333333333
2280640;A652;2020-12-10;2.4;1440.9;23.229166666666668;25.3;22.1;95.0;83.0;5.5;1.3541666666666667
2280641;A652;2020-12-11;0.2;3912.7;24.27916666666667;29.4;21.8;93.0;69.0;8.6;1.991666666666667
2280642;A652;2020-12-12;0.0;3773.7;25.0375;28.9;23.1;93.0;73.0;5.3;1.375
2280643;A652;2020-12-13;16.6;1548.7;24.870833333333334;27.8;23.2;94.0;62.0;11.6;1.8125
2280644;A652;2020-12-14;0.0;3627.0;27.479166666666668;32.4;24.9;86.0;56.0;7.9;1.7958333333333334
2280645;A652;2020-12-15;0.2;3933.5;26.195833333333336;31.0;23.5;93.0;62.0;9.9;2.495833333333333
2280646;A652;2020-12-16;0.0;3778.0;26.52916666666667;30.3;24.2;92.0;68.0;10.7;2.345833333333333
2280647;A652;2020-12-17;0.6;3241.7;25.8;30.0;24.2;92.0;68.0;7.5;2.0500000000000003
2280648;A652;2020-12-18;0.2;3555.7;26.1;28.5;24.4;92.0;76.0;9.0;2.075
2280649;A652;2020-12-19;0.0;3792.3;26.979166666666668;31.1;24.6;91.0;67.0;5.5;1.7916666666666667
2280650;A652;2020-12-20;0.0;3822.7;27.166666666666668;32.1;23.9;92.0;62.0;5.8;1.65
2280651;A652;2020-12-21;0.0;3789.6;27.2375;31.9;24.4;91.0;62.0;7.2;1.7333333333333334
2280652;A652;2020-12-22;3.6;735.3;24.7625;26.3;22.1;95.0;89.0;12.3;4.141666666666667
2280653;A652;2020-12-23;0.4;1196.4;23.366666666666664;25.4;21.7;95.0;79.0;9.8;2.4
2280654;A652;2020-12-24;1.6;696.4;22.183333333333334;23.4;20.5;95.0;77.0;5.9;1.225
2280655;A652;2020-12-25;12.6;2403.1;22.67083333333333;26.0;20.6;96.0;78.0;7.4;1.6291666666666669
2280656;A652;2020-12-26;7.6;3973.0;24.316666666666663;29.4;20.6;94.0;67.0;6.5;2.3041666666666667
2280657;A652;2020-12-27;1.6;1913.7;23.883333333333336;25.9;22.9;95.0;77.0;6.7;1.7291666666666667
2280658;A652;2020-12-28;0.0;3228.4;24.491666666666664;28.0;22.8;95.0;75.0;6.5;1.2333333333333334
2280659;A652;2020-12-29;0.2;2986.8;26.2875;29.5;23.2;89.0;59.0;8.5;1.8
2280660;A652;2020-12-30;0.6;2605.0;25.825;28.9;23.3;91.0;69.0;7.8;1.7041666666666666
2280661;A652;2020-12-31;9.8;3829.0;27.725;34.3;23.0;93.0;39.0;18.0;2.345833333333333
2428394;A652;2021-01-01;0.6;3056.5;24.84583333333333;29.6;22.7;93.0;71.0;7.4;1.6166666666666665
2428395;A652;2021-01-02;17.2;951.2;23.8875;27.0;21.7;96.0;80.0;17.0;2.725
2428396;A652;2021-01-03;4.4;2919.0;23.070833333333336;26.3;21.3;96.0;77.0;9.4;2.858333333333333
2428397;A652;2021-01-04;0.2;3898.3;25.291666666666668;29.8;22.9;91.0;66.0;8.1;2.216666666666667
2428398;A652;2021-01-05;0.0;3277.8;26.179166666666664;31.7;24.0;90.0;66.0;5.1;1.9375
2428399;A652;2021-01-06;0.0;3617.5;27.475;33.1;24.2;95.0;62.0;7.3;1.4833333333333334
2428400;A652;2021-01-07;0.0;4012.4;28.133333333333336;32.7;25.4;85.0;55.0;7.7;2.0
2428401;A652;2021-01-08;0.0;3907.3;27.98333333333333;32.1;25.8;89.0;59.0;11.4;2.2125
2428402;A652;2021-01-09;1.2;3800.7;27.17083333333333;30.8;25.0;94.0;71.0;5.7;1.8458333333333328
2428403;A652;2021-01-10;0.0;3849.2;28.09583333333333;33.1;25.7;91.0;65.0;9.7;3.420833333333333
2428404;A652;2021-01-11;0.0;3849.7;26.9625;31.8;24.8;91.0;67.0;8.7;3.1666666666666665
2428405;A652;2021-01-12;0.0;3594.2;25.96666666666667;30.0;23.1;91.0;63.0;10.5;2.2416666666666667
2428406;A652;2021-01-13;0.0;3845.1;25.09166666666667;30.1;22.6;91.0;62.0;7.5;1.8083333333333331
2428407;A652;2021-01-14;0.0;3925.0;23.77083333333333;29.4;21.4;90.0;63.0;8.3;2.1125000000000003
2428408;A652;2021-01-15;0.0;3917.1;23.34583333333333;28.5;20.5;93.0;65.0;11.1;2.6041666666666665
2428409;A652;2021-01-16;0.0;3918.9;24.870833333333334;29.8;21.6;90.0;62.0;10.8;2.6583333333333337
2428410;A652;2021-01-17;0.0;3912.4;25.579166666666666;32.4;22.4;85.0;44.0;10.6;3.158333333333333
2428411;A652;2021-01-18;0.0;3902.6;26.83333333333333;33.3;23.4;79.0;35.0;10.8;2.558333333333333
2428412;A652;2021-01-19;0.0;3813.1;24.29583333333333;27.7;21.6;91.0;64.0;6.8;1.8625
2428413;A652;2021-01-20;0.0;3838.2;24.45;28.5;21.8;96.0;63.0;4.9;1.7375
2428414;A652;2021-01-21;0.0;3878.6;25.320833333333336;30.4;22.4;91.0;62.0;12.2;2.5416666666666665
2428415;A652;2021-01-22;0.0;3914.4;25.40416666666667;31.0;22.9;92.0;61.0;10.7;2.9333333333333336
2428416;A652;2021-01-23;0.0;3682.6;24.554166666666664;30.0;21.7;93.0;61.0;13.2;3.3875
2428417;A652;2021-01-24;0.0;3893.5;24.104166666666668;27.5;21.3;89.0;63.0;9.4;2.470833333333333
2428418;A652;2021-01-25;0.0;3626.0;24.570833333333336;29.3;21.0;90.0;56.0;9.7;2.1875
2428419;A652;2021-01-26;0.0;3121.7;25.35;29.2;22.4;85.0;59.0;6.5;1.5291666666666668
2428420;A652;2021-01-27;0.0;3853.7;26.995833333333334;35.1;22.5;84.0;36.0;11.1;2.404166666666667
2428421;A652;2021-01-28;0.0;3788.3;28.254166666666663;35.4;22.6;75.0;29.0;7.3;1.9666666666666668
2428422;A652;2021-01-29;0.0;3780.9;26.2625;35.5;21.6;90.0;33.0;11.0;2.1708333333333334
2428423;A652;2021-01-30;0.0;3833.0;25.433333333333334;33.8;21.9;86.0;43.0;12.9;2.845833333333333
2428424;A652;2021-01-31;0.0;3336.3;25.35833333333333;31.3;22.1;83.0;50.0;12.3;2.316666666666667
2428425;A652;2021-02-01;0.0;3844.2;24.2625;27.9;21.4;86.0;62.0;13.4;3.279166666666667
2428426;A652;2021-02-02;0.0;3756.5;25.258333333333336;30.7;21.9;81.0;54.0;6.9;1.7833333333333332
2428427;A652;2021-02-03;0.0;3793.3;24.6;29.1;21.2;87.0;61.0;7.9;2.0125
2428428;A652;2021-02-04;0.0;3745.2;25.454166666666666;33.9;21.7;85.0;44.0;11.6;2.625
2428429;A652;2021-02-05;13.8;2405.5;23.95833333333333;28.4;21.4;96.0;63.0;15.4;1.9
2428430;A652;2021-02-06;2.6;1519.4;21.4875;24.3;19.8;96.0;78.0;7.4;1.675
2428431;A652;2021-02-07;1.0;2681.1;23.73333333333333;28.0;21.6;90.0;68.0;5.4;1.3166666666666669
2428432;A652;2021-02-08;6.2;1455.8;22.65416666666667;23.8;20.8;95.0;71.0;6.2;1.0083333333333333
2428433;A652;2021-02-09;0.2;3200.7;23.933333333333334;28.1;22.2;88.0;66.0;4.8;1.5583333333333331
2428434;A652;2021-02-10;0.0;3486.5;24.870833333333334;29.3;22.0;89.0;61.0;5.8;2.0875
2428435;A652;2021-02-11;0.0;3502.3;25.433333333333334;30.7;23.3;89.0;65.0;8.4;1.7916666666666667
2428436;A652;2021-02-12;0.0;3001.3;25.254166666666663;29.5;23.0;91.0;70.0;4.1;1.4583333333333333
2428437;A652;2021-02-13;2.2;1911.3;25.17083333333333;28.0;23.7;94.0;76.0;5.0;1.5458333333333334
2428438;A652;2021-02-14;4.8;3758.7;25.3375;31.2;23.0;93.0;57.0;13.1;2.183333333333333
2428439;A652;2021-02-15;0.0;2726.7;25.28333333333333;27.1;24.0;88.0;63.0;9.3;1.4333333333333331
2428440;A652;2021-02-16;0.0;3702.2;25.554166666666664;28.8;22.7;91.0;69.0;6.2;1.3
2428441;A652;2021-02-17;0.0;2193.5;25.2375;27.5;24.1;92.0;73.0;4.8;1.4166666666666667
2428442;A652;2021-02-18;0.0;3561.9;25.6375;30.1;23.3;93.0;59.0;11.3;1.6333333333333335
2428443;A652;2021-02-19;0.0;3687.6;26.041666666666668;29.2;23.3;92.0;71.0;4.4;1.5
2428444;A652;2021-02-20;0.0;3716.2;26.47083333333333;30.7;24.5;92.0;71.0;6.3;1.7583333333333335
2428445;A652;2021-02-21;1.6;3043.3;25.979166666666668;31.1;24.2;92.0;66.0;7.5;1.4458333333333335
2428446;A652;2021-02-22;1.4;3579.7;25.4125;28.3;24.4;92.0;78.0;7.7;1.9625
2428447;A652;2021-02-23;0.0;3810.0;26.375;31.3;23.2;89.0;65.0;6.8;2.404166666666667
2428448;A652;2021-02-24;0.0;3727.2;26.22083333333333;31.0;23.6;92.0;55.0;9.3;2.5
2428449;A652;2021-02-25;0.0;1012.2;25.17083333333333;26.8;24.2;91.0;79.0;7.0;1.7291666666666667
2428450;A652;2021-02-26;0.0;1968.9;25.7875;28.5;24.3;91.0;74.0;6.5;1.9
2428451;A652;2021-02-27;0.0;3260.1;25.8375;30.5;24.2;92.0;68.0;5.9;1.5833333333333333
2428452;A652;2021-02-28;0.0;3538.9;26.433333333333334;31.5;24.2;89.0;60.0;13.2;4.158333333333333
2428453;A652;2021-03-01;0.0;2389.9;25.183333333333334;29.2;23.1;86.0;63.0;9.2;2.5125
2428454;A652;2021-03-02;0.0;3712.3;24.85833333333333;29.6;22.4;88.0;61.0;9.5;1.8375
2428455;A652;2021-03-03;0.0;3627.4;25.741666666666664;29.2;22.8;87.0;60.0;7.2;1.7833333333333332
2428456;A652;2021-03-04;0.0;3491.4;25.4375;29.1;22.5;89.0;60.0;10.0;2.0166666666666666
2428457;A652;2021-03-05;0.0;3618.6;26.08333333333333;31.9;22.7;91.0;41.0;12.4;2.8791666666666664
2428458;A652;2021-03-06;9.6;2334.6;26.666666666666668;31.5;22.6;93.0;43.0;9.6;2.2666666666666666
2428459;A652;2021-03-07;17.6;2679.6;23.42083333333333;27.0;21.9;96.0;82.0;7.8;0.9916666666666668
2428460;A652;2021-03-08;0.0;2880.0;24.570833333333336;29.6;22.8;94.0;72.0;5.4;1.6458333333333333
2428461;A652;2021-03-09;0.0;3561.6;25.3625;30.8;22.7;92.0;64.0;8.9;2.058333333333333
2428462;A652;2021-03-10;0.0;3605.6;24.39583333333333;25.8;23.3;92.0;72.0;11.3;2.704166666666667
2428463;A652;2021-03-11;0.0;3525.0;25.291666666666668;30.4;23.0;91.0;63.0;7.2;1.8416666666666668
2428464;A652;2021-03-12;0.0;3097.1;25.479166666666668;28.8;23.9;95.0;73.0;10.3;1.875
2428465;A652;2021-03-13;0.0;3388.3;26.445833333333336;30.5;24.0;95.0;71.0;8.9;1.25
2428466;A652;2021-03-14;0.0;3360.7;26.516666666666666;31.7;24.3;93.0;65.0;4.1;1.5458333333333334
2428467;A652;2021-03-15;0.0;3455.6;26.891666666666666;32.3;24.4;92.0;63.0;5.1;1.7708333333333333
2428468;A652;2021-03-16;0.0;3178.1;26.92083333333333;32.0;25.3;89.0;64.0;9.7;2.1958333333333333
2428469;A652;2021-03-17;0.0;3392.2;26.25;30.3;23.1;85.0;59.0;6.4;1.9416666666666669
2428470;A652;2021-03-18;0.0;3340.1;28.016666666666666;34.0;25.2;84.0;38.0;6.8;1.8083333333333331
2428471;A652;2021-03-19;0.0;3384.1;27.4875;31.5;25.5;89.0;61.0;5.3;1.6
2428472;A652;2021-03-20;0.0;3391.9;27.429166666666664;33.5;24.7;90.0;54.0;12.9;2.670833333333333
2428473;A652;2021-03-21;0.0;3419.6;27.39583333333333;33.2;24.2;83.0;52.0;5.7;1.7958333333333334
2428474;A652;2021-03-22;0.0;3303.9;27.454166666666666;30.4;25.3;91.0;65.0;10.1;2.029166666666667
2428475;A652;2021-03-23;0.0;3386.9;26.375;30.0;24.1;91.0;65.0;8.1;1.8333333333333333
2428476;A652;2021-03-24;0.0;3360.4;26.570833333333336;32.9;24.2;90.0;55.0;6.7;2.0142857142857142
2428477;A652;2021-03-25;0.0;3040.8;26.941666666666663;31.9;24.6;89.0;58.0;6.3;1.5541666666666665
2428478;A652;2021-03-26;0.0;3202.5;27.729166666666668;33.8;25.2;89.0;52.0;5.1;1.8625
2428479;A652;2021-03-27;0.0;3227.3;27.84166666666667;34.1;25.3;90.0;46.0;12.4;2.109090909090909
2428480;A652;2021-03-28;0.0;3207.4;27.741666666666664;32.7;25.7;88.0;61.0;5.1;1.9416666666666669
2428481;A652;2021-03-29;0.0;3021.0;28.05;32.2;25.9;88.0;60.0;6.5;1.5791666666666666
2428482;A652;2021-03-30;30.0;3300.1;26.129166666666663;30.7;22.0;95.0;60.0;17.6;2.6375
2428483;A652;2021-03-31;2.0;3312.8;25.004166666666663;27.8;22.7;95.0;62.0;11.7;3.095833333333333
2428484;A652;2021-04-01;6.0;3340.0;24.725;27.6;20.8;93.0;47.0;16.8;3.9166666666666665
2428485;A652;2021-04-02;0.0;3186.5;24.870833333333334;27.4;21.9;89.0;64.0;13.0;3.5041666666666664
2428486;A652;2021-04-03;1.6;3213.7;25.058333333333334;29.8;22.9;89.0;61.0;8.7;1.725
2428487;A652;2021-04-04;0.4;3286.1;24.92083333333333;27.8;22.8;91.0;65.0;6.6;2.3041666666666667
2428488;A652;2021-04-05;2.6;3025.5;25.258333333333336;30.2;22.2;88.0;61.0;9.2;2.845833333333333
2428489;A652;2021-04-06;0.0;3078.6;25.320833333333336;29.9;22.9;79.0;60.0;13.8;3.9958333333333336
2428490;A652;2021-04-07;1.6;3226.8;24.416666666666668;28.7;22.1;92.0;67.0;16.8;4.054166666666666
2428491;A652;2021-04-08;5.2;1832.4;23.96666666666667;28.5;21.9;92.0;65.0;13.0;3.5625
2428492;A652;2021-04-09;0.0;3172.0;25.175;30.0;22.5;83.0;58.0;13.9;3.545833333333333
2428493;A652;2021-04-10;0.0;3208.2;24.8;30.1;22.1;78.0;47.0;8.2;2.308333333333333
2428494;A652;2021-04-11;0.0;3154.4;25.383333333333336;30.4;22.3;78.0;40.0;6.9;1.6833333333333331
2428495;A652;2021-04-12;0.0;3114.2;27.03333333333333;33.4;23.0;86.0;26.0;12.6;2.475
2428496;A652;2021-04-13;4.0;2346.4;23.425;26.0;21.4;95.0;69.0;13.0;2.1791666666666667
2428497;A652;2021-04-14;0.0;3130.6;23.825;26.1;22.2;75.0;60.0;5.0;1.3666666666666665
2428498;A652;2021-04-15;0.0;2473.6;23.691666666666663;28.0;21.2;83.0;60.0;7.6;1.85
2428499;A652;2021-04-16;0.0;3024.1;24.14583333333333;29.9;21.8;80.0;50.0;10.1;2.65
2428500;A652;2021-04-17;0.0;2949.9;23.53333333333333;28.7;21.2;91.0;61.0;8.4;2.075
2428501;A652;2021-04-18;0.0;2734.7;23.870833333333334;26.2;22.1;92.0;77.0;8.0;2.0375
2428502;A652;2021-04-19;1.6;3270.3;23.65416666666667;25.6;22.2;91.0;72.0;15.6;3.779166666666667
2428503;A652;2021-04-20;0.0;3068.7;23.72083333333333;25.3;21.9;86.0;68.0;17.9;6.75
2428504;A652;2021-04-21;18.4;2383.3;22.479166666666668;24.5;20.8;94.0;76.0;15.5;5.129166666666666
2428505;A652;2021-04-22;9.6;2012.8;21.59583333333333;23.7;19.2;95.0;77.0;9.9;2.033333333333333
2428506;A652;2021-04-23;9.8;2975.8;22.429166666666664;25.2;19.3;93.0;59.0;10.5;3.033333333333333
2428507;A652;2021-04-24;0.0;2839.1;23.2625;27.4;21.2;85.0;67.0;6.0;1.4875
2428508;A652;2021-04-25;0.0;2767.4;23.916666666666668;28.9;21.2;90.0;66.0;4.7;1.65
2428509;A652;2021-04-26;0.0;1639.7;23.75;26.4;22.1;89.0;75.0;5.0;1.5125000000000002
2428510;A652;2021-04-27;0.6;2145.4;23.48333333333333;28.7;21.7;91.0;68.0;11.8;2.270833333333333
2428511;A652;2021-04-28;3.8;2850.3;23.225;28.3;20.7;93.0;67.0;9.2;2.0541666666666667
2428512;A652;2021-04-29;32.6;1638.3;21.42083333333333;24.2;18.7;95.0;67.0;8.3;1.9583333333333333
2428513;A652;2021-04-30;0.0;2491.2;22.05;25.8;20.0;86.0;62.0;6.9;1.4333333333333331
2428514;A652;2021-05-01;0.0;2291.0;22.3375;26.3;20.0;90.0;58.0;9.4;2.379166666666667
2428515;A652;2021-05-02;0.0;2187.9;22.90416666666667;26.9;20.6;86.0;66.0;7.4;1.7958333333333334
2428516;A652;2021-05-03;0.0;2821.2;23.27083333333333;27.8;20.3;90.0;62.0;6.2;1.8458333333333328
2428517;A652;2021-05-04;0.0;2754.0;23.325;27.4;21.1;92.0;69.0;4.8;1.4291666666666665
2428518;A652;2021-05-05;0.0;2694.1;24.316666666666663;29.6;22.0;91.0;55.0;4.8;1.3125
2428519;A652;2021-05-06;0.0;2575.2;24.17083333333333;28.4;22.3;92.0;65.0;6.5;1.7125
2428520;A652;2021-05-07;12.4;695.2;23.054166666666664;24.6;20.7;94.0;71.0;11.5;3.4333333333333336
2428521;A652;2021-05-08;3.4;1836.2;21.53333333333333;24.5;19.3;93.0;69.0;11.1;2.316666666666667
2428522;A652;2021-05-09;0.0;2241.5;21.575;25.5;20.2;83.0;64.0;11.0;2.670833333333333
2428523;A652;2021-05-10;0.0;2744.8;22.34166666666667;26.7;20.4;79.0;56.0;8.7;2.4375
2428524;A652;2021-05-11;0.0;2556.1;22.21666666666667;27.2;19.3;84.0;55.0;5.5;1.5375
2428525;A652;2021-05-12;0.0;2159.8;22.579166666666666;25.6;20.5;88.0;72.0;6.5;1.5625
2428526;A652;2021-05-13;6.4;2139.5;20.2625;23.4;18.7;95.0;70.0;12.1;2.3833333333333333
2428527;A652;2021-05-14;5.2;2460.4;20.83333333333333;25.3;18.3;93.0;66.0;6.9;1.6208333333333331
2428528;A652;2021-05-15;0.0;2223.1;21.8875;26.4;19.4;83.0;62.0;5.8;1.95
2428529;A652;2021-05-16;0.0;1957.8;22.241666666666664;27.0;20.2;85.0;61.0;7.0;1.4541666666666666
2428530;A652;2021-05-17;0.0;2502.1;23.04583333333333;27.6;20.5;86.0;65.0;4.7;1.35
2428531;A652;2021-05-18;2.6;1813.5;22.016666666666666;24.3;20.0;91.0;71.0;9.3;1.825
2428532;A652;2021-05-19;0.0;2563.8;21.741666666666664;23.6;20.5;77.0;65.0;5.9;1.4208333333333334
2428533;A652;2021-05-20;0.0;2368.3;22.125;26.0;20.4;84.0;66.0;5.4;1.4166666666666667
2428534;A652;2021-05-21;0.0;2433.6;22.9125;26.9;21.3;92.0;68.0;7.8;2.145833333333333
2428535;A652;2021-05-22;0.0;2180.9;23.9125;28.0;21.7;92.0;49.0;17.4;2.904166666666667
2428536;A652;2021-05-23;0.0;1814.5;25.46666666666667;28.4;22.9;84.0;46.0;9.7;1.7083333333333333
2428537;A652;2021-05-24;0.0;2407.1;23.4875;25.4;21.8;80.0;56.0;10.4;3.395833333333333
2428538;A652;2021-05-25;0.0;2622.5;21.1625;23.8;19.5;72.0;53.0;9.4;2.6750000000000003
2428539;A652;2021-05-26;0.0;2425.3;21.766666666666666;26.0;19.2;84.0;61.0;7.2;2.316666666666667
2428540;A652;2021-05-27;0.0;2078.9;22.633333333333336;25.1;21.5;91.0;75.0;6.6;1.4916666666666665
2428541;A652;2021-05-28;0.0;2384.4;23.629166666666663;27.6;20.7;92.0;65.0;5.8;1.5791666666666666
2428542;A652;2021-05-29;0.0;2383.7;28.266666666666666;34.9;24.2;86.0;33.0;13.1;1.95
2428543;A652;2021-05-30;29.4;757.9;23.55;25.3;19.2;96.0;83.0;18.2;2.8541666666666665
2428544;A652;2021-05-31;7.4;783.9;21.55;22.9;19.4;96.0;88.0;9.6;1.0666666666666669
2428545;A652;2021-06-01;0.2;2005.0;22.3;24.2;21.5;93.0;73.0;7.6;2.0416666666666665
2428546;A652;2021-06-02;0.0;2444.7;22.625;26.8;20.5;91.0;70.0;6.6;1.8875
2428547;A652;2021-06-03;0.0;2327.8;24.254166666666663;27.8;21.6;90.0;62.0;7.9;1.55
2428548;A652;2021-06-04;0.0;2356.8;23.59166666666667;27.8;21.6;92.0;66.0;6.3;2.254166666666667
2428549;A652;2021-06-05;0.0;2444.2;23.77083333333333;27.6;21.2;93.0;66.0;6.2;1.5666666666666669
2428550;A652;2021-06-06;0.0;2046.8;24.23333333333333;27.1;22.1;87.0;59.0;6.0;1.5666666666666669
2428551;A652;2021-06-07;0.0;2281.1;23.29583333333333;25.3;22.1;88.0;68.0;9.8;2.208333333333333
2428552;A652;2021-06-08;2.4;1186.2;22.35833333333333;25.1;20.8;94.0;78.0;7.9;1.4583333333333333
2428553;A652;2021-06-09;14.2;2256.6;22.70833333333333;25.9;19.1;94.0;76.0;13.1;2.895833333333333
2428554;A652;2021-06-10;0.0;1780.1;22.741666666666664;27.7;21.1;91.0;71.0;11.7;2.8875
2428555;A652;2021-06-11;0.2;571.6;22.325;23.9;21.4;91.0;74.0;17.4;2.8041666666666667
2428556;A652;2021-06-12;0.4;2083.0;21.816666666666663;24.2;20.0;83.0;57.0;10.7;2.183333333333333
2428557;A652;2021-06-13;0.0;1829.3;20.791666666666668;22.7;19.4;85.0;59.0;8.0;2.0791666666666666
2428558;A652;2021-06-14;0.0;2304.5;20.4375;25.2;18.2;83.0;54.0;7.0;2.395833333333333
2428559;A652;2021-06-15;0.0;2416.0;21.079166666666666;25.9;18.7;79.0;54.0;6.8;1.975
2428560;A652;2021-06-16;0.0;1781.3;21.120833333333334;23.8;19.3;78.0;69.0;10.4;2.208333333333333
2428561;A652;2021-06-17;8.6;1040.7;18.654166666666665;21.6;17.0;95.0;73.0;12.4;2.0541666666666667
2428562;A652;2021-06-18;0.2;2333.5;19.804166666666667;24.5;17.4;95.0;63.0;7.4;2.270833333333333
2428563;A652;2021-06-19;0.0;1160.5;20.741666666666667;22.9;19.2;81.0;68.0;6.5;1.375
2428564;A652;2021-06-20;0.0;1606.4;23.241666666666664;29.4;20.7;84.0;38.0;15.8;3.2291666666666665
2428565;A652;2021-06-21;0.0;2298.8;21.129166666666663;22.5;19.5;85.0;69.0;18.7;5.491666666666667
2428566;A652;2021-06-22;1.6;1122.5;19.84583333333333;21.9;17.8;89.0;74.0;5.5;1.2041666666666666
2428567;A652;2021-06-23;0.6;1732.0;20.5875;24.3;19.1;91.0;64.0;7.5;2.620833333333333
2428568;A652;2021-06-24;0.0;2418.9;20.89583333333333;25.2;17.9;89.0;53.0;7.0;1.425
2428569;A652;2021-06-25;0.2;2269.4;21.98333333333333;26.5;19.2;85.0;54.0;7.2;1.725
2428570;A652;2021-06-26;0.0;2193.5;22.7;26.6;20.7;90.0;68.0;5.5;1.2416666666666667
2428571;A652;2021-06-27;0.0;2358.3;22.42083333333333;27.5;19.6;88.0;49.0;7.4;1.9708333333333328
2428572;A652;2021-06-28;0.0;2380.7;22.4;24.1;20.3;86.0;57.0;10.6;2.1083333333333334
2428573;A652;2021-06-29;0.8;994.8;19.804166666666667;22.1;16.9;94.0;79.0;15.4;3.4625
2428574;A652;2021-06-30;1.6;430.0;18.04583333333333;18.8;16.4;94.0;58.0;14.7;5.133333333333334
2428575;A652;2021-07-01;0.0;2422.5;18.466666666666665;21.3;15.8;77.0;52.0;11.5;2.9291666666666667
2428576;A652;2021-07-02;0.0;2411.7;19.216666666666665;23.1;16.0;84.0;60.0;7.5;2.333333333333333
2428577;A652;2021-07-03;0.0;2361.1;20.666666666666668;26.2;17.2;85.0;45.0;6.4;1.6
2428578;A652;2021-07-04;0.0;1979.8;20.591666666666665;22.4;19.2;86.0;73.0;11.3;2.2
2428579;A652;2021-07-05;0.0;947.6;19.53333333333333;21.8;18.1;91.0;67.0;7.0;1.3166666666666669
2428580;A652;2021-07-06;0.0;2439.2;19.916666666666668;24.8;18.1;85.0;62.0;8.3;1.65
2428581;A652;2021-07-07;1.8;2374.2;19.466666666666665;21.6;17.5;90.0;70.0;7.5;1.8333333333333333
2428582;A652;2021-07-08;0.0;2378.4;20.041666666666668;24.8;17.8;86.0;66.0;6.1;1.8041666666666665
2428583;A652;2021-07-09;0.0;2416.6;20.570833333333333;23.4;18.5;89.0;73.0;6.1;1.1625
2428584;A652;2021-07-10;0.0;2445.8;21.275;26.3;18.7;90.0;65.0;5.5;1.7
2428585;A652;2021-07-11;0.0;2467.5;21.025;24.4;19.0;91.0;63.0;7.1;2.0416666666666665
2428586;A652;2021-07-12;0.0;2400.6;21.054166666666667;24.2;19.0;91.0;72.0;5.2;1.8583333333333332
2428587;A652;2021-07-13;0.0;2378.2;21.09583333333333;24.6;19.1;92.0;73.0;5.0;1.1
2428588;A652;2021-07-14;0.0;2422.4;22.45833333333333;26.9;20.0;92.0;52.0;7.2;1.9916666666666665
2428589;A652;2021-07-15;0.0;2415.6;25.72083333333333;30.9;21.7;78.0;28.0;6.9;1.5083333333333335
2428590;A652;2021-07-16;0.0;2133.9;23.925;26.8;21.5;88.0;37.0;16.2;3.1041666666666665
2428591;A652;2021-07-17;0.0;1388.0;21.14583333333333;23.1;19.7;90.0;76.0;9.5;1.9125
2428592;A652;2021-07-18;0.0;1381.7;21.320833333333333;23.8;19.8;89.0;76.0;10.1;2.25
2428593;A652;2021-07-19;0.2;2039.1;19.679166666666667;21.5;17.4;92.0;45.0;15.6;4.558333333333334
2428594;A652;2021-07-20;0.0;2350.2;18.779166666666665;20.8;17.0;65.0;51.0;12.8;3.5
2428595;A652;2021-07-21;0.0;1937.0;18.53333333333333;22.4;16.0;80.0;53.0;4.3;1.7541666666666669
2428596;A652;2021-07-22;0.0;2527.0;19.804166666666667;24.2;17.3;84.0;64.0;5.6;1.6916666666666669
2428597;A652;2021-07-23;0.0;2591.4;20.745833333333334;24.9;18.7;83.0;62.0;11.6;3.475
2428598;A652;2021-07-24;0.0;2638.1;20.73333333333333;25.8;17.4;84.0;50.0;6.4;2.0458333333333334
2428599;A652;2021-07-25;0.0;2626.4;21.5625;25.3;18.7;80.0;57.0;7.0;1.7333333333333334
2428600;A652;2021-07-26;0.0;2606.5;22.695833333333336;27.9;18.8;79.0;35.0;11.5;2.1791666666666667
2428601;A652;2021-07-27;0.0;2484.3;26.925;32.2;22.6;61.0;18.0;12.5;1.9541666666666664
2428602;A652;2021-07-28;10.6;480.9;20.17083333333333;28.5;16.0;96.0;27.0;20.0;4.716666666666667
2428603;A652;2021-07-29;1.4;1317.3;17.02173913043478;18.3;16.0;94.0;59.0;18.2;6.878260869565217
2428604;A652;2021-07-30;0.0;2751.3;16.95;19.0;16.1;68.0;43.0;11.5;4.004166666666666
2428605;A652;2021-07-31;0.0;2651.7;17.529166666666665;21.0;15.4;83.0;60.0;9.0;2.5125
2428606;A652;2021-08-01;0.0;2697.3;18.7875;22.9;16.4;81.0;54.0;13.6;3.795833333333333
2428607;A652;2021-08-02;0.0;2619.0;18.95416666666667;22.7;16.5;85.0;57.0;6.7;1.7708333333333333
2428608;A652;2021-08-03;0.0;1015.8;19.516666666666666;20.9;17.8;83.0;74.0;11.7;2.954166666666667
2428609;A652;2021-08-04;0.0;2779.6;19.3875;21.7;17.4;83.0;66.0;8.3;2.45
2428610;A652;2021-08-05;0.0;2402.5;19.508333333333333;23.1;17.7;86.0;69.0;6.1;1.6541666666666668
2428611;A652;2021-08-06;0.0;2149.2;20.2375;24.8;18.6;88.0;68.0;13.6;4.133333333333334
2428612;A652;2021-08-07;0.0;2900.3;20.4375;25.4;17.6;80.0;55.0;14.3;3.3666666666666667
2428613;A652;2021-08-08;0.0;2752.8;21.275;26.2;18.4;87.0;51.0;8.7;2.2041666666666666
2428614;A652;2021-08-09;0.0;2688.6;21.65;26.3;19.1;89.0;52.0;6.9;1.7541666666666669
2428615;A652;2021-08-10;0.0;2700.9;22.8375;26.8;20.2;79.0;53.0;8.9;2.325
2428616;A652;2021-08-11;0.0;2066.9;22.23333333333333;25.6;20.5;89.0;44.0;17.6;4.416666666666667
2428617;A652;2021-08-12;5.0;827.3;19.616666666666667;21.1;18.8;95.0;82.0;12.6;3.65
2428618;A652;2021-08-13;1.0;544.4;19.0375;20.6;17.6;95.0;83.0;18.1;9.133333333333333
2428619;A652;2021-08-14;3.0;1294.8;18.629166666666663;20.3;17.2;94.0;78.0;16.2;5.65
2428620;A652;2021-08-15;0.0;2794.9;20.3;24.7;18.3;90.0;69.0;11.4;2.908333333333333
2428621;A652;2021-08-16;0.2;2719.6;21.179166666666667;25.1;18.8;92.0;69.0;8.6;2.0458333333333334
2428622;A652;2021-08-17;3.6;2807.4;21.454166666666666;25.8;19.2;94.0;61.0;13.4;1.9416666666666669
2428623;A652;2021-08-18;0.0;2815.7;22.508333333333336;26.1;20.6;93.0;67.0;6.9;1.85
2428624;A652;2021-08-19;0.0;2899.0;23.25;27.1;21.1;84.0;64.0;7.4;2.0500000000000003
2428625;A652;2021-08-20;0.0;2985.1;24.241666666666664;30.3;21.1;80.0;30.0;8.2;2.520833333333333
2428626;A652;2021-08-21;0.0;2873.9;22.55;27.7;20.2;85.0;46.0;15.1;2.558333333333333
2428627;A652;2021-08-22;0.0;3012.8;21.695833333333336;25.0;19.3;91.0;67.0;7.8;2.345833333333333
2428628;A652;2021-08-23;0.0;2934.2;26.554166666666664;32.7;22.4;78.0;28.0;8.2;1.825
2428629;A652;2021-08-24;0.0;2841.3;25.0625;27.5;22.7;85.0;43.0;8.9;2.0708333333333333
2428630;A652;2021-08-25;0.0;2894.5;25.495833333333334;30.2;22.2;84.0;33.0;7.3;2.6333333333333333
2428631;A652;2021-08-26;0.0;2643.8;28.620833333333334;33.4;23.1;72.0;22.0;15.9;3.583333333333333
2428632;A652;2021-08-27;0.0;2778.9;22.67083333333333;24.6;21.5;91.0;64.0;15.1;3.954166666666667
2428633;A652;2021-08-28;0.0;2740.2;21.9625;25.2;20.8;90.0;73.0;8.3;1.6125
2428634;A652;2021-08-29;5.2;1904.5;21.204166666666666;23.7;19.7;94.0;72.0;10.2;1.95
2428635;A652;2021-08-30;1.8;1773.7;20.791666666666668;24.0;19.5;95.0;80.0;12.5;3.5666666666666664
2428636;A652;2021-08-31;1.6;1673.3;20.558333333333334;22.5;19.0;93.0;80.0;15.1;7.154166666666666
2428637;A652;2021-09-01;7.6;3203.3;20.7375;23.6;18.9;94.0;79.0;12.2;4.995833333333334
2428638;A652;2021-09-02;0.0;3159.2;21.8375;26.2;19.0;90.0;60.0;8.8;1.9
2428639;A652;2021-09-03;0.0;3164.9;23.104166666666668;27.5;20.2;86.0;50.0;8.6;2.583333333333333
2428640;A652;2021-09-04;0.0;3133.4;23.370833333333334;26.6;21.5;85.0;53.0;15.0;3.4166666666666665
2428641;A652;2021-09-05;0.0;1803.8;21.77083333333333;25.6;21.1;92.0;80.0;8.6;2.1375
2428642;A652;2021-09-06;0.0;2663.1;21.891666666666666;24.1;20.7;94.0;82.0;6.6;2.091666666666667
2428643;A652;2021-09-07;0.0;3081.8;22.09583333333333;24.8;20.7;91.0;70.0;15.0;5.175
2428644;A652;2021-09-08;0.0;2959.9;22.23333333333333;26.5;20.4;88.0;69.0;13.8;3.966666666666667
2428645;A652;2021-09-09;0.0;2709.7;22.54583333333333;28.6;20.3;92.0;59.0;17.7;3.0416666666666665
2428646;A652;2021-09-10;0.8;1249.9;21.579166666666666;25.9;20.4;95.0;72.0;14.1;1.934782608695652
2428647;A652;2021-09-11;0.0;2360.2;20.92083333333333;23.4;19.6;93.0;68.0;8.8;1.975
2428648;A652;2021-09-12;1.4;3216.1;21.875;25.6;19.9;94.0;73.0;15.5;1.9791666666666667
2428649;A652;2021-09-13;0.0;3156.5;22.5125;26.3;20.7;95.0;76.0;8.6;2.2958333333333334
2428650;A652;2021-09-14;0.0;2987.8;25.429166666666664;36.9;21.3;91.0;26.0;9.0;2.3833333333333333
2428651;A652;2021-09-15;0.0;2909.1;23.71666666666667;28.2;21.7;93.0;64.0;20.8;3.3000000000000003
2428652;A652;2021-09-16;0.4;736.3;20.79583333333333;22.3;19.4;96.0;86.0;9.2;2.129166666666667
2428653;A652;2021-09-17;1.6;2146.4;20.47083333333333;24.5;18.8;95.0;73.0;11.2;3.6458333333333335
2428654;A652;2021-09-18;0.0;2714.5;21.48333333333333;26.2;19.4;93.0;72.0;7.5;1.7875
2428655;A652;2021-09-19;0.0;3186.2;22.275;27.7;20.3;95.0;69.0;6.1;1.3875
2428656;A652;2021-09-20;0.0;3305.1;22.245833333333334;25.3;20.7;95.0;75.0;10.4;4.575
2428657;A652;2021-09-21;0.2;3048.8;22.0375;26.1;20.0;94.0;69.0;21.6;3.9583333333333335
2428658;A652;2021-09-22;1.2;2242.9;19.316666666666663;21.0;17.3;95.0;69.0;15.0;4.445833333333334
2428659;A652;2021-09-23;0.0;2237.1;20.004166666666663;24.5;17.7;84.0;48.0;9.2;2.825
2428660;A652;2021-09-24;0.2;3417.4;20.004166666666663;24.9;17.5;83.0;56.0;13.0;4.308333333333334
2428661;A652;2021-09-25;0.0;3042.9;20.65833333333333;24.2;18.8;89.0;64.0;15.1;1.9958333333333331
2428662;A652;2021-09-26;0.0;3337.6;21.316666666666663;26.2;19.6;93.0;68.0;10.4;2.25
2428663;A652;2021-09-27;0.0;3151.2;21.55;24.8;19.5;94.0;74.0;4.8;1.3208333333333333
2428664;A652;2021-09-28;0.0;3391.5;22.725;27.5;20.6;93.0;69.0;9.0;1.6375
2428665;A652;2021-09-29;0.0;2882.4;22.27083333333333;24.2;20.7;93.0;74.0;17.4;3.2291666666666665
2428666;A652;2021-09-30;0.0;3175.0;22.254166666666663;24.1;21.1;90.0;75.0;12.3;3.4250000000000003
2428667;A652;2021-10-01;0.0;1939.1;21.883333333333336;25.1;20.6;87.0;74.0;15.0;4.866666666666666
2428668;A652;2021-10-02;0.0;3463.3;23.725;27.0;21.2;90.0;61.0;15.0;2.270833333333333
2428669;A652;2021-10-03;0.6;3297.8;23.02916666666667;28.1;21.2;94.0;67.0;11.5;2.1791666666666667
2428670;A652;2021-10-04;2.2;2896.2;23.7;29.8;21.1;93.0;61.0;13.6;3.1291666666666664
2428671;A652;2021-10-05;1.6;716.0;21.0;22.4;19.5;96.0;84.0;8.9;2.9
2428672;A652;2021-10-06;1.2;1451.1;20.67083333333333;22.9;19.2;96.0;83.0;13.1;5.8
2428673;A652;2021-10-07;1.2;2844.1;22.241666666666664;29.3;19.3;95.0;63.0;15.1;3.120833333333333
2428674;A652;2021-10-08;1.2;1968.5;20.054166666666667;23.5;17.4;94.0;64.0;10.8;2.958333333333333
2428675;A652;2021-10-09;0.0;1716.5;20.45833333333333;24.6;18.8;91.0;67.0;14.4;4.408333333333333
2428676;A652;2021-10-10;2.0;1889.8;19.391666666666666;23.0;18.1;95.0;77.0;17.6;5.220833333333333
2428677;A652;2021-10-11;4.2;929.0;19.125;20.4;18.5;96.0;87.0;13.8;4.866666666666666
2428678;A652;2021-10-12;1.4;3195.5;19.0375;23.7;17.6;95.0;71.0;10.9;3.3625000000000003
2428679;A652;2021-10-13;0.0;3725.4;19.64166666666667;22.8;17.4;94.0;76.0;10.2;2.858333333333333
2428680;A652;2021-10-14;0.0;3705.5;20.7125;24.8;17.8;95.0;69.0;10.3;2.583333333333333
2428681;A652;2021-10-15;1.6;3281.1;24.09166666666667;31.6;18.7;94.0;47.0;7.0;2.2041666666666666
2428682;A652;2021-10-16;0.0;1204.9;22.391666666666666;28.6;19.2;94.0;61.0;17.2;3.454166666666667
2428683;A652;2021-10-17;0.6;1175.8;19.891666666666666;21.8;18.9;95.0;87.0;10.3;2.7375000000000003
2428684;A652;2021-10-18;5.2;1838.6;20.02083333333333;22.7;18.9;96.0;80.0;6.6;1.2208333333333334
2428685;A652;2021-10-19;2.4;517.5;18.541666666666668;19.7;17.0;97.0;95.0;10.6;2.591666666666667
2428686;A652;2021-10-20;4.0;1987.0;16.558333333333334;19.4;15.0;96.0;84.0;10.9;2.5416666666666665
2428687;A652;2021-10-21;0.0;2384.5;18.517391304347825;22.1;16.0;95.0;68.0;6.0;1.5956521739130436
2428688;A652;2021-10-22;0.0;3857.8;20.133333333333333;24.9;17.9;85.0;64.0;6.5;1.7708333333333333
2428689;A652;2021-10-23;0.0;3808.1;20.9625;24.1;18.6;90.0;70.0;10.3;2.191666666666667
2428690;A652;2021-10-24;7.4;1769.1;22.820833333333336;28.8;18.9;95.0;50.0;18.8;4.054166666666666
2428691;A652;2021-10-25;0.8;2536.0;19.925;23.5;18.4;95.0;74.0;12.7;2.0791666666666666
2428692;A652;2021-10-26;0.0;2260.6;20.529166666666665;24.1;18.1;94.0;70.0;6.0;1.2958333333333334
2428693;A652;2021-10-27;0.0;1205.2;20.566666666666663;21.5;19.7;96.0;93.0;7.2;1.3833333333333335
2428694;A652;2021-10-28;2.6;1359.8;20.779166666666665;23.2;19.8;97.0;92.0;10.8;2.1416666666666666
2428695;A652;2021-10-29;3.0;1894.0;20.3875;22.4;19.2;97.0;88.0;10.8;3.8666666666666663
2428696;A652;2021-10-30;0.0;1995.2;19.866666666666667;25.2;18.2;96.0;70.0;11.0;4.541666666666667
2428697;A652;2021-10-31;1.8;919.7;19.7375;20.8;18.9;97.0;89.0;8.8;3.25
2428698;A652;2021-11-01;4.8;473.9;18.7375;19.5;18.1;97.0;97.0;10.8;4.104166666666667
2428699;A652;2021-11-02;0.2;3395.8;19.7375;22.0;17.9;97.0;85.0;15.7;4.504166666666666
2428700;A652;2021-11-03;1.6;3942.3;20.191666666666663;22.8;18.5;97.0;82.0;12.5;3.3125
2428701;A652;2021-11-04;1.6;2676.6;21.054166666666667;24.4;19.4;97.0;78.0;9.7;1.4458333333333335
2428702;A652;2021-11-05;0.0;3678.8;22.29583333333333;25.5;19.5;95.0;72.0;4.7;1.2625
2428703;A652;2021-11-06;0.0;3636.8;21.7375;25.3;19.3;89.0;68.0;4.1;1.25
2428704;A652;2021-11-07;0.0;3895.9;21.9125;25.3;19.3;82.0;65.0;3.9;1.2125
2428705;A652;2021-11-08;0.0;3008.1;22.175;26.1;20.3;86.0;61.0;5.3;1.1458333333333333
2428706;A652;2021-11-09;0.2;2587.0;21.320833333333333;25.2;19.0;95.0;75.0;6.7;1.7666666666666666
2428707;A652;2021-11-10;0.6;1536.0;20.77083333333333;23.3;18.8;96.0;75.0;5.4;1.2125
2428708;A652;2021-11-11;4.6;794.4;20.570833333333333;22.7;18.2;93.0;73.0;4.9;1.1666666666666667
2428709;A652;2021-11-12;1.4;1125.3;18.75;21.6;16.4;96.0;71.0;7.0;1.0
2428710;A652;2021-11-13;0.0;3923.0;19.679166666666667;23.2;17.3;90.0;66.0;7.7;2.333333333333333
2428711;A652;2021-11-14;0.0;4037.8;21.075;26.7;18.5;80.0;55.0;10.7;3.391666666666667
2428712;A652;2021-11-15;0.0;3813.4;20.441666666666663;24.9;17.8;88.0;60.0;13.6;3.4875000000000003
2428713;A652;2021-11-16;0.0;3761.2;21.04583333333333;25.4;18.2;90.0;63.0;11.5;1.9958333333333331
2428714;A652;2021-11-17;0.0;2740.2;21.717391304347824;28.2;17.9;90.0;14.0;7.1;1.9458333333333333
2428715;A652;2021-11-18;2.8;3679.8;21.95;30.0;19.1;94.0;51.0;11.6;2.904166666666667
2428716;A652;2021-11-19;4.8;1758.9;20.991666666666667;27.1;18.5;97.0;72.0;12.5;3.275
2428717;A652;2021-11-20;1.2;3376.6;19.941666666666663;21.6;18.9;97.0;86.0;12.9;3.4458333333333333
2428718;A652;2021-11-21;0.2;4166.1;20.65;24.2;18.6;94.0;63.0;5.6;1.7375
2428719;A652;2021-11-22;0.0;3944.2;21.166666666666668;25.3;18.6;86.0;61.0;6.9;1.9083333333333328
2428720;A652;2021-11-23;0.0;4031.1;22.02083333333333;27.6;18.7;88.0;57.0;5.5;1.7666666666666666
2428721;A652;2021-11-24;0.0;3940.0;22.104166666666668;26.4;19.3;93.0;34.0;11.4;3.1291666666666664
2428722;A652;2021-11-25;0.0;3861.4;22.27083333333333;26.9;20.2;95.0;72.0;9.7;2.4250000000000003
2428723;A652;2021-11-26;1.0;3302.2;23.09583333333333;27.4;19.8;92.0;59.0;9.4;2.5375
2428724;A652;2021-11-27;0.4;3685.0;26.366666666666664;32.3;22.1;88.0;41.0;12.1;2.470833333333333
2428725;A652;2021-11-28;8.2;3297.6;22.78333333333333;26.6;20.1;96.0;68.0;10.4;1.9041666666666668
2428726;A652;2021-11-29;0.0;3961.6;23.92083333333333;27.5;21.3;92.0;61.0;9.7;2.175
2428727;A652;2021-11-30;1.8;1117.0;24.116666666666664;28.5;21.4;94.0;52.0;8.0;2.1750000000000003
2428728;A652;2021-12-01;2.8;3489.2;23.2125;25.2;21.2;96.0;85.0;7.9;2.5166666666666666
2428729;A652;2021-12-02;0.0;3604.3;23.84166666666667;27.3;21.7;93.0;58.0;6.4;2.2666666666666666
2428730;A652;2021-12-03;0.0;3677.3;23.416666666666668;29.1;21.1;90.0;59.0;6.1;2.225
2428731;A652;2021-12-04;0.0;3647.9;23.941666666666663;29.5;21.3;83.0;61.0;6.3;2.1
2428732;A652;2021-12-05;0.0;3679.7;23.9;28.7;21.0;89.0;65.0;7.8;2.0708333333333333
2428733;A652;2021-12-06;17.4;2817.7;23.141666666666666;26.9;20.9;95.0;76.0;10.4;2.4125
2428734;A652;2021-12-07;9.4;3228.1;22.42083333333333;27.9;19.5;96.0;68.0;12.4;2.1625
2428735;A652;2021-12-08;14.8;1575.5;20.42083333333333;22.2;18.9;96.0;84.0;9.7;1.8333333333333333
2428736;A652;2021-12-09;0.0;3972.9;22.1125;24.4;20.3;92.0;73.0;11.1;3.141666666666667
2428737;A652;2021-12-10;0.0;3442.8;23.229166666666668;26.4;21.4;85.0;65.0;6.9;1.6666666666666667
2428738;A652;2021-12-11;0.0;3929.3;24.729166666666668;29.3;21.4;91.0;62.0;5.8;2.083333333333333
2428739;A652;2021-12-12;8.0;3441.7;24.933333333333334;31.4;22.7;95.0;55.0;18.7;2.1666666666666665
2428740;A652;2021-12-13;0.2;3280.6;25.075;28.9;23.0;94.0;63.0;8.3;2.125
2428741;A652;2021-12-14;0.0;3768.8;26.354166666666668;31.4;24.0;95.0;69.0;6.3;2.1083333333333334
2428742;A652;2021-12-15;0.0;3208.9;27.391666666666666;33.0;24.7;95.0;48.0;8.8;2.004166666666667
2428743;A652;2021-12-16;2.2;2390.7;26.9625;33.0;24.6;92.0;53.0;6.9;1.775
2428744;A652;2021-12-17;2.6;3442.6;25.8125;28.2;24.2;93.0;73.0;8.0;2.1875
2428745;A652;2021-12-18;5.4;3271.9;24.745833333333334;28.2;23.4;95.0;68.0;9.9;5.216666666666667
2428746;A652;2021-12-19;2.8;3821.9;24.016666666666666;29.4;21.5;93.0;56.0;14.3;3.575
2428747;A652;2021-12-20;0.0;4017.6;23.9375;29.7;21.2;84.0;57.0;11.8;4.041666666666667
2428748;A652;2021-12-21;0.0;3947.4;23.3875;26.4;21.2;86.0;69.0;12.0;3.4
2428749;A652;2021-12-22;11.8;3884.7;24.058333333333334;27.4;20.8;92.0;62.0;10.4;1.7541666666666669
2428750;A652;2021-12-23;16.6;1943.2;22.35833333333333;24.3;21.1;96.0;76.0;11.1;3.3083333333333336
2428751;A652;2021-12-24;2.8;4043.6;22.84166666666667;26.4;20.6;92.0;65.0;14.5;3.020833333333333
2428752;A652;2021-12-25;0.0;4123.7;23.433333333333334;27.6;20.4;85.0;57.0;5.6;1.8791666666666669
2428753;A652;2021-12-26;0.0;4016.9;23.679166666666664;27.7;21.2;86.0;63.0;11.0;3.733333333333333
2428754;A652;2021-12-27;2.0;3920.7;23.8375;27.0;21.2;88.0;69.0;16.1;2.5916666666666663
2428755;A652;2021-12-28;0.2;3790.1;24.120833333333334;27.5;21.3;89.0;61.0;6.6;1.5833333333333333
2428756;A652;2021-12-29;0.0;3900.9;25.079166666666666;28.5;22.9;90.0;71.0;6.6;1.5958333333333334
2428757;A652;2021-12-30;6.0;2416.1;24.629166666666663;28.6;22.4;94.0;75.0;10.0;1.8958333333333333
2428758;A652;2021-12-31;2.6;863.7;23.45833333333333;24.4;22.4;95.0;84.0;7.4;1.95
2579019;A652;2022-01-01;0.8;1738.5;24.6625;27.6;22.3;91.0;67.0;7.9;1.5791666666666666
2579020;A652;2022-01-02;0.2;2522.0;25.929166666666664;29.4;23.7;87.0;60.0;7.8;1.825
2579021;A652;2022-01-03;0.0;3247.8;26.4625;32.9;23.1;93.0;44.0;7.9;2.2041666666666666
2579022;A652;2022-01-04;0.0;3373.8;26.141666666666666;29.4;23.7;85.0;65.0;7.7;2.1791666666666667
2579023;A652;2022-01-05;1.8;3015.5;27.979166666666668;34.0;23.9;89.0;42.0;8.4;2.183333333333333
2579024;A652;2022-01-06;1.2;1871.5;25.495833333333334;31.5;22.1;95.0;52.0;13.5;2.9125
2579025;A652;2022-01-07;2.8;1352.6;23.641666666666666;24.5;22.7;96.0;91.0;13.1;3.3875
2579026;A652;2022-01-08;11.6;1332.6;22.854166666666668;24.9;21.8;96.0;92.0;11.7;3.3666666666666667
2579027;A652;2022-01-09;2.0;1730.5;22.42083333333333;26.1;20.1;96.0;80.0;6.9;1.15
2579028;A652;2022-01-10;1.4;2250.7;22.08333333333333;24.7;20.0;95.0;85.0;6.6;1.3833333333333335
2579029;A652;2022-01-11;10.8;2439.8;23.65833333333333;27.2;22.2;96.0;85.0;4.7;1.6291666666666669
2579030;A652;2022-01-12;0.2;3003.2;24.59166666666667;27.1;23.2;96.0;81.0;8.3;1.7666666666666666
2579031;A652;2022-01-13;0.0;4035.1;26.04583333333333;31.1;23.8;93.0;71.0;5.8;1.9791666666666667
2579032;A652;2022-01-14;0.0;3916.9;27.366666666666664;32.0;24.3;91.0;66.0;5.8;2.1708333333333334
2579033;A652;2022-01-15;0.0;1929.7;26.1875;29.4;24.6;93.0;75.0;5.7;2.245833333333333
2579034;A652;2022-01-16;5.4;3315.3;25.479166666666668;28.7;22.8;93.0;75.0;9.6;2.5416666666666665
2579035;A652;2022-01-17;0.2;3899.3;25.9875;29.8;22.6;91.0;70.0;8.0;2.3666666666666667
2579036;A652;2022-01-18;0.0;3930.0;26.3;30.0;23.7;91.0;66.0;9.2;2.058333333333333
2579037;A652;2022-01-19;0.0;3864.3;24.995833333333334;29.4;22.1;94.0;66.0;5.9;1.85
2579038;A652;2022-01-20;0.0;3852.6;24.941666666666663;30.1;22.1;93.0;70.0;6.6;1.95
2579039;A652;2022-01-21;0.0;3809.8;25.65833333333333;30.7;22.6;94.0;67.0;8.1;2.254166666666667
2579040;A652;2022-01-22;0.0;3940.3;24.6125;30.1;22.0;93.0;68.0;9.4;2.5458333333333334
2579041;A652;2022-01-23;0.0;3921.4;24.229166666666668;28.0;21.4;94.0;66.0;10.7;2.4375
2579042;A652;2022-01-24;0.0;3887.4;24.7125;28.6;21.8;90.0;63.0;10.7;2.558333333333333
2579043;A652;2022-01-25;0.0;3892.9;24.33333333333333;27.8;21.4;87.0;62.0;11.1;2.6750000000000003
2579044;A652;2022-01-26;0.0;3822.2;24.604166666666668;29.2;20.6;92.0;64.0;9.4;2.4541666666666666
2579045;A652;2022-01-27;0.0;3791.3;29.866666666666664;36.8;24.9;72.0;30.0;13.9;1.8041666666666665
2579046;A652;2022-01-28;0.4;3972.5;24.52083333333333;30.6;21.7;92.0;51.0;10.8;2.458333333333333
2579047;A652;2022-01-29;4.6;3108.8;24.204166666666666;27.1;22.8;95.0;81.0;6.8;1.7708333333333333
2579048;A652;2022-01-30;8.2;1558.8;23.816666666666663;26.4;21.7;96.0;77.0;11.8;1.8708333333333331
2579049;A652;2022-01-31;6.2;1654.8;24.5375;27.5;22.6;93.0;74.0;9.5;1.9916666666666665
2579050;A652;2022-02-01;0.6;3664.4;25.516666666666666;29.2;23.4;95.0;68.0;8.1;1.7708333333333333
2579051;A652;2022-02-02;4.4;3692.4;25.04583333333333;28.3;23.3;93.0;79.0;5.8;1.425
2579052;A652;2022-02-03;3.6;3359.7;25.758333333333336;30.7;23.4;95.0;72.0;11.2;2.7916666666666665
2579053;A652;2022-02-04;0.0;3239.9;25.25;28.4;23.6;94.0;77.0;7.4;2.1875
2579054;A652;2022-02-05;0.0;3717.9;26.941666666666663;30.6;23.1;95.0;64.0;6.9;1.8916666666666664
2579055;A652;2022-02-06;0.4;3773.3;27.22083333333333;29.7;25.1;88.0;63.0;7.2;1.6541666666666668
2579056;A652;2022-02-07;1.8;3238.6;26.379166666666663;30.9;23.6;94.0;69.0;8.5;1.875
2579057;A652;2022-02-08;2.0;1067.2;23.9;25.1;22.1;95.0;78.0;17.8;2.5541666666666667
2579058;A652;2022-02-09;4.2;2401.9;22.83333333333333;26.8;21.0;93.0;61.0;7.9;1.8375
2579059;A652;2022-02-10;0.8;2943.2;23.183333333333334;27.8;20.8;94.0;70.0;6.7;2.0708333333333333
2579060;A652;2022-02-11;0.4;2061.4;23.683333333333334;26.3;21.0;94.0;75.0;9.7;1.5833333333333333
2579061;A652;2022-02-12;0.2;3926.6;24.84583333333333;28.4;23.1;87.0;70.0;6.4;1.5166666666666666
2579062;A652;2022-02-13;0.0;3812.7;25.55;30.7;22.6;90.0;60.0;7.2;2.220833333333333
2579063;A652;2022-02-14;0.0;3305.8;26.27083333333333;31.8;23.8;93.0;67.0;5.9;1.4791666666666667
2579064;A652;2022-02-15;0.0;3738.3;25.7125;27.6;24.2;93.0;78.0;10.0;2.629166666666667
2579065;A652;2022-02-16;0.0;2982.8;25.683333333333334;30.0;23.8;90.0;66.0;5.0;2.129166666666667
2579066;A652;2022-02-17;0.6;3779.8;25.870833333333334;31.2;22.3;92.0;60.0;12.0;3.033333333333333
2579067;A652;2022-02-18;9.6;1910.3;23.829166666666666;26.4;23.0;94.0;86.0;7.9;2.0625
2579068;A652;2022-02-19;1.2;3615.5;24.59166666666667;29.3;22.6;95.0;70.0;5.1;1.65
2579069;A652;2022-02-20;0.2;3425.4;25.204166666666666;28.7;23.3;92.0;71.0;7.3;2.125
2579070;A652;2022-02-21;4.4;3813.8;26.229166666666668;31.9;23.8;94.0;63.0;11.4;1.5416666666666667
2579071;A652;2022-02-22;0.0;3778.0;26.27916666666667;30.5;23.7;91.0;62.0;6.5;1.3666666666666665
2579072;A652;2022-02-23;0.0;3558.4;26.391666666666666;30.9;23.8;93.0;69.0;5.4;1.4958333333333331
2579073;A652;2022-02-24;0.0;3510.8;26.27083333333333;29.1;24.3;90.0;70.0;5.5;1.8666666666666665
2579074;A652;2022-02-25;0.0;3710.6;27.104166666666668;32.4;24.6;88.0;58.0;7.8;2.408333333333333
2579075;A652;2022-02-26;0.0;3567.5;26.575;31.9;24.1;89.0;61.0;7.8;2.7458333333333336
2579076;A652;2022-02-27;0.0;3723.0;26.308333333333334;31.7;24.1;93.0;62.0;8.5;2.6791666666666667
2579077;A652;2022-02-28;0.0;3749.6;25.5375;29.2;23.3;92.0;65.0;9.5;2.2375000000000003
2579078;A652;2022-03-01;0.0;3733.4;27.2375;33.8;24.0;86.0;39.0;7.8;1.9125
2579079;A652;2022-03-02;0.0;3683.9;26.141666666666666;30.4;23.0;83.0;56.0;12.0;2.5125
2579080;A652;2022-03-03;0.0;3677.5;25.025;29.4;21.4;93.0;63.0;5.8;1.4666666666666668
2579081;A652;2022-03-04;0.0;3276.4;24.4875;29.1;21.6;95.0;64.0;6.7;1.575
2579082;A652;2022-03-05;0.0;3561.8;25.59166666666667;31.0;22.6;94.0;63.0;7.7;1.7791666666666668
2579083;A652;2022-03-06;0.0;3671.2;26.0375;29.7;23.2;86.0;57.0;9.0;2.2041666666666666
2579084;A652;2022-03-07;0.0;3693.2;26.129166666666663;29.1;23.3;84.0;59.0;10.1;2.404166666666667
2579085;A652;2022-03-08;0.0;3669.0;25.829166666666666;31.8;22.4;84.0;46.0;6.9;2.0458333333333334
2579086;A652;2022-03-09;0.0;3597.1;24.820833333333336;30.4;21.9;85.0;55.0;10.0;1.675
2579087;A652;2022-03-10;0.0;3587.9;24.754166666666663;28.6;21.4;91.0;63.0;9.9;2.2625
2579088;A652;2022-03-11;0.0;3490.3;26.1875;29.1;22.3;86.0;60.0;6.5;2.0625
2579089;A652;2022-03-12;0.0;3294.4;26.1;28.4;23.9;84.0;63.0;14.5;2.0791666666666666
2579090;A652;2022-03-13;0.0;3421.8;25.4875;28.9;22.8;95.0;69.0;8.8;1.6583333333333332
2579091;A652;2022-03-14;0.0;3423.1;26.55;32.1;24.2;94.0;62.0;9.0;2.020833333333333
2579092;A652;2022-03-15;0.0;3095.4;27.04583333333333;32.9;24.4;90.0;60.0;9.3;1.9958333333333331
2579093;A652;2022-03-16;0.0;3439.3;27.379166666666663;33.5;24.9;92.0;58.0;5.7;2.0375
2579094;A652;2022-03-17;0.0;3454.5;27.59166666666667;32.8;25.3;83.0;58.0;8.4;1.8291666666666664
2579095;A652;2022-03-18;0.0;3490.1;27.995833333333334;35.2;25.2;82.0;38.0;7.2;2.216666666666667
2579096;A652;2022-03-19;0.0;3030.8;28.325000000000003;35.2;25.1;90.0;37.0;9.8;1.9625
2579097;A652;2022-03-20;0.0;3425.6;26.54583333333333;28.6;24.6;92.0;72.0;20.0;4.083333333333333
2579098;A652;2022-03-21;2.6;1966.4;23.975;27.1;21.9;95.0;56.0;16.8;6.954166666666667
2579099;A652;2022-03-22;0.0;2840.2;24.2625;30.1;22.6;78.0;55.0;10.9;3.583333333333333
2579100;A652;2022-03-23;0.0;3418.1;25.54583333333333;32.4;22.5;76.0;45.0;13.4;4.1375
2579101;A652;2022-03-24;0.0;3367.3;26.058333333333334;32.0;23.1;85.0;45.0;9.6;2.4833333333333334
2579102;A652;2022-03-25;0.0;3330.6;27.675;34.1;24.8;86.0;39.0;7.6;2.2916666666666665
2579103;A652;2022-03-26;0.0;3249.0;26.570833333333336;33.5;23.9;89.0;49.0;5.5;1.5625
2579104;A652;2022-03-27;0.0;2815.9;26.14583333333333;29.5;24.2;91.0;66.0;6.5;1.6125
2579105;A652;2022-03-28;0.0;3242.5;25.64583333333333;30.1;23.3;91.0;58.0;8.0;1.875
2579106;A652;2022-03-29;0.0;3121.3;25.45833333333333;29.5;24.2;94.0;71.0;7.0;1.4625
2579107;A652;2022-03-30;0.0;3255.6;26.54583333333333;32.2;23.9;93.0;60.0;6.6;1.7583333333333335
2579108;A652;2022-03-31;2.0;3253.1;25.9125;29.0;22.3;88.0;64.0;24.3;2.504166666666667
2579109;A652;2022-04-01;60.4;756.4;23.025;25.3;21.4;96.0;83.0;16.3;4.25
2579110;A652;2022-04-02;3.8;1670.2;23.641666666666666;27.4;22.6;96.0;90.0;17.2;6.316666666666666
2579111;A652;2022-04-03;0.0;2937.4;24.558333333333334;28.3;23.1;94.0;73.0;6.7;1.7333333333333334
2579112;A652;2022-04-04;0.0;3252.7;25.5;29.9;23.3;91.0;59.0;7.9;1.7916666666666667
2579113;A652;2022-04-05;0.0;3221.6;25.09166666666667;26.9;24.1;94.0;72.0;10.7;2.7541666666666664
2579114;A652;2022-04-06;3.6;2206.8;24.504166666666663;25.9;23.2;95.0;82.0;8.3;2.6916666666666664
2579115;A652;2022-04-07;0.0;2018.3;24.3;26.5;22.9;90.0;69.0;7.9;2.058333333333333
2579116;A652;2022-04-08;0.0;3141.6;25.275;30.2;22.7;89.0;64.0;8.2;2.6166666666666667
2579117;A652;2022-04-09;11.6;3083.6;25.3875;29.5;22.5;93.0;67.0;10.7;2.1666666666666665
2579118;A652;2022-04-10;0.0;2908.9;25.479166666666668;30.0;23.8;94.0;72.0;8.0;2.4125
2579119;A652;2022-04-11;0.0;3188.7;25.67083333333333;30.2;23.0;86.0;64.0;9.4;3.0125
2579120;A652;2022-04-12;0.0;3015.2;25.7125;30.4;23.4;90.0;64.0;7.0;2.308333333333333
2579121;A652;2022-04-13;0.0;2926.3;25.945833333333336;28.8;24.3;90.0;75.0;9.5;1.7375
2579122;A652;2022-04-14;4.6;1431.1;24.383333333333336;26.6;21.9;93.0;80.0;18.0;2.6333333333333333
2579123;A652;2022-04-15;7.6;3106.4;22.725;24.6;20.3;94.0;49.0;18.0;5.154166666666667
2579124;A652;2022-04-16;1.2;3219.0;22.08333333333333;24.5;18.6;89.0;61.0;18.9;3.141666666666667
2579125;A652;2022-04-17;1.8;1789.1;22.0375;24.3;19.1;90.0;69.0;8.8;2.1958333333333333
2579126;A652;2022-04-18;0.0;2811.9;22.77916666666667;27.2;20.5;79.0;63.0;4.9;1.2625
2579127;A652;2022-04-19;0.0;3030.1;23.325;28.8;20.8;84.0;52.0;6.4;2.154166666666667
2579128;A652;2022-04-20;0.0;2617.9;23.22083333333333;25.7;21.5;84.0;74.0;7.0;1.5958333333333332
2579129;A652;2022-04-21;0.0;2874.7;23.429166666666664;25.7;21.2;81.0;62.0;5.8;1.3416666666666668
2579130;A652;2022-04-22;0.0;2867.2;24.09166666666667;27.4;22.0;88.0;68.0;4.4;1.45
2579131;A652;2022-04-23;0.0;2860.5;28.3375;35.8;23.6;88.0;25.0;16.8;2.4833333333333334
2579132;A652;2022-04-24;0.0;2912.4;25.1;27.2;23.6;82.0;65.0;10.2;2.829166666666667
2579133;A652;2022-04-25;0.0;2952.7;24.691666666666663;28.1;23.6;82.0;64.0;11.5;4.6375
2579134;A652;2022-04-26;0.0;2934.2;24.854166666666668;29.6;22.7;90.0;62.0;9.4;2.145833333333333
2579135;A652;2022-04-27;0.0;2798.9;25.308333333333334;29.4;23.3;93.0;65.0;7.0;1.4708333333333332
2579136;A652;2022-04-28;0.0;2881.6;26.575;29.7;23.7;86.0;59.0;6.8;1.8208333333333333
2579137;A652;2022-04-29;0.0;2853.3;25.854166666666668;27.6;24.2;92.0;64.0;15.0;2.779166666666667
2579138;A652;2022-04-30;1.4;759.0;23.97083333333333;25.3;22.3;94.0;83.0;14.3;5.566666666666666
2579139;A652;2022-05-01;0.0;2829.0;24.229166666666668;28.2;22.2;88.0;63.0;6.4;1.8958333333333333
2579140;A652;2022-05-02;0.0;2233.6;25.691666666666663;28.7;23.7;90.0;65.0;6.2;1.5791666666666666
2579141;A652;2022-05-03;0.0;2579.1;26.0;30.0;23.6;91.0;67.0;6.5;1.7625
2579142;A652;2022-05-04;4.6;2714.5;26.60833333333333;33.9;22.7;94.0;37.0;10.2;2.0708333333333333
2579143;A652;2022-05-05;17.4;2845.5;23.975;26.1;22.6;94.0;58.0;13.6;3.2125
2579144;A652;2022-05-06;0.0;2692.7;23.27916666666667;24.9;22.1;83.0;61.0;13.2;4.629166666666666
2579145;A652;2022-05-07;0.4;1845.2;22.191666666666663;25.0;20.7;84.0;69.0;7.6;1.9291666666666665
2579146;A652;2022-05-08;8.2;2250.5;22.1;25.3;20.2;92.0;73.0;8.1;2.275
2579147;A652;2022-05-09;0.0;2798.3;22.541666666666668;26.8;20.2;80.0;57.0;5.7;1.8833333333333333
2579148;A652;2022-05-10;0.0;2669.1;22.52083333333333;27.1;19.9;78.0;60.0;8.2;2.2375000000000003
2579149;A652;2022-05-11;0.0;2503.5;23.7;28.8;20.9;87.0;55.0;7.5;1.7125
2579150;A652;2022-05-12;12.6;1051.8;23.2125;25.9;20.9;93.0;66.0;11.7;3.220833333333333
2579151;A652;2022-05-13;0.0;1983.0;22.925;24.9;21.4;76.0;63.0;6.8;1.9
2579152;A652;2022-05-14;10.6;2607.6;22.979166666666668;26.7;21.0;92.0;66.0;9.3;2.7
2579153;A652;2022-05-15;0.0;1659.9;22.67083333333333;27.5;20.7;84.0;49.0;9.3;2.3916666666666666
2579154;A652;2022-05-16;4.0;1330.7;23.90416666666667;27.7;20.7;92.0;48.0;9.9;2.3000000000000003
2579155;A652;2022-05-17;0.8;1689.8;21.48333333333333;23.8;19.9;91.0;72.0;11.7;2.4458333333333333
2579156;A652;2022-05-18;0.0;2739.5;20.275;23.5;17.5;78.0;24.0;13.1;2.4375
2579157;A652;2022-05-19;0.8;2423.6;19.625;21.7;17.3;86.0;35.0;20.1;5.2
2579158;A652;2022-05-20;1.4;2202.1;19.54583333333333;21.4;17.1;85.0;69.0;19.9;4.841666666666667
2579159;A652;2022-05-21;0.0;2540.6;19.8875;23.9;17.7;83.0;62.0;6.4;2.0541666666666667
2579160;A652;2022-05-22;0.0;2618.6;20.925;24.7;18.0;87.0;62.0;9.3;2.2416666666666667
2579161;A652;2022-05-23;0.0;2614.9;21.42083333333333;25.7;18.8;85.0;62.0;9.0;2.0625
2579162;A652;2022-05-24;0.0;2529.4;22.229166666666668;25.7;19.3;82.0;54.0;9.0;2.125
2579163;A652;2022-05-25;0.0;2559.5;22.9125;27.6;20.4;75.0;57.0;8.9;2.0875
2579164;A652;2022-05-26;0.0;1931.0;22.46666666666667;25.4;20.4;83.0;60.0;6.3;1.480952380952381
2579165;A652;2022-05-27;0.0;2202.7;22.84166666666667;25.7;20.1;83.0;62.0;4.8;1.3541666666666667
2579166;A652;2022-05-28;0.0;2350.9;23.84583333333333;28.7;20.9;79.0;37.0;5.8;1.3375
2579167;A652;2022-05-29;0.0;2570.0;24.84583333333333;28.4;21.1;74.0;34.0;8.8;2.4166666666666665
2579168;A652;2022-05-30;0.0;2564.1;25.625;28.7;22.7;86.0;31.0;18.2;2.0791666666666666
2579169;A652;2022-05-31;0.0;1617.8;22.97083333333333;24.5;22.2;92.0;79.0;7.1;1.85
2579170;A652;2022-06-01;0.0;2063.2;23.025;25.4;21.6;93.0;78.0;5.0;1.3125
2579171;A652;2022-06-02;0.0;1446.8;22.525;24.8;21.6;94.0;83.0;19.4;2.783333333333333
2579172;A652;2022-06-03;4.4;1005.6;21.0875;22.4;19.4;94.0;76.0;11.6;3.225
2579173;A652;2022-06-04;2.2;738.0;19.1;20.5;18.1;94.0;73.0;9.6;2.6333333333333333
2579174;A652;2022-06-05;0.4;2478.1;19.883333333333333;22.7;17.5;88.0;66.0;10.1;2.783333333333333
2579175;A652;2022-06-06;0.0;2513.1;20.416666666666668;24.0;17.4;82.0;51.0;7.5;2.0458333333333334
2579176;A652;2022-06-07;0.0;2478.9;22.829166666666666;25.6;20.9;90.0;58.0;8.9;1.6958333333333335
2579177;A652;2022-06-08;0.0;2230.3;22.05;24.6;20.8;91.0;76.0;10.9;2.033333333333333
2579178;A652;2022-06-09;0.0;1080.4;21.975;23.8;21.0;91.0;79.0;7.0;1.5083333333333335
2579179;A652;2022-06-10;2.0;775.8;22.3375;27.6;19.1;92.0;48.0;15.5;2.9166666666666665
2579180;A652;2022-06-11;1.8;870.4;19.429166666666667;21.4;17.7;95.0;81.0;14.8;3.0500000000000003
2579181;A652;2022-06-12;1.4;1401.9;18.945833333333333;21.3;17.5;95.0;69.0;12.6;3.1875
2579182;A652;2022-06-13;0.0;2354.6;19.725;21.8;17.7;75.0;54.0;14.3;5.004166666666666
2579183;A652;2022-06-14;5.0;1338.9;19.054166666666667;21.1;17.6;94.0;72.0;13.1;2.6
2579184;A652;2022-06-15;0.0;1949.6;19.691666666666663;22.9;17.6;79.0;58.0;7.5;1.6625
2579185;A652;2022-06-16;0.0;2438.8;19.766666666666666;24.2;17.4;82.0;53.0;5.0;1.5304347826086957
2579186;A652;2022-06-17;0.0;2478.4;20.679166666666667;24.9;17.7;85.0;52.0;7.8;2.1565217391304348
2579187;A652;2022-06-18;4.4;1485.0;22.225;26.5;19.4;94.0;48.0;14.0;2.4625
2579188;A652;2022-06-19;3.8;527.5;19.329166666666666;20.8;17.8;95.0;81.0;8.8;2.4541666666666666
2579189;A652;2022-06-20;0.0;2304.5;20.28333333333333;24.0;17.9;88.0;70.0;7.2;1.5041666666666669
2579190;A652;2022-06-21;0.0;2350.9;21.45;23.8;19.3;91.0;71.0;6.6;1.3136363636363635
2579191;A652;2022-06-22;0.0;2383.7;23.175;27.4;20.4;89.0;41.0;6.0;1.4909090909090907
2579192;A652;2022-06-23;0.0;2394.1;23.46666666666667;27.9;20.5;81.0;47.0;5.5;1.2478260869565216
2579193;A652;2022-06-24;0.0;2388.5;22.53333333333333;26.4;20.1;91.0;51.0;9.6;1.575
2579194;A652;2022-06-25;0.0;2281.8;20.495833333333334;22.9;18.7;92.0;75.0;13.3;3.0625
2579195;A652;2022-06-26;2.0;1127.5;20.1125;21.6;18.4;94.0;68.0;16.0;4.883333333333334
2579196;A652;2022-06-27;2.0;1564.8;18.65833333333333;21.7;16.7;89.0;62.0;9.9;1.9166666666666667
2579197;A652;2022-06-28;0.0;2391.0;19.72083333333333;22.8;17.0;76.0;61.0;6.4;1.943478260869565
2579198;A652;2022-06-29;0.0;2337.7;23.5;30.2;19.6;73.0;36.0;6.2;1.55
2579199;A652;2022-06-30;0.0;1473.9;21.008333333333333;26.1;18.9;88.0;49.0;15.1;3.079166666666667
2579200;A652;2022-07-01;0.0;2064.2;20.304166666666667;23.4;18.5;86.0;69.0;10.2;2.433333333333333
2579201;A652;2022-07-02;0.4;2426.0;21.45;25.2;18.8;85.0;61.0;8.4;1.5739130434782609
2579202;A652;2022-07-03;0.0;2432.1;23.29583333333333;26.8;20.6;78.0;51.0;4.5;1.1625
2579203;A652;2022-07-04;0.0;2443.6;22.4375;24.6;19.9;80.0;63.0;4.9;1.2583333333333333
2579204;A652;2022-07-05;0.0;2467.3;23.429166666666664;27.5;20.6;76.0;40.0;6.4;1.7083333333333333
2579205;A652;2022-07-06;0.0;2486.4;23.183333333333334;28.0;20.4;76.0;33.0;5.7;1.6083333333333334
2579206;A652;2022-07-07;0.0;2514.9;23.8;28.9;21.3;82.0;30.0;9.3;1.675
2579207;A652;2022-07-08;0.0;2418.7;23.025;27.1;20.6;82.0;41.0;4.7;1.0708333333333333
2579208;A652;2022-07-09;0.0;2423.7;21.575;23.7;19.9;88.0;48.0;6.2;1.55
2579209;A652;2022-07-10;0.0;2442.9;22.429166666666664;26.2;20.3;89.0;59.0;10.7;2.1083333333333334
2579210;A652;2022-07-11;0.0;2532.0;22.995833333333334;26.7;20.7;82.0;40.0;8.1;2.1333333333333333
2579211;A652;2022-07-12;0.0;2423.6;26.1125;31.7;21.4;81.0;25.0;10.5;1.9666666666666668
2579212;A652;2022-07-13;0.0;1263.3;22.52916666666667;27.2;21.1;90.0;37.0;15.5;3.983333333333333
2579213;A652;2022-07-14;12.2;1973.5;21.695833333333336;24.2;20.3;95.0;84.0;9.8;3.075
2579214;A652;2022-07-15;0.0;2494.1;23.0875;26.8;21.0;85.0;53.0;7.4;1.7958333333333334
2579215;A652;2022-07-16;0.0;2216.3;25.10833333333333;29.8;22.7;73.0;42.0;8.4;1.9666666666666668
2579216;A652;2022-07-17;0.0;2465.8;26.0625;30.9;22.5;88.0;31.0;18.0;2.341666666666667
2579217;A652;2022-07-18;0.2;1844.7;21.854166666666668;24.6;20.7;93.0;77.0;16.6;2.720833333333333
2579218;A652;2022-07-19;0.0;2486.8;22.195833333333336;27.5;20.8;93.0;48.0;10.6;1.5625
2579219;A652;2022-07-20;0.2;1521.5;21.954166666666666;24.3;20.9;92.0;76.0;6.2;1.4333333333333331
2579220;A652;2022-07-21;0.0;2556.9;21.79583333333333;25.6;20.1;91.0;63.0;10.2;2.983333333333333
2579221;A652;2022-07-22;0.0;2484.1;21.84166666666667;25.5;19.6;89.0;48.0;6.4;1.3583333333333334
2579222;A652;2022-07-23;0.0;2541.9;22.366666666666664;26.0;20.1;89.0;51.0;5.1;1.2333333333333334
2579223;A652;2022-07-24;0.0;2617.7;22.71666666666667;26.0;20.6;74.0;49.0;6.5;1.3958333333333333
2579224;A652;2022-07-25;0.0;2579.4;22.0375;25.2;20.1;89.0;55.0;5.2;1.3130434782608695
2579225;A652;2022-07-26;0.0;2502.6;21.9;24.8;20.2;91.0;65.0;9.2;1.8291666666666664
2579226;A652;2022-07-27;0.0;2579.0;22.27083333333333;25.7;20.2;83.0;64.0;7.3;1.9833333333333332
2579227;A652;2022-07-28;0.0;2557.6;24.8625;30.9;20.3;75.0;27.0;9.1;1.9
2579228;A652;2022-07-29;4.4;2282.4;25.379166666666663;31.3;18.4;88.0;22.0;19.1;4.033333333333333
2579229;A652;2022-07-30;0.4;1624.8;20.04583333333333;23.3;18.8;80.0;47.0;10.9;3.9875
2579230;A652;2022-07-31;0.0;2061.3;20.125;23.3;18.3;69.0;49.0;7.4;2.0500000000000003
2579231;A652;2022-08-01;0.0;2620.5;20.95833333333333;24.0;18.4;87.0;55.0;7.5;1.8333333333333333
2579232;A652;2022-08-02;0.0;2504.3;21.916666666666668;25.1;20.3;90.0;68.0;9.5;2.1625
2579233;A652;2022-08-03;0.0;2613.3;21.766666666666666;25.6;20.2;79.0;64.0;5.7;1.9083333333333328
2579234;A652;2022-08-04;0.0;2600.6;23.39583333333333;29.5;19.7;79.0;41.0;6.3;2.1041666666666665
2579235;A652;2022-08-05;0.0;2620.8;27.516666666666666;35.6;21.1;80.0;18.0;18.2;3.670833333333333
2579236;A652;2022-08-06;2.2;962.3;20.48333333333333;22.0;19.0;88.0;70.0;9.3;2.725
2579237;A652;2022-08-07;0.0;1525.3;21.22083333333333;23.6;19.1;80.0;67.0;9.7;2.0791666666666666
2579238;A652;2022-08-08;0.2;512.7;21.933333333333334;23.7;21.1;91.0;61.0;11.0;1.6166666666666665
2579239;A652;2022-08-09;0.2;1530.3;21.83333333333333;24.9;20.4;90.0;70.0;7.1;2.2041666666666666
2579240;A652;2022-08-10;5.8;1000.8;21.254166666666663;26.8;20.1;94.0;51.0;16.0;2.4125
2579241;A652;2022-08-11;4.2;2568.2;19.941666666666663;22.5;17.9;91.0;28.0;26.0;7.229166666666667
2579242;A652;2022-08-12;1.6;2915.4;20.070833333333333;23.5;18.0;90.0;62.0;11.8;3.654166666666667
2579243;A652;2022-08-13;0.0;2892.6;20.34583333333333;24.6;17.8;78.0;51.0;12.4;2.9434782608695653
2579244;A652;2022-08-14;0.0;2951.5;21.1125;24.9;18.2;77.0;54.0;7.5;2.091666666666667
2579245;A652;2022-08-15;0.0;3001.7;22.425;27.8;19.0;72.0;26.0;9.2;2.0416666666666665
2579246;A652;2022-08-16;0.0;2878.4;26.90833333333333;33.3;21.3;68.0;20.0;10.3;2.029166666666667
2579247;A652;2022-08-17;0.0;2887.7;23.40833333333333;27.5;21.4;89.0;40.0;13.5;2.7375000000000003
2579248;A652;2022-08-18;0.0;2912.9;25.40416666666667;32.7;20.5;91.0;24.0;11.4;2.591666666666667
2579249;A652;2022-08-19;8.4;813.7;20.004166666666663;26.2;16.0;93.0;45.0;24.5;6.379166666666666
2579250;A652;2022-08-20;0.8;1253.7;17.2625;19.2;15.2;88.0;62.0;12.3;2.504166666666667
2579251;A652;2022-08-21;0.0;3172.5;18.216666666666665;22.0;16.5;74.0;53.0;10.6;2.408695652173913
2579252;A652;2022-08-22;0.0;2363.3;19.633333333333333;22.8;17.9;75.0;53.0;11.1;3.5041666666666664
2579253;A652;2022-08-23;0.0;2461.7;20.495833333333334;25.5;18.2;80.0;58.0;12.8;4.0375000000000005
2579254;A652;2022-08-24;2.2;1669.5;19.966666666666665;21.5;18.7;94.0;73.0;13.6;5.995833333333334
2579255;A652;2022-08-25;0.0;3059.4;21.129166666666663;25.4;18.6;89.0;62.0;10.7;2.8857142857142857
2579256;A652;2022-08-26;0.0;2856.8;22.495833333333334;26.0;20.8;81.0;61.0;6.7;1.5823529411764703
2579257;A652;2022-08-27;0.0;3016.6;22.65;27.0;20.1;92.0;60.0;6.6;2.026086956521739
2579258;A652;2022-08-28;0.0;3018.3;24.070833333333336;29.0;21.4;80.0;41.0;20.0;3.0681818181818183
2579259;A652;2022-08-29;1.2;1333.4;19.4375;21.7;15.8;89.0;60.0;16.7;5.470833333333334
2579260;A652;2022-08-30;1.2;2869.8;17.829166666666666;20.7;15.5;82.0;62.0;10.2;4.218181818181818
2579261;A652;2022-08-31;0.4;2884.6;18.6125;22.6;16.1;75.0;53.0;12.9;4.052380952380952
2579262;A652;2022-09-01;0.0;3235.4;19.675;24.7;16.4;72.0;42.0;12.7;3.540909090909091
2579263;A652;2022-09-02;0.0;3279.6;21.90833333333333;27.5;18.5;72.0;28.0;8.6;2.388888888888889
2579264;A652;2022-09-03;0.0;2995.4;21.625;23.8;19.6;88.0;50.0;17.7;3.3541666666666665
2579265;A652;2022-09-04;3.2;1179.1;18.229166666666668;21.0;15.9;94.0;74.0;11.7;3.3208333333333333
2579266;A652;2022-09-05;1.0;1836.4;19.0;22.8;16.3;90.0;62.0;8.4;2.047058823529412
2579267;A652;2022-09-06;0.0;3218.4;20.55;23.9;19.1;71.0;54.0;;
2579268;A652;2022-09-07;0.0;3178.2;20.620833333333334;26.2;17.7;72.0;49.0;9.1;2.8642857142857143
2579269;A652;2022-09-08;0.0;2989.8;23.0375;28.6;20.1;76.0;33.0;7.9;1.975
2579270;A652;2022-09-09;0.0;3035.9;25.829166666666666;33.9;21.9;78.0;20.0;9.2;1.8894736842105264
2579271;A652;2022-09-10;0.0;2978.4;26.729166666666668;36.1;21.5;87.0;16.0;20.0;3.9125
2579272;A652;2022-09-11;2.6;1869.0;19.441666666666663;21.8;17.4;94.0;64.0;10.5;3.075
2579273;A652;2022-09-12;0.0;934.5;19.8;21.2;18.5;80.0;67.0;13.0;3.983333333333333
2579274;A652;2022-09-13;1.2;2605.5;21.55;26.7;18.7;90.0;55.0;11.0;1.3363636363636362
2579275;A652;2022-09-14;0.0;749.0;21.695833333333336;24.7;20.6;91.0;71.0;15.9;5.985714285714286
2579276;A652;2022-09-15;2.6;638.5;19.9875;21.1;18.5;94.0;88.0;13.4;3.672727272727272
2579277;A652;2022-09-16;5.6;460.7;17.8125;19.1;16.6;95.0;93.0;9.4;3.1333333333333333
2579278;A652;2022-09-17;4.0;3563.0;18.929166666666667;23.0;16.1;94.0;53.0;7.7;1.7615384615384615
2579279;A652;2022-09-18;0.0;3648.0;19.25;24.4;16.7;85.0;52.0;10.8;2.9875
2579280;A652;2022-09-19;0.0;3546.0;20.22083333333333;25.2;17.7;75.0;58.0;4.3;1.3833333333333335
2579281;A652;2022-09-20;0.0;2678.9;20.98333333333333;27.0;18.3;80.0;58.0;;
2579282;A652;2022-09-21;0.0;2887.3;21.883333333333336;24.4;20.7;82.0;66.0;11.9;6.2
2579283;A652;2022-09-22;0.4;1229.5;21.0125;22.6;19.9;90.0;78.0;13.3;6.85
2579284;A652;2022-09-23;0.0;1885.5;20.45;22.7;18.3;90.0;63.0;15.3;6.0
2579285;A652;2022-09-24;0.0;3627.3;20.1125;22.7;17.7;67.0;53.0;5.8;2.733333333333333
2579286;A652;2022-09-25;0.0;3448.0;20.85;25.1;19.1;77.0;61.0;5.0;2.1
2579287;A652;2022-09-26;0.0;2908.0;21.279166666666665;24.8;19.5;89.0;66.0;;
2579288;A652;2022-09-27;2.6;3356.1;22.304166666666664;27.1;20.2;91.0;61.0;9.3;3.5
2579289;A652;2022-09-28;12.4;568.3;20.975;22.5;20.1;94.0;75.0;;
2579290;A652;2022-09-29;3.8;746.4;18.8875;20.5;17.1;95.0;91.0;8.4;5.25
2579291;A652;2022-09-30;1.6;1536.4;19.0875;21.5;17.2;95.0;75.0;11.2;4.51
2579292;A652;2022-10-01;0.0;3105.6;21.041666666666668;25.6;18.9;81.0;62.0;14.3;2.333333333333333
2579293;A652;2022-10-02;0.0;3023.6;21.5375;24.1;20.3;86.0;67.0;8.0;2.7291666666666665
2579294;A652;2022-10-03;2.4;1666.2;20.716666666666665;23.7;19.6;91.0;77.0;5.5;1.6625
2579295;A652;2022-10-04;0.6;2070.8;21.2875;25.5;19.8;91.0;68.0;9.4;2.775
2579296;A652;2022-10-05;0.0;1324.0;21.4375;23.7;20.2;91.0;77.0;10.3;3.783333333333333
2579297;A652;2022-10-06;0.0;3569.5;22.7125;27.1;20.2;87.0;62.0;13.1;4.066666666666666
2579298;A652;2022-10-07;1.0;759.7;24.72083333333333;29.7;21.8;89.0;41.0;14.8;3.0083333333333333
2579299;A652;2022-10-08;0.0;1809.0;22.9;25.8;21.6;87.0;69.0;9.6;3.0083333333333333
2579300;A652;2022-10-09;0.0;3070.4;22.73333333333333;26.6;20.6;91.0;60.0;20.0;2.3833333333333333
2579301;A652;2022-10-10;0.0;3063.9;22.454166666666666;25.9;20.7;92.0;67.0;20.0;2.533333333333333
2579302;A652;2022-10-11;0.0;1595.9;22.97142857142857;26.3;21.4;94.0;72.0;6.0;1.4571428571428573
2579303;A652;2022-10-12;0.0;1260.6;22.316666666666663;23.6;21.4;94.0;82.0;10.3;2.958333333333333
2579304;A652;2022-10-13;0.0;3634.4;24.008333333333336;28.7;21.1;88.0;66.0;7.8;1.7625
2579305;A652;2022-10-14;0.4;2809.5;22.995833333333334;26.3;21.4;92.0;68.0;10.9;2.8000000000000003
2579306;A652;2022-10-15;1.6;3660.7;23.875;29.3;22.1;93.0;55.0;10.2;3.4333333333333336
2579307;A652;2022-10-16;0.0;2061.6;22.829166666666666;26.0;20.9;80.0;64.0;11.6;3.9
2579308;A652;2022-10-17;0.0;3686.5;23.354166666666668;27.3;20.8;87.0;59.0;8.9;2.1041666666666665
2579309;A652;2022-10-18;0.6;2952.3;24.10833333333333;29.0;22.2;90.0;62.0;10.6;2.895833333333333
2579310;A652;2022-10-19;1.4;858.8;23.2375;24.9;21.7;92.0;77.0;7.9;1.8708333333333331
2579311;A652;2022-10-20;0.2;3765.4;24.59166666666667;29.8;21.8;88.0;55.0;8.5;2.3875
2579312;A652;2022-10-21;0.6;1480.3;24.8;29.9;22.6;91.0;47.0;13.6;2.275
2579313;A652;2022-10-22;0.2;3745.8;25.829166666666666;33.3;22.9;79.0;34.0;16.0;3.5041666666666664
2579314;A652;2022-10-23;0.0;3834.5;23.25;27.3;21.0;87.0;60.0;7.2;2.8708333333333336
2579315;A652;2022-10-24;0.0;3715.5;23.8375;29.8;21.3;79.0;55.0;8.7;3.2583333333333333
2579316;A652;2022-10-25;0.0;2471.0;23.15416666666667;27.0;21.4;86.0;59.0;9.7;4.491666666666666
2579317;A652;2022-10-26;1.2;3879.1;23.35;29.7;20.0;82.0;54.0;14.4;4.383333333333334
2579318;A652;2022-10-27;0.0;3797.3;24.96666666666667;30.1;21.5;78.0;45.0;8.5;2.6375
2579319;A652;2022-10-28;4.8;3520.0;25.554166666666664;30.2;22.3;91.0;48.0;16.1;2.333333333333333
2579320;A652;2022-10-29;0.0;3768.3;25.125;30.1;22.5;88.0;54.0;6.4;1.9416666666666669
2579321;A652;2022-10-30;0.0;2645.7;26.4125;29.8;23.8;86.0;49.0;14.7;2.7583333333333333
2579322;A652;2022-10-31;13.2;3349.9;27.60833333333333;34.0;22.6;89.0;32.0;17.1;2.404166666666667
2579323;A652;2022-11-01;4.8;1137.9;22.3875;24.7;19.0;93.0;74.0;13.0;4.166666666666667
2579324;A652;2022-11-02;3.6;563.4;19.554166666666667;21.8;17.2;92.0;61.0;13.3;5.916666666666667
2579325;A652;2022-11-03;0.4;2793.8;19.933333333333334;24.2;16.8;87.0;54.0;14.2;5.704166666666667
2579326;A652;2022-11-04;2.0;3249.9;19.1875;23.9;15.9;88.0;57.0;13.4;2.091666666666667
2579327;A652;2022-11-05;3.0;3978.5;20.516666666666666;24.2;17.1;83.0;52.0;7.2;1.8291666666666664
2579328;A652;2022-11-06;3.4;3851.9;21.175;25.0;16.9;80.0;50.0;8.3;1.9541666666666664
2579329;A652;2022-11-07;2.4;976.9;19.654166666666665;21.3;17.9;89.0;63.0;7.1;1.7041666666666666
2579330;A652;2022-11-08;5.2;1333.8;19.75;23.4;17.7;90.0;68.0;6.5;1.2583333333333333
2579331;A652;2022-11-09;0.8;2937.7;21.725;27.6;18.8;92.0;64.0;6.4;2.191666666666667
2579332;A652;2022-11-10;0.2;3642.2;23.95;29.2;21.0;86.0;60.0;6.8;2.216666666666667
2579333;A652;2022-11-11;0.0;3814.6;24.84583333333333;30.4;22.1;87.0;56.0;11.2;2.908333333333333
2579334;A652;2022-11-12;3.2;3695.2;24.495833333333334;28.9;21.1;90.0;61.0;12.6;2.983333333333333
2579335;A652;2022-11-13;1.0;3707.6;24.5375;27.2;22.0;87.0;67.0;8.4;2.0708333333333333
2579336;A652;2022-11-14;0.4;2549.2;25.35;28.8;23.3;87.0;59.0;10.7;1.4458333333333335
2579337;A652;2022-11-15;1.6;3877.1;27.09583333333333;30.9;23.4;79.0;38.0;15.6;2.720833333333333
2579338;A652;2022-11-16;3.8;2545.9;23.84583333333333;25.3;22.6;89.0;58.0;9.0;2.2958333333333334
2579339;A652;2022-11-17;0.0;4055.3;23.8625;27.6;21.4;72.0;52.0;6.5;2.1750000000000003
2579340;A652;2022-11-18;0.0;4033.8;23.21666666666667;28.0;21.1;71.0;44.0;6.6;2.1958333333333333
2579341;A652;2022-11-19;0.0;3298.4;23.5125;29.8;20.7;66.0;40.0;11.2;3.6
2579342;A652;2022-11-20;0.0;4010.7;24.475;30.8;20.6;77.0;45.0;10.3;3.125
2579343;A652;2022-11-21;0.0;3840.8;25.40416666666667;32.3;21.8;78.0;50.0;13.2;3.3541666666666665
2579344;A652;2022-11-22;0.0;3657.8;24.954166666666666;30.2;22.6;80.0;55.0;11.8;3.4375
2579345;A652;2022-11-23;0.0;3578.5;23.979166666666668;28.1;21.7;86.0;59.0;9.0;2.158333333333333
2579346;A652;2022-11-24;6.0;1039.7;21.67083333333333;24.9;19.3;92.0;71.0;19.5;2.2958333333333334
2579347;A652;2022-11-25;0.2;3920.0;22.991666666666664;25.2;21.7;88.0;71.0;11.3;3.295833333333333
2579348;A652;2022-11-26;0.0;3457.5;23.59583333333333;26.6;22.0;81.0;61.0;8.4;2.316666666666667
2579349;A652;2022-11-27;3.6;2477.3;23.1;27.2;20.2;92.0;70.0;9.8;2.3666666666666667
2579350;A652;2022-11-28;0.6;3821.1;24.5;30.9;22.3;90.0;59.0;11.0;3.0541666666666667
2579351;A652;2022-11-29;0.6;2742.2;24.558333333333334;30.7;22.7;91.0;61.0;10.1;2.6416666666666666
2579352;A652;2022-11-30;0.0;3067.4;24.291666666666668;29.7;22.3;89.0;62.0;15.7;3.820833333333333
2579353;A652;2022-12-01;0.2;3861.2;24.2875;29.4;20.6;94.0;60.0;11.3;2.9375
2579354;A652;2022-12-02;0.0;3468.9;23.59166666666667;28.6;20.7;92.0;62.0;9.4;2.908333333333333
2579355;A652;2022-12-03;0.4;3382.5;22.75;26.6;20.4;86.0;69.0;13.0;2.704166666666667
2579356;A652;2022-12-04;0.0;2881.1;23.67083333333333;27.0;20.7;86.0;64.0;8.5;2.7583333333333333
2579357;A652;2022-12-05;0.0;2905.7;24.308333333333334;30.3;20.1;82.0;49.0;7.9;2.0
2579358;A652;2022-12-06;4.2;777.3;23.133333333333336;27.1;20.6;100.0;56.0;6.4;1.5291666666666668
2579359;A652;2022-12-07;2.0;916.8;22.77916666666667;24.7;19.9;;;8.1;2.2125
2579360;A652;2022-12-08;0.2;3971.3;23.704166666666666;27.0;21.3;89.0;63.0;6.1;1.7916666666666667
2579361;A652;2022-12-09;0.0;4052.5;24.729166666666668;29.3;21.6;100.0;53.0;6.3;1.8666666666666665
2579362;A652;2022-12-10;0.0;3877.6;25.3125;30.6;22.0;100.0;55.0;5.4;1.8666666666666665
2579363;A652;2022-12-11;0.0;3750.0;25.95833333333333;30.1;23.8;100.0;64.0;5.6;2.0125
2579364;A652;2022-12-12;0.0;3638.8;27.0875;33.3;24.2;100.0;57.0;7.9;2.2375000000000003
2579365;A652;2022-12-13;2.8;2143.8;26.166666666666668;32.4;22.2;100.0;43.0;18.9;3.35
2579366;A652;2022-12-14;1.6;4086.5;23.854166666666668;28.1;20.2;100.0;42.0;11.0;3.108333333333333
2579367;A652;2022-12-15;0.0;4054.5;24.454166666666666;30.6;21.1;73.0;43.0;12.9;4.1875
2579368;A652;2022-12-16;5.2;3909.3;24.7375;31.2;21.8;90.0;48.0;9.8;2.833333333333333
2579369;A652;2022-12-17;0.0;2299.5;23.945833333333336;26.2;22.8;100.0;65.0;11.0;2.9125
2579370;A652;2022-12-18;10.6;1161.3;23.2375;25.4;22.1;100.0;81.0;9.4;3.95
2579371;A652;2022-12-19;0.0;777.6;23.166666666666668;24.3;22.3;100.0;61.0;10.6;4.558333333333334
2579372;A652;2022-12-20;6.2;547.4;20.891666666666666;22.8;19.6;86.0;67.0;12.4;3.3083333333333336
2579373;A652;2022-12-21;5.6;1668.9;21.55;23.8;20.8;;;10.6;2.4208333333333334
2579374;A652;2022-12-22;4.4;3221.1;22.054166666666664;25.2;20.0;100.0;64.0;7.3;1.2375
2579375;A652;2022-12-23;0.8;3823.3;22.60833333333333;27.6;19.8;88.0;62.0;5.7;1.85
2579376;A652;2022-12-24;0.0;4030.3;22.7875;28.1;20.3;99.0;60.0;11.8;3.5500000000000003
2579377;A652;2022-12-25;0.0;3953.2;23.08333333333333;28.3;20.7;100.0;59.0;8.5;1.6041666666666667
2579378;A652;2022-12-26;0.0;1958.4;24.066666666666663;25.6;20.5;100.0;64.0;6.6;1.7291666666666667
2579379;A652;2022-12-27;1.0;3322.3;24.116666666666664;29.8;20.8;99.0;48.0;11.5;1.8458333333333328
2579380;A652;2022-12-28;0.0;2825.5;24.258333333333336;30.6;21.1;100.0;53.0;7.4;1.5166666666666666
2579381;A652;2022-12-29;0.2;2401.9;26.075;30.9;22.9;80.0;37.0;12.9;2.5375
2579382;A652;2022-12-30;6.4;535.3;22.2;23.7;20.7;;;7.3;1.7291666666666667
2579383;A652;2022-12-31;0.2;3676.8;23.641666666666666;28.0;20.3;100.0;77.0;6.8;1.4666666666666668
2755686;A652;2023-01-01;0.0;3902.4;24.7;28.5;22.0;100.0;60.0;8.8;1.7833333333333332
2755687;A652;2023-01-02;0.0;3957.9;25.33333333333333;28.7;21.9;73.0;53.0;11.4;2.3041666666666667
2755688;A652;2023-01-03;0.0;3931.8;27.77916666666667;35.2;22.9;74.0;30.0;10.4;2.2125
2755689;A652;2023-01-04;0.4;4235.8;27.90833333333333;35.3;21.1;100.0;34.0;12.5;2.316666666666667
2755690;A652;2023-01-05;1.0;902.2;21.8625;23.5;20.7;;;13.8;3.6666666666666665
2755691;A652;2023-01-06;7.6;801.6;21.204166666666666;22.2;20.0;;;11.3;3.1208333333333336
2755692;A652;2023-01-07;2.4;940.5;19.7625;21.0;18.7;;;8.9;1.85
2755693;A652;2023-01-08;0.4;2302.6;21.191666666666663;25.7;19.4;100.0;72.0;6.5;1.3291666666666666
2755694;A652;2023-01-09;2.6;2001.9;22.0375;25.1;20.8;;;4.8;1.0916666666666666
2755695;A652;2023-01-10;0.6;2585.7;23.25;26.6;21.6;100.0;91.0;4.8;1.0458333333333334
2755696;A652;2023-01-11;2.2;3598.0;24.625;29.7;22.7;100.0;76.0;8.1;1.3875
2755697;A652;2023-01-12;0.0;2701.0;25.558333333333334;30.3;23.0;100.0;62.0;6.7;1.2583333333333333
2755698;A652;2023-01-13;22.8;4096.0;27.0125;32.8;23.2;100.0;51.0;11.4;2.3208333333333333
2755699;A652;2023-01-14;0.0;3822.1;27.1125;30.6;24.1;100.0;59.0;7.8;2.5625
2755700;A652;2023-01-15;0.0;3858.0;27.73333333333333;31.5;25.0;100.0;64.0;7.4;2.066666666666667
2755701;A652;2023-01-16;0.0;3913.0;26.679166666666664;30.8;23.4;100.0;61.0;9.0;1.7458333333333331
2755702;A652;2023-01-17;0.0;3837.8;26.991666666666664;31.1;23.6;100.0;58.0;5.9;1.625
2755703;A652;2023-01-18;0.0;3857.8;26.89583333333333;32.1;23.9;79.0;58.0;5.0;1.9166666666666667
2755704;A652;2023-01-19;0.0;3798.6;26.17083333333333;31.4;23.8;100.0;58.0;9.6;3.2375000000000003
2755705;A652;2023-01-20;1.8;2731.0;24.620833333333334;30.4;23.0;100.0;61.0;8.2;1.8
2755706;A652;2023-01-21;1.6;3200.9;24.754166666666663;28.9;22.5;100.0;67.0;8.0;1.725
2755707;A652;2023-01-22;0.0;3895.0;25.791666666666668;31.1;22.8;100.0;58.0;5.3;1.6291666666666669
2755708;A652;2023-01-23;1.0;4034.4;26.73333333333333;33.5;24.2;99.0;43.0;8.5;1.55
2755709;A652;2023-01-24;0.0;2124.8;25.53333333333333;28.5;23.4;100.0;70.0;6.3;1.4041666666666668
2755710;A652;2023-01-25;0.0;3930.1;26.116666666666664;29.9;24.2;100.0;62.0;6.3;2.1375
2755711;A652;2023-01-26;0.0;3968.3;26.5125;32.3;23.1;100.0;48.0;8.1;3.3000000000000003
2755712;A652;2023-01-27;0.0;3877.9;26.5375;33.0;23.8;79.0;52.0;9.5;3.3000000000000003
2755713;A652;2023-01-28;0.8;2606.9;25.666666666666668;30.6;23.3;100.0;63.0;10.8;1.9875
2755714;A652;2023-01-29;0.6;3802.5;26.60833333333333;32.2;23.4;100.0;52.0;12.0;1.7333333333333334
2755715;A652;2023-01-30;19.0;3176.2;25.95833333333333;30.3;22.6;88.0;55.0;17.6;1.8916666666666664
2755716;A652;2023-01-31;0.6;3829.4;25.629166666666663;31.4;22.2;95.0;54.0;9.8;2.154166666666667
2755717;A652;2023-02-01;0.0;3864.9;26.429166666666664;32.1;22.8;100.0;55.0;4.0;1.2625
2755718;A652;2023-02-02;0.0;3014.3;26.883333333333336;31.2;24.7;80.0;51.0;5.3;1.4583333333333333
2755719;A652;2023-02-03;0.2;2675.3;27.2875;31.2;24.5;75.0;54.0;7.2;1.75
2755720;A652;2023-02-04;0.0;3740.6;28.120833333333334;31.6;24.2;85.0;49.0;12.4;2.6166666666666667
2755721;A652;2023-02-05;4.6;3802.4;27.7125;33.4;24.9;97.0;58.0;11.3;1.5375
2755722;A652;2023-02-06;0.0;3822.5;28.125;34.2;25.3;87.0;53.0;7.0;1.7958333333333334
2755723;A652;2023-02-07;64.4;2733.3;26.875;32.3;23.0;100.0;60.0;15.8;2.2958333333333334
2755724;A652;2023-02-08;35.6;2637.4;24.92083333333333;30.6;22.2;100.0;66.0;7.3;1.9375
2755725;A652;2023-02-09;0.0;3806.3;26.40416666666667;31.7;23.6;100.0;61.0;6.9;2.075
2755726;A652;2023-02-10;2.2;3812.9;26.104166666666668;30.7;23.0;100.0;58.0;9.8;1.5375
2755727;A652;2023-02-11;3.0;2718.0;24.55;27.5;22.5;83.0;65.0;9.5;1.8708333333333331
2755728;A652;2023-02-12;26.2;2243.2;24.433333333333334;27.8;21.4;100.0;73.0;8.9;1.4791666666666667
2755729;A652;2023-02-13;5.2;3726.1;26.10833333333333;32.0;23.8;100.0;62.0;4.0;1.25
2755730;A652;2023-02-14;2.2;3719.7;25.525;29.7;22.7;85.0;66.0;9.8;1.5583333333333331
2755731;A652;2023-02-15;0.6;3733.3;27.675;32.0;23.7;84.0;47.0;12.0;2.1958333333333333
2755732;A652;2023-02-16;0.2;3173.4;27.066666666666663;33.6;22.5;85.0;32.0;13.8;1.8333333333333333
2755733;A652;2023-02-17;0.0;3437.7;28.195833333333336;32.0;23.8;81.0;38.0;17.0;2.9291666666666667
2755734;A652;2023-02-18;0.0;3304.7;26.39583333333333;29.7;23.9;80.0;42.0;10.6;2.341666666666667
2755735;A652;2023-02-19;0.0;3367.0;25.27083333333333;28.6;23.3;100.0;70.0;6.9;1.6833333333333331
2755736;A652;2023-02-20;0.0;3773.7;25.729166666666668;30.0;23.2;100.0;62.0;12.0;2.5083333333333333
2755737;A652;2023-02-21;0.0;3712.2;26.54583333333333;32.2;23.8;100.0;45.0;9.8;2.1750000000000003
2755738;A652;2023-02-22;11.0;3732.0;25.6;30.0;21.1;96.0;64.0;16.0;1.8625
2755739;A652;2023-02-23;0.0;3691.8;26.445833333333336;31.9;24.3;100.0;61.0;5.8;1.9125
2755740;A652;2023-02-24;0.0;3658.7;26.229166666666668;30.2;24.2;100.0;64.0;7.4;2.208333333333333
2755741;A652;2023-02-25;0.0;3608.5;26.575;31.2;23.7;100.0;52.0;8.1;1.9583333333333333
2755742;A652;2023-02-26;0.0;3639.7;27.575;33.1;24.3;85.0;43.0;13.0;2.216666666666667
2755743;A652;2023-02-27;0.0;3638.6;26.40416666666667;28.6;24.6;100.0;64.0;10.8;2.7583333333333333
2755744;A652;2023-02-28;0.0;3452.6;26.804166666666664;31.2;24.7;100.0;63.0;5.1;1.6625
2755745;A652;2023-03-01;9.0;3665.8;25.35;30.2;21.7;80.0;60.0;15.3;2.25
2755746;A652;2023-03-02;0.0;3593.9;27.05;32.8;24.3;96.0;57.0;7.2;2.183333333333333
2755747;A652;2023-03-03;0.0;3583.6;27.39583333333333;31.9;24.8;94.0;62.0;6.5;2.033333333333333
2755748;A652;2023-03-04;0.0;3582.0;28.09166666666667;31.9;25.2;81.0;58.0;7.5;2.225
2755749;A652;2023-03-05;7.8;3303.1;27.39583333333333;32.0;23.2;96.0;60.0;14.3;1.6583333333333332
2755750;A652;2023-03-06;0.0;1976.1;26.745833333333334;30.2;25.1;80.0;47.0;11.0;2.4541666666666666
2755751;A652;2023-03-07;0.0;3591.0;27.85833333333333;32.0;25.1;78.0;57.0;6.2;1.7083333333333333
2755752;A652;2023-03-08;0.0;3624.4;27.116666666666664;31.8;25.4;76.0;55.0;8.3;2.1791666666666667
2755753;A652;2023-03-09;0.0;3552.7;27.354166666666668;32.4;24.9;78.0;48.0;7.0;1.925
2755754;A652;2023-03-10;0.0;3416.5;27.5;32.0;24.8;80.0;52.0;4.7;1.6083333333333334
2755755;A652;2023-03-11;0.0;1711.9;26.229166666666668;28.6;24.5;79.0;59.0;6.1;1.3333333333333333
2755756;A652;2023-03-12;2.6;3241.8;25.754166666666663;31.9;23.1;85.0;60.0;10.1;1.8208333333333333
2755757;A652;2023-03-13;0.0;3253.6;26.34166666666667;32.3;24.3;89.0;57.0;12.4;3.0375
2755758;A652;2023-03-14;0.0;3547.5;26.175;32.2;23.6;100.0;55.0;7.5;3.3083333333333336
2755759;A652;2023-03-15;0.0;3516.8;26.0125;32.3;22.8;100.0;51.0;7.4;2.341666666666667
2755760;A652;2023-03-16;0.0;3547.9;25.891666666666666;31.4;22.9;100.0;56.0;7.0;2.341666666666667
2755761;A652;2023-03-17;0.0;3540.0;25.54583333333333;31.6;21.9;100.0;52.0;7.0;1.5083333333333335
2755762;A652;2023-03-18;0.0;3512.5;24.90833333333333;29.7;22.6;100.0;61.0;6.8;1.4375
2755763;A652;2023-03-19;0.0;3401.8;25.308333333333334;30.6;23.0;95.0;59.0;4.5;1.4833333333333334
2755764;A652;2023-03-20;0.0;3403.1;25.7125;30.9;22.9;97.0;50.0;6.0;1.4291666666666665
2755765;A652;2023-03-21;0.0;3340.6;24.42083333333333;29.2;22.4;100.0;64.0;7.8;1.7916666666666667
2755766;A652;2023-03-22;0.0;3342.1;25.754166666666663;30.0;23.6;100.0;59.0;5.1;1.4541666666666666
2755767;A652;2023-03-23;0.0;3351.4;26.52083333333333;32.1;23.5;100.0;49.0;5.4;1.7625
2755768;A652;2023-03-24;0.0;3290.0;26.75;32.3;24.2;86.0;53.0;4.7;1.6083333333333334
2755769;A652;2023-03-25;0.0;3307.6;25.804166666666664;28.1;24.4;100.0;67.0;7.8;2.254166666666667
2755770;A652;2023-03-26;0.0;3249.4;27.23333333333333;34.7;23.9;100.0;38.0;5.5;1.475
2755771;A652;2023-03-27;34.2;1430.6;25.5;29.1;23.8;100.0;61.0;19.0;2.7375000000000003
2755772;A652;2023-03-28;2.4;2823.2;24.7125;28.5;21.5;100.0;64.0;8.3;1.5291666666666668
2755773;A652;2023-03-29;0.0;3254.1;26.254166666666663;31.6;23.8;84.0;54.0;6.1;1.8208333333333333
2755774;A652;2023-03-30;0.8;2970.2;26.15416666666667;30.6;24.5;100.0;61.0;8.6;1.6541666666666668
2755775;A652;2023-03-31;19.6;3217.4;25.729166666666668;31.3;21.8;100.0;59.0;10.2;2.0083333333333333
2755776;A652;2023-04-01;0.0;3300.6;26.070833333333336;29.0;23.8;80.0;56.0;9.3;2.095833333333333
2755777;A652;2023-04-02;6.2;1879.3;24.23333333333333;26.2;22.3;100.0;58.0;9.1;2.583333333333333
2755778;A652;2023-04-03;0.0;3127.9;24.633333333333336;29.1;22.6;76.0;53.0;6.2;1.9875
2755779;A652;2023-04-04;0.0;3257.7;25.166666666666668;29.9;22.5;80.0;53.0;10.4;2.7625
2755780;A652;2023-04-05;0.0;3170.5;24.954166666666666;29.0;22.5;86.0;59.0;5.0;1.3083333333333331
2755781;A652;2023-04-06;0.0;2831.8;25.0125;29.6;23.4;100.0;64.0;4.8;1.5458333333333334
2755782;A652;2023-04-07;0.0;1726.2;25.125;29.8;23.5;100.0;59.0;6.6;1.8416666666666668
2755783;A652;2023-04-08;30.6;1127.8;23.245833333333334;24.3;22.3;81.0;76.0;10.3;2.5500000000000003
2755784;A652;2023-04-09;3.6;1153.7;22.97083333333333;24.7;21.5;98.0;74.0;9.8;2.795833333333333
2755785;A652;2023-04-10;0.2;2935.5;23.354166666666668;26.0;21.2;99.0;58.0;6.7;1.2625
2755786;A652;2023-04-11;0.0;3234.5;23.85833333333333;29.5;21.0;100.0;56.0;10.0;2.4125
2755787;A652;2023-04-12;0.0;2982.8;24.229166666666668;30.0;21.6;95.0;56.0;5.4;1.2625
2755788;A652;2023-04-13;0.0;3078.9;25.383333333333336;29.8;22.6;100.0;54.0;5.6;1.2833333333333334
2755789;A652;2023-04-14;6.2;3117.1;25.316666666666663;29.8;23.3;100.0;58.0;13.0;1.4416666666666669
2755790;A652;2023-04-15;0.6;2494.8;24.4125;28.9;22.3;100.0;64.0;17.1;2.2125
2755791;A652;2023-04-16;1.4;3023.9;24.191666666666663;27.1;22.2;82.0;67.0;5.2;1.3458333333333332
2755792;A652;2023-04-17;0.0;3054.5;25.15;29.7;22.7;100.0;48.0;6.8;1.7666666666666666
2755793;A652;2023-04-18;0.0;1638.6;26.195833333333336;29.3;24.4;100.0;46.0;7.7;2.0083333333333333
2755794;A652;2023-04-19;4.8;2222.4;24.14583333333333;30.5;22.6;100.0;48.0;12.1;2.6666666666666665
2755795;A652;2023-04-20;0.2;3099.5;23.979166666666668;26.1;22.5;100.0;44.0;13.6;3.1333333333333333
2755796;A652;2023-04-21;0.0;3062.5;22.84166666666667;24.8;20.7;65.0;43.0;9.5;2.370833333333333
2755797;A652;2023-04-22;0.0;3006.4;23.60833333333333;28.1;21.1;73.0;54.0;10.2;2.395833333333333
2755798;A652;2023-04-23;0.0;2642.9;24.0375;28.3;22.1;69.0;51.0;9.0;3.633333333333333
2755799;A652;2023-04-24;0.0;3003.8;23.2625;27.4;20.6;71.0;47.0;5.6;1.7416666666666665
2755800;A652;2023-04-25;0.0;2906.8;24.0875;28.8;21.4;82.0;54.0;9.2;2.2458333333333336
2755801;A652;2023-04-26;0.0;2739.9;24.491666666666664;29.0;22.1;100.0;59.0;7.3;1.6958333333333335
2755802;A652;2023-04-27;1.6;2909.7;24.85;27.6;22.7;100.0;59.0;8.3;1.7791666666666668
2755803;A652;2023-04-28;9.2;885.2;22.475;24.3;20.8;100.0;67.0;7.0;1.7208333333333332
2755804;A652;2023-04-29;0.8;2344.4;22.975;26.7;20.7;100.0;67.0;9.6;2.833333333333333
2755805;A652;2023-04-30;0.0;2766.6;24.429166666666664;29.6;22.2;100.0;60.0;11.1;2.7
2755806;A652;2023-05-01;0.4;2831.2;24.266666666666666;29.0;22.0;100.0;54.0;9.3;2.283333333333333
2755807;A652;2023-05-02;0.0;2770.2;24.2625;27.8;22.2;100.0;63.0;6.6;2.0375
2755808;A652;2023-05-03;0.0;2757.1;24.17083333333333;29.3;21.9;91.0;58.0;6.7;2.066666666666667
2755809;A652;2023-05-04;0.0;2662.3;24.016666666666666;28.5;21.9;100.0;59.0;5.3;1.6833333333333331
2755810;A652;2023-05-05;0.0;2011.3;24.0875;27.8;22.2;100.0;69.0;3.9;1.4833333333333334
2755811;A652;2023-05-06;0.0;2669.3;24.2875;28.9;22.2;100.0;63.0;6.3;2.2875
2755812;A652;2023-05-07;0.0;2680.4;24.383333333333336;29.4;22.2;100.0;59.0;8.2;2.1416666666666666
2755813;A652;2023-05-08;0.0;2726.5;24.2875;28.7;22.2;98.0;62.0;8.0;2.1166666666666667
2755814;A652;2023-05-09;0.0;2532.6;24.35833333333333;28.6;22.5;100.0;62.0;5.9;1.3625
2755815;A652;2023-05-10;4.0;649.6;22.766666666666666;24.6;20.9;;;7.7;1.5833333333333333
2755816;A652;2023-05-11;0.2;967.5;21.52916666666667;23.7;20.1;100.0;63.0;8.2;1.4
2755817;A652;2023-05-12;5.2;2329.5;21.6;24.6;18.7;100.0;54.0;10.6;1.7875
2755818;A652;2023-05-13;6.6;2198.6;19.954166666666666;24.0;17.3;100.0;59.0;11.3;1.8458333333333328
2755819;A652;2023-05-14;2.0;2664.7;21.45833333333333;25.3;19.2;81.0;56.0;6.5;2.029166666666667
2755820;A652;2023-05-15;0.0;2475.7;22.191666666666663;25.1;20.0;79.0;63.0;9.2;2.0125
2755821;A652;2023-05-16;0.0;2729.8;22.20833333333333;26.4;19.4;72.0;32.0;13.0;2.6041666666666665
2755822;A652;2023-05-17;2.0;2045.0;22.079166666666666;24.5;19.5;100.0;52.0;15.3;4.2
2755823;A652;2023-05-18;0.0;2125.4;21.7375;24.6;19.9;76.0;51.0;9.6;2.216666666666667
2755824;A652;2023-05-19;0.0;2519.7;21.766666666666666;25.6;19.8;64.0;33.0;4.3;1.3083333333333331
2755825;A652;2023-05-20;0.0;2660.8;21.64583333333333;26.1;19.4;75.0;45.0;9.1;2.1083333333333334
2755826;A652;2023-05-21;0.0;2646.8;22.254166666666663;26.9;19.5;79.0;39.0;8.2;1.4583333333333333
2755827;A652;2023-05-22;0.0;2445.6;22.92083333333333;27.5;20.9;80.0;46.0;8.5;2.4708333333333337
2755828;A652;2023-05-23;0.0;2533.6;22.8875;26.5;20.6;100.0;46.0;9.1;1.8291666666666664
2755829;A652;2023-05-24;0.0;2593.0;23.84166666666667;28.4;21.9;100.0;47.0;10.0;2.975
2755830;A652;2023-05-25;0.0;2556.8;23.5375;27.8;21.0;77.0;49.0;8.2;1.8458333333333328
2755831;A652;2023-05-26;0.0;2592.6;23.454166666666666;28.0;21.1;83.0;56.0;9.4;2.6
2755832;A652;2023-05-27;0.0;2522.9;22.995833333333334;26.9;21.0;75.0;54.0;6.5;1.8541666666666667
2755833;A652;2023-05-28;0.0;2371.3;23.104166666666668;25.7;20.8;98.0;59.0;11.6;1.925
2755834;A652;2023-05-29;14.8;980.6;21.229166666666668;23.1;19.4;84.0;65.0;16.8;2.5416666666666665
2755835;A652;2023-05-30;0.0;1605.3;21.629166666666663;24.1;19.4;76.0;59.0;7.2;1.8166666666666669
2755836;A652;2023-05-31;3.8;546.7;20.604166666666668;21.8;19.7;89.0;67.0;6.8;1.1708333333333334
2755837;A652;2023-06-01;5.2;2165.2;21.6;23.6;19.8;93.0;63.0;13.5;3.4291666666666667
2755838;A652;2023-06-02;0.0;2570.2;21.89583333333333;24.6;20.2;100.0;64.0;8.0;2.029166666666667
2755839;A652;2023-06-03;0.0;2535.8;21.5125;26.2;19.2;100.0;60.0;9.5;2.8125
2755840;A652;2023-06-04;0.0;2546.9;21.6125;24.8;19.5;76.0;60.0;6.5;1.2625
2755841;A652;2023-06-05;0.0;2427.6;21.78333333333333;26.2;19.1;79.0;54.0;6.7;1.25
2755842;A652;2023-06-06;0.0;2320.5;21.704166666666666;25.0;19.7;77.0;55.0;4.9;1.35
2755843;A652;2023-06-07;0.0;2349.3;21.4125;25.6;19.1;89.0;56.0;6.7;1.7083333333333333
2755844;A652;2023-06-08;0.0;2368.7;21.6875;25.3;19.4;76.0;54.0;5.9;1.4291666666666665
2755845;A652;2023-06-09;0.0;2432.2;22.004166666666663;25.2;19.3;75.0;45.0;5.4;1.2125
2755846;A652;2023-06-10;0.0;2428.0;24.275;29.2;20.5;71.0;33.0;6.2;1.3625
2755847;A652;2023-06-11;0.0;2416.2;26.508333333333336;32.3;21.8;61.0;24.0;6.0;1.3208333333333333
2755848;A652;2023-06-12;0.0;2354.9;24.42083333333333;27.6;22.3;90.0;36.0;12.2;2.766666666666667
2755849;A652;2023-06-13;0.0;1445.4;22.72083333333333;25.3;21.5;100.0;74.0;5.6;1.325
2755850;A652;2023-06-14;0.0;2024.7;22.54583333333333;25.1;21.4;100.0;88.0;4.5;1.0958333333333334
2755851;A652;2023-06-15;0.0;1841.0;22.6625;26.0;21.0;87.0;71.0;7.5;1.6666666666666667
2755852;A652;2023-06-16;0.0;1714.0;22.85833333333333;24.8;22.0;100.0;86.0;11.9;2.4541666666666666
2755853;A652;2023-06-17;1.6;1049.0;21.225;22.4;19.0;100.0;58.0;10.2;2.8000000000000003
2755854;A652;2023-06-18;0.0;2032.0;20.9125;23.6;19.2;72.0;56.0;9.4;2.7291666666666665
2755855;A652;2023-06-19;0.0;1544.0;20.429166666666667;23.9;18.8;76.0;55.0;8.6;2.0791666666666666
2755856;A652;2023-06-20;0.0;2435.3;21.0125;24.9;19.1;69.0;43.0;8.6;2.404166666666667
2755857;A652;2023-06-21;0.0;2430.9;20.9625;25.3;18.0;74.0;41.0;6.3;1.6833333333333331
2755858;A652;2023-06-22;0.0;2371.9;21.65833333333333;26.4;19.0;70.0;33.0;6.6;2.125
2755859;A652;2023-06-23;0.0;2340.7;22.258333333333336;26.4;20.1;74.0;36.0;6.7;1.3208333333333333
2755860;A652;2023-06-24;0.0;2021.6;22.95;27.9;20.2;71.0;32.0;6.9;1.2208333333333334
2755861;A652;2023-06-25;0.0;2028.8;23.008333333333336;26.3;20.8;78.0;44.0;4.9;1.0875
2755862;A652;2023-06-26;0.0;2371.9;22.804166666666664;27.9;19.9;75.0;40.0;7.3;1.2875
2755863;A652;2023-06-27;0.0;2379.7;23.391666666666666;26.5;20.8;73.0;50.0;6.0;1.4875
2755864;A652;2023-06-28;0.0;2350.9;23.52916666666667;27.4;21.0;78.0;50.0;5.1;1.3375
2755865;A652;2023-06-29;0.0;2348.4;22.9875;25.9;21.2;78.0;41.0;10.9;2.020833333333333
2755866;A652;2023-06-30;0.0;2324.8;21.90833333333333;25.0;20.2;78.0;58.0;10.9;4.516666666666667
2755867;A652;2023-07-01;0.0;2361.8;21.34166666666667;25.5;18.5;77.0;52.0;10.3;2.7875
2755868;A652;2023-07-02;6.0;2091.5;21.454166666666666;23.4;18.9;100.0;58.0;13.9;3.841666666666667
2755869;A652;2023-07-03;0.0;2163.8;20.75;23.8;18.5;70.0;44.0;11.5;3.004166666666667
2755870;A652;2023-07-04;0.0;2091.0;19.229166666666668;23.1;17.3;76.0;55.0;10.5;2.4791666666666665
2755871;A652;2023-07-05;0.0;2457.1;19.904166666666665;23.7;17.0;76.0;42.0;7.7;2.191666666666667
2755872;A652;2023-07-06;0.2;2467.2;21.41304347826087;25.7;18.5;71.0;29.0;7.6;1.6541666666666668
2755873;A652;2023-07-07;0.0;2445.1;23.166666666666668;29.1;20.4;69.0;18.0;6.8;1.4416666666666669
2755874;A652;2023-07-08;0.0;2428.9;24.125;30.0;19.6;73.0;21.0;9.8;1.8083333333333331
2755875;A652;2023-07-09;0.0;863.3;22.9375;29.2;20.9;79.0;21.0;14.1;2.629166666666667
2755876;A652;2023-07-10;0.0;2141.8;21.775;25.9;20.3;80.0;57.0;7.6;2.2
2755877;A652;2023-07-11;0.0;1990.7;22.85;26.2;21.5;80.0;53.0;7.4;1.45
2755878;A652;2023-07-12;0.0;2246.1;22.666666666666668;27.6;21.3;84.0;58.0;6.9;1.6791666666666665
2755879;A652;2023-07-13;0.0;2457.7;28.47083333333333;35.9;22.5;82.0;14.0;12.6;2.658333333333333
2755880;A652;2023-07-14;1.4;846.2;20.42083333333333;23.7;18.4;78.0;53.0;16.7;5.05
2755881;A652;2023-07-15;0.0;2409.5;19.775;23.4;17.1;71.0;47.0;11.4;2.8833333333333333
2755882;A652;2023-07-16;0.0;2452.0;20.579166666666666;26.1;17.7;73.0;41.0;8.4;1.4416666666666669
2755883;A652;2023-07-17;0.0;2455.1;21.229166666666668;24.3;19.4;79.0;56.0;5.4;1.2333333333333334
2755884;A652;2023-07-18;0.0;966.7;21.08333333333333;23.3;19.9;84.0;71.0;11.5;1.8875
2755885;A652;2023-07-19;5.0;858.6;20.491666666666667;22.6;18.8;86.0;68.0;15.5;4.741666666666666
2755886;A652;2023-07-20;0.4;1411.8;19.241666666666667;21.7;17.1;86.0;60.0;17.1;4.875
2755887;A652;2023-07-21;0.0;2587.6;20.979166666666668;24.9;18.6;71.0;52.0;11.8;2.8708333333333336
2755888;A652;2023-07-22;0.0;2613.0;20.9375;24.7;18.6;78.0;50.0;12.7;3.0583333333333336
2755889;A652;2023-07-23;0.0;2596.4;21.629166666666663;25.8;19.2;76.0;57.0;5.7;1.5208333333333333
2755890;A652;2023-07-24;0.0;2535.1;22.075;25.7;19.4;79.0;59.0;4.8;1.1083333333333334
2755891;A652;2023-07-25;0.0;2536.1;22.245833333333334;25.9;20.3;84.0;56.0;5.0;1.4583333333333333
2755892;A652;2023-07-26;0.0;1983.1;22.45;25.2;20.2;81.0;54.0;5.7;1.1541666666666666
2755893;A652;2023-07-27;0.0;2580.1;23.116666666666664;26.4;21.3;81.0;49.0;10.7;1.7416666666666665
2755894;A652;2023-07-28;0.0;2499.2;22.5875;26.0;21.0;81.0;55.0;9.3;2.208333333333333
2755895;A652;2023-07-29;1.2;635.0;20.6375;22.4;18.3;84.0;53.0;12.3;3.9375
2755896;A652;2023-07-30;2.0;1923.7;19.2875;22.6;16.4;84.0;57.0;7.9;2.375
2755897;A652;2023-07-31;0.0;2679.7;20.654166666666665;24.5;18.9;77.0;56.0;8.8;2.766666666666667
2755898;A652;2023-08-01;0.0;2571.8;21.041666666666668;26.1;18.8;79.0;53.0;7.3;2.095833333333333
2755899;A652;2023-08-02;0.0;2775.1;21.091666666666665;24.7;19.0;81.0;51.0;6.1;1.7708333333333333
2755900;A652;2023-08-03;0.0;2702.7;22.425;26.9;18.7;80.0;48.0;8.8;1.3083333333333331
2755901;A652;2023-08-04;0.0;2605.9;21.79583333333333;24.5;20.3;80.0;57.0;10.6;2.625
2755902;A652;2023-08-05;0.0;2651.8;21.204166666666666;25.7;19.4;82.0;55.0;7.4;1.8333333333333333
2755903;A652;2023-08-06;0.0;2687.2;22.3;26.2;20.5;82.0;58.0;5.9;1.5333333333333332
2755904;A652;2023-08-07;0.0;2757.3;25.575;33.3;21.2;76.0;21.0;8.2;1.4125
2755905;A652;2023-08-08;0.0;1417.5;23.008333333333336;28.3;20.7;80.0;31.0;22.8;4.808333333333334
2755906;A652;2023-08-09;0.4;1843.8;20.78333333333333;22.6;19.1;84.0;66.0;14.0;7.245833333333334
2755907;A652;2023-08-10;0.0;2724.2;22.304166666666664;26.5;19.6;79.0;57.0;8.8;1.8833333333333333
2755908;A652;2023-08-11;0.2;2724.3;24.83333333333333;31.1;21.6;78.0;32.0;14.8;2.208333333333333
2755909;A652;2023-08-12;0.0;2713.1;24.454166666666666;30.4;22.3;76.0;34.0;21.2;3.641666666666667
2755910;A652;2023-08-13;2.6;1386.8;21.5875;23.4;20.1;84.0;63.0;9.7;2.7458333333333336
2755911;A652;2023-08-14;2.8;432.5;19.495833333333334;20.3;19.0;86.0;83.0;11.3;6.2125
2755912;A652;2023-08-15;0.0;999.8;20.97083333333333;22.9;19.8;83.0;77.0;13.3;4.608333333333333
2755913;A652;2023-08-16;0.2;2224.3;21.97083333333333;24.7;20.8;80.0;67.0;10.8;3.4458333333333333
2755914;A652;2023-08-17;0.0;2724.8;21.90833333333333;24.8;20.1;78.0;59.0;7.3;2.2833333333333337
2755915;A652;2023-08-18;0.0;2843.1;24.6875;31.3;21.3;78.0;29.0;7.7;1.6083333333333334
2755916;A652;2023-08-19;1.4;2942.2;25.554166666666664;32.3;20.5;78.0;24.0;18.7;3.3833333333333333
2755917;A652;2023-08-20;16.0;1795.8;20.77083333333333;23.6;19.2;83.0;64.0;8.3;1.4791666666666667
2755918;A652;2023-08-21;0.2;2947.4;22.08333333333333;26.3;19.7;83.0;54.0;7.8;1.6875
2755919;A652;2023-08-22;0.0;2984.4;23.070833333333336;26.8;20.5;78.0;48.0;6.5;1.7375
2755920;A652;2023-08-23;0.0;2985.5;28.58333333333333;35.5;22.0;79.0;18.0;7.6;1.8083333333333331
2755921;A652;2023-08-24;0.0;2636.9;32.266666666666666;38.4;24.7;62.0;11.0;12.4;2.4
2755922;A652;2023-08-25;0.4;2602.2;23.58333333333333;27.4;21.6;83.0;47.0;14.6;3.975
2755923;A652;2023-08-26;3.4;597.0;18.95;22.8;16.8;86.0;70.0;15.4;4.075
2755924;A652;2023-08-27;6.6;568.8;16.808333333333334;18.0;15.6;86.0;78.0;12.3;3.6875
2755925;A652;2023-08-28;7.0;867.6;17.070833333333333;18.9;16.0;86.0;75.0;12.0;3.2125
2755926;A652;2023-08-29;0.8;1844.7;19.620833333333334;23.9;17.5;85.0;69.0;14.3;3.8166666666666655
2755927;A652;2023-08-30;1.4;2974.5;21.1125;25.6;19.6;86.0;65.0;14.2;3.725
2755928;A652;2023-08-31;0.0;3025.5;20.8875;24.0;18.5;76.0;56.0;7.3;1.7208333333333332
2755929;A652;2023-09-01;0.0;3077.7;21.933333333333334;26.6;19.5;80.0;57.0;11.0;3.0083333333333333
2755930;A652;2023-09-02;0.0;2920.3;23.15416666666667;26.9;20.8;75.0;58.0;8.5;2.2625
2755931;A652;2023-09-03;0.0;3090.5;23.79583333333333;27.2;21.9;81.0;64.0;11.3;2.65
2755932;A652;2023-09-04;0.0;3018.6;24.6875;30.9;22.6;79.0;44.0;8.3;2.2625
2755933;A652;2023-09-05;1.2;2426.3;25.579166666666666;31.9;21.7;79.0;45.0;16.6;2.85
2755934;A652;2023-09-06;0.4;2250.2;21.4;25.7;18.9;100.0;63.0;13.9;4.120833333333334
2755935;A652;2023-09-07;0.8;1885.6;20.5625;23.1;19.1;85.0;73.0;9.0;3.945833333333333
2755936;A652;2023-09-08;0.0;3345.7;23.008333333333336;27.9;20.1;84.0;56.0;10.4;2.3208333333333333
2755937;A652;2023-09-09;0.0;3168.9;25.604166666666668;31.6;22.7;76.0;29.0;9.3;2.0416666666666665
2755938;A652;2023-09-10;0.0;2903.9;24.15416666666667;26.9;21.2;82.0;55.0;8.9;1.4958333333333331
2755939;A652;2023-09-11;0.0;3339.7;23.625;28.1;21.0;88.0;60.0;7.0;2.154166666666667
2755940;A652;2023-09-12;0.0;3382.1;24.9;29.1;22.3;75.0;34.0;9.0;2.154166666666667
2755941;A652;2023-09-13;0.0;3302.2;27.195833333333336;32.7;23.9;67.0;32.0;7.5;1.8875
2755942;A652;2023-09-14;4.4;2925.1;26.247826086956525;31.7;19.6;94.0;30.0;16.8;3.617391304347826
2755943;A652;2023-09-15;1.2;1834.3;19.554166666666667;22.7;17.1;96.0;68.0;9.4;2.379166666666667
2755944;A652;2023-09-16;0.0;3387.7;21.620833333333334;26.8;19.2;89.0;59.0;9.1;2.625
2755945;A652;2023-09-17;0.0;3332.6;24.96666666666667;33.6;21.6;92.0;35.0;7.1;1.275
2755946;A652;2023-09-18;0.0;3483.5;26.054166666666664;31.3;22.8;89.0;44.0;6.7;1.5375
2755947;A652;2023-09-19;0.0;3476.9;24.40833333333333;28.6;21.9;100.0;63.0;5.6;1.4416666666666669
2755948;A652;2023-09-20;0.0;2833.0;23.28333333333333;28.1;21.4;100.0;72.0;7.3;1.925
2755949;A652;2023-09-21;0.0;3385.7;24.266666666666666;28.5;21.4;98.0;72.0;8.5;2.1125000000000003
2755950;A652;2023-09-22;0.0;3316.6;25.041666666666668;29.6;22.6;100.0;58.0;6.2;1.4875
2755951;A652;2023-09-23;0.0;3022.7;23.879166666666663;27.5;22.8;;;11.0;2.0500000000000003
2755952;A652;2023-09-24;0.0;3381.1;25.02916666666667;30.1;22.3;;;7.5;1.7833333333333332
2755953;A652;2023-09-25;0.0;3174.0;25.0625;30.2;23.4;;;14.6;2.795833333333333
2755954;A652;2023-09-26;0.4;3253.6;24.5375;29.6;22.3;;;9.0;3.0708333333333333
2755955;A652;2023-09-27;0.2;2450.2;27.29583333333333;38.4;23.4;;;19.0;2.7125
2755956;A652;2023-09-28;1.2;1565.7;22.1875;24.8;19.9;;;19.8;5.325
2755957;A652;2023-09-29;0.0;1657.4;21.4125;24.0;19.7;;;11.4;4.016666666666667
2755958;A652;2023-09-30;0.0;2870.7;22.254166666666663;26.6;20.5;;;15.6;4.258333333333334
2755959;A652;2023-10-01;4.6;485.2;21.8375;24.1;20.2;;;13.4;1.7916666666666667
2755960;A652;2023-10-02;6.8;1412.6;21.566666666666663;23.5;19.2;;;8.0;2.154166666666667
2755961;A652;2023-10-03;0.2;2696.2;21.55;25.8;19.1;;;6.0;1.9166666666666667
2755962;A652;2023-10-04;0.0;3545.1;23.3375;27.0;21.0;;;13.0;2.3375
2755963;A652;2023-10-05;0.4;2591.3;23.829166666666666;27.1;22.5;;;15.4;2.7583333333333333
2755964;A652;2023-10-06;1.0;1692.8;23.45833333333333;25.8;22.6;;;11.4;2.4375
2755965;A652;2023-10-07;2.4;3109.0;26.041666666666668;34.7;22.2;;;20.5;2.575
2755966;A652;2023-10-08;9.0;3022.9;24.85833333333333;30.2;22.4;;;14.1;2.504166666666667
2755967;A652;2023-10-09;0.4;2412.0;24.129166666666663;29.6;22.8;;;13.3;2.9625
2755968;A652;2023-10-10;0.4;1878.6;22.754166666666663;25.4;21.3;;;10.6;3.4458333333333333
2755969;A652;2023-10-11;0.2;3732.2;23.883333333333336;27.9;21.4;;;7.9;3.1291666666666664
2755970;A652;2023-10-12;0.0;3487.2;25.758333333333336;31.7;23.4;;;14.2;2.983333333333333
2755971;A652;2023-10-13;2.2;2787.7;22.9625;25.3;20.7;;;11.3;3.9
2755972;A652;2023-10-14;2.6;800.6;20.241666666666667;21.1;19.4;;;11.3;5.829166666666667
2755973;A652;2023-10-15;0.8;2702.2;22.245833333333334;27.0;19.5;;;13.5;4.183333333333333
2755974;A652;2023-10-16;0.0;3605.2;24.504166666666663;30.2;21.9;;;10.1;2.3583333333333334
2755975;A652;2023-10-17;10.8;3651.5;24.83333333333333;31.5;21.2;;;21.8;2.3208333333333333
2755976;A652;2023-10-18;0.0;2266.0;23.575;25.0;22.5;;;11.9;3.020833333333333
2755977;A652;2023-10-19;0.4;1481.1;21.454166666666666;22.9;20.4;;;7.6;3.775
2755978;A652;2023-10-20;0.4;1026.9;21.133333333333333;22.4;19.3;;;10.0;3.7458333333333336
2755979;A652;2023-10-21;0.0;2419.8;22.09583333333333;26.3;20.8;;;11.3;3.8041666666666663
2755980;A652;2023-10-22;0.0;3174.6;22.23333333333333;26.9;20.7;;;12.2;4.7625
2755981;A652;2023-10-23;0.0;3812.8;23.258333333333336;28.5;20.0;;;9.1;2.908333333333333
2755982;A652;2023-10-24;0.0;3695.5;24.725;29.1;22.3;;;8.0;1.7041666666666666
2755983;A652;2023-10-25;0.0;1440.9;23.5375;26.8;22.4;;;11.8;2.620833333333333
2755984;A652;2023-10-26;17.8;2226.6;22.495833333333334;25.9;20.7;;;10.6;2.783333333333333
2755985;A652;2023-10-27;0.4;1166.0;22.0625;23.7;21.2;;;14.5;5.8875
2755986;A652;2023-10-28;0.0;2353.8;23.741666666666664;26.9;22.1;;;9.9;2.279166666666667
2755987;A652;2023-10-29;2.2;3220.0;27.8875;34.1;23.9;;;12.0;2.6125000000000003
2755988;A652;2023-10-30;2.6;3679.3;25.53333333333333;27.6;23.2;;;13.6;2.3375
2755989;A652;2023-10-31;0.0;3589.2;26.0;30.5;24.0;;;8.7;1.5125
2755990;A652;2023-11-01;0.8;2817.5;24.1125;26.2;21.8;;;12.8;3.220833333333333
2755991;A652;2023-11-02;1.0;2720.8;22.8625;25.1;20.9;;;11.0;2.2125
2755992;A652;2023-11-03;0.0;3817.0;24.60833333333333;30.1;21.8;;;16.6;2.3666666666666667
2755993;A652;2023-11-04;8.4;2877.5;24.425;27.7;22.1;;;25.5;3.891666666666667
2755994;A652;2023-11-05;0.0;4044.2;22.9125;25.5;21.4;;;10.5;3.15
2755995;A652;2023-11-06;0.0;3578.8;22.3625;25.5;19.9;;;7.6;2.466666666666667
2755996;A652;2023-11-07;0.0;4015.9;23.33333333333333;29.0;20.8;;;10.5;3.4375
2755997;A652;2023-11-08;0.0;4014.6;23.229166666666668;27.0;20.1;;;10.5;3.4416666666666664
2755998;A652;2023-11-09;0.0;3853.3;25.58333333333333;33.0;22.1;;;8.4;1.9083333333333328
2755999;A652;2023-11-10;0.0;3734.8;24.9875;27.5;23.4;;;14.6;3.0
2756000;A652;2023-11-11;0.0;3716.3;25.15;30.0;22.4;;;7.4;2.1041666666666665
2756001;A652;2023-11-12;0.0;3652.5;26.975;32.1;24.3;;;13.7;1.9125
2756002;A652;2023-11-13;0.0;3231.2;26.291666666666668;31.4;23.7;;;6.5;1.475
2756003;A652;2023-11-14;0.0;3703.4;26.47083333333333;32.5;23.9;;;14.2;2.591666666666667
2756004;A652;2023-11-15;6.2;3688.5;25.879166666666663;29.7;24.2;;;14.4;2.316666666666667
2756005;A652;2023-11-16;0.0;3582.2;27.691666666666663;33.1;24.6;;;10.8;2.5500000000000003
2756006;A652;2023-11-17;0.0;2827.8;27.258333333333336;32.6;25.2;;;7.0;1.6166666666666665
2756007;A652;2023-11-18;0.0;3462.6;28.6375;33.7;25.7;;;9.4;1.6583333333333332
2756008;A652;2023-11-19;7.4;1219.7;26.379166666666663;30.6;22.8;;;16.3;2.4208333333333334
2756009;A652;2023-11-20;2.2;929.4;23.104166666666668;24.5;21.8;;;10.5;4.295833333333333
2756010;A652;2023-11-21;0.0;3843.6;24.320833333333336;30.4;21.6;;;10.2;3.345833333333333
2756011;A652;2023-11-22;0.0;3808.6;25.916666666666668;29.5;23.2;;;10.3;2.220833333333333
2756012;A652;2023-11-23;0.6;3684.4;26.40833333333333;29.9;23.6;;;16.4;2.591666666666667
2756013;A652;2023-11-24;1.6;560.2;23.7625;25.4;22.6;;;9.7;3.483333333333333
2756014;A652;2023-11-25;0.0;3436.8;23.73333333333333;30.2;21.0;;;9.7;4.070833333333334
2756015;A652;2023-11-26;0.0;2247.3;22.745833333333334;26.0;20.9;;;14.1;3.7708333333333335
2756016;A652;2023-11-27;0.0;3652.5;24.258333333333336;29.7;22.6;;;9.8;2.895833333333333
2756017;A652;2023-11-28;0.4;3544.3;24.3375;27.4;22.7;;;12.4;2.4625
2756018;A652;2023-11-29;1.8;1427.4;25.15416666666667;30.4;21.2;;;9.1;1.9041666666666668
2756019;A652;2023-11-30;0.0;3736.3;26.8125;29.5;22.4;;;6.9;1.6958333333333335
2756020;A652;2023-12-01;0.0;3620.9;25.85833333333333;29.1;23.1;;;6.9;1.6041666666666667
2756021;A652;2023-12-02;0.0;3907.6;26.758333333333336;33.1;24.3;;;5.3;1.7375
2756022;A652;2023-12-03;0.0;3449.8;26.133333333333336;32.4;23.8;;;8.1;1.8375
2756023;A652;2023-12-04;0.0;3746.8;26.370833333333334;30.7;24.3;;;8.1;2.245833333333333
2756024;A652;2023-12-05;0.0;2829.7;26.48333333333333;29.7;25.3;;;6.1;1.6125
2756025;A652;2023-12-06;0.0;3817.1;27.25;33.6;24.5;;;6.5;1.9041666666666668
2756026;A652;2023-12-07;0.4;3811.0;28.808695652173917;37.3;26.1;;;7.6;1.5375
2756027;A652;2023-12-08;0.4;2840.3;26.866666666666664;30.1;24.3;;;15.8;2.208333333333333
2756028;A652;2023-12-09;18.6;1640.9;23.058333333333334;26.2;20.5;;;11.9;2.7625
2756029;A652;2023-12-10;0.2;1846.9;23.241666666666664;25.8;21.8;;;11.6;3.1958333333333333
2756030;A652;2023-12-11;2.4;1356.9;23.08333333333333;25.2;21.4;;;8.2;1.425
2756031;A652;2023-12-12;0.0;3177.1;24.1375;27.7;22.5;92.0;79.0;7.0;2.2875
2756032;A652;2023-12-13;0.0;3948.2;24.4875;30.3;21.1;96.0;63.0;10.1;2.841666666666667
2756033;A652;2023-12-14;0.0;3893.9;24.97083333333333;29.8;21.6;99.0;69.0;7.2;1.8708333333333331
2756034;A652;2023-12-15;0.0;3924.4;25.554166666666664;30.8;22.8;91.0;62.0;8.4;1.7791666666666668
2756035;A652;2023-12-16;0.0;3934.4;25.495833333333334;29.3;22.1;91.0;63.0;10.2;2.1625
2756036;A652;2023-12-17;0.0;4012.6;23.879166666666663;27.5;20.4;95.0;70.0;10.5;2.8083333333333336
2756037;A652;2023-12-18;0.0;3651.8;22.27916666666667;27.2;19.6;100.0;73.0;9.0;1.9416666666666669
2756038;A652;2023-12-19;0.0;3929.2;23.195833333333336;29.0;19.6;100.0;71.0;8.4;1.8875
2756039;A652;2023-12-20;0.0;3939.5;23.704166666666666;28.5;20.0;100.0;68.0;5.7;1.6208333333333331
2756040;A652;2023-12-21;0.0;3854.1;24.745833333333334;30.2;20.9;99.0;70.0;6.9;1.5625
2756041;A652;2023-12-22;0.0;3840.8;25.516666666666666;32.1;21.4;100.0;64.0;5.2;1.4166666666666667
2756042;A652;2023-12-23;0.0;3583.0;26.133333333333336;30.7;23.6;100.0;72.0;5.9;1.375
2756043;A652;2023-12-24;0.0;3859.3;26.2;31.2;23.6;100.0;71.0;7.6;1.6
2756044;A652;2023-12-25;0.0;3811.0;27.025;31.4;24.3;100.0;66.0;10.0;1.8791666666666669
2756045;A652;2023-12-26;0.0;3194.3;27.808333333333334;34.2;24.0;92.0;48.0;12.0;2.766666666666667
2756046;A652;2023-12-27;0.6;4024.1;24.47083333333333;28.4;22.1;95.0;69.0;7.0;2.0708333333333333
2756047;A652;2023-12-28;0.0;4088.4;25.4375;32.0;22.4;91.0;57.0;11.5;2.5083333333333333
2756048;A652;2023-12-29;0.0;3865.6;26.4875;31.4;22.9;92.0;60.0;7.4;1.6833333333333331
2756049;A652;2023-12-30;0.0;2444.8;26.758333333333336;31.7;23.1;94.0;55.0;10.9;2.716666666666667
2756050;A652;2023-12-31;0.2;1652.2;23.495833333333334;26.4;21.0;97.0;72.0;9.1;1.925
2934764;A652;2024-01-01;0.0;1490.7;23.4875;26.0;22.2;94.0;62.0;9.6;2.0708333333333333
2934765;A652;2024-01-02;0.0;4185.7;24.0;30.1;22.3;94.0;65.0;10.3;2.4791666666666665
2934766;A652;2024-01-03;0.8;3323.7;24.070833333333336;26.9;22.4;99.0;81.0;10.3;1.9166666666666667
2934767;A652;2024-01-04;4.0;2229.9;23.6125;26.8;22.2;100.0;85.0;7.9;1.6416666666666666
2934768;A652;2024-01-05;0.2;3986.3;24.491666666666664;27.0;22.7;100.0;83.0;7.3;2.4875000000000003
2934769;A652;2024-01-06;1.2;4019.4;25.304166666666664;28.9;22.3;100.0;75.0;6.3;1.8583333333333332
2934770;A652;2024-01-07;0.0;3940.8;25.979166666666668;31.9;23.1;97.0;67.0;6.6;2.2291666666666665
2934771;A652;2024-01-08;0.0;3897.3;26.258333333333336;30.4;23.5;97.0;69.0;8.4;2.4166666666666665
2934772;A652;2024-01-09;0.0;3215.7;26.679166666666664;30.1;24.5;94.0;72.0;12.5;1.741666666666667
2934773;A652;2024-01-10;0.0;3877.7;27.09583333333333;32.1;24.5;100.0;65.0;5.1;1.3583333333333334
2934774;A652;2024-01-11;0.0;3766.5;27.791666666666668;32.6;25.0;99.0;66.0;14.5;2.466666666666667
2934775;A652;2024-01-12;0.0;3455.2;27.383333333333336;31.6;23.0;98.0;65.0;9.1;1.725
2934776;A652;2024-01-13;9.6;2932.2;26.558333333333334;29.4;24.7;100.0;82.0;11.2;2.8791666666666664
2934777;A652;2024-01-14;21.2;3017.1;25.7;29.5;23.7;100.0;80.0;11.4;2.5791666666666666
2934778;A652;2024-01-15;0.0;3838.7;28.704166666666666;35.9;24.4;100.0;40.0;10.5;1.4916666666666665
2934779;A652;2024-01-16;0.0;3815.7;29.316666666666663;34.0;26.8;93.0;57.0;6.6;1.5041666666666669
2934780;A652;2024-01-17;0.0;3775.3;29.758333333333336;35.4;26.5;98.0;54.0;7.7;1.4708333333333332
2934781;A652;2024-01-18;0.0;3351.0;28.641666666666666;32.2;26.9;95.0;66.0;8.5;1.9708333333333328
2934782;A652;2024-01-19;0.8;3222.5;27.875;35.2;23.9;99.0;55.0;17.3;1.7875
2934783;A652;2024-01-20;0.0;3364.4;29.71666666666667;33.6;27.2;94.0;62.0;4.5;1.3875
2934784;A652;2024-01-21;46.4;3293.3;26.791666666666668;29.6;23.5;100.0;74.0;15.5;3.270833333333333
2934785;A652;2024-01-22;1.6;2782.9;25.75;28.9;24.1;99.0;73.0;11.1;2.975
2934786;A652;2024-01-23;15.2;667.3;22.98333333333333;25.4;19.1;100.0;87.0;13.9;4.35
2934787;A652;2024-01-24;2.2;1757.3;21.816666666666663;24.6;19.8;100.0;82.0;9.4;1.4125
2934788;A652;2024-01-25;3.2;3309.4;23.820833333333336;28.0;21.7;100.0;79.0;12.9;2.6083333333333334
2934789;A652;2024-01-26;1.0;1765.0;23.441666666666663;25.3;22.1;100.0;88.0;14.2;3.7916666666666665
2934790;A652;2024-01-27;0.4;3284.9;24.53333333333333;27.9;23.1;97.0;80.0;7.8;1.9666666666666668
2934791;A652;2024-01-28;4.6;2196.5;24.941666666666663;28.4;21.9;99.0;82.0;17.5;1.9125
2934792;A652;2024-01-29;5.2;3966.9;25.433333333333334;30.5;22.0;99.0;75.0;9.0;2.341666666666667
2934793;A652;2024-01-30;0.0;3540.7;27.2125;32.3;24.8;96.0;72.0;7.1;2.2625
2934794;A652;2024-01-31;10.6;2532.1;26.8875;31.6;23.0;98.0;74.0;13.3;1.5291666666666668
2934795;A652;2024-02-01;0.2;3261.0;26.054166666666664;30.4;22.9;90.0;67.0;10.1;1.7583333333333335
2934796;A652;2024-02-02;0.4;1913.8;25.816666666666663;27.7;24.6;94.0;81.0;8.9;1.8708333333333331
2934797;A652;2024-02-03;0.2;3303.9;26.7;30.8;24.3;94.0;76.0;5.9;2.2
2934798;A652;2024-02-04;0.8;3046.3;27.46666666666667;31.6;24.6;95.0;76.0;11.9;1.7416666666666665
2934799;A652;2024-02-05;0.0;3805.4;27.05;30.8;24.4;93.0;73.0;6.6;1.4708333333333332
2934800;A652;2024-02-06;0.0;3515.2;27.3125;29.6;25.1;90.0;76.0;10.1;1.9583333333333333
2934801;A652;2024-02-07;2.8;3528.8;27.5;31.6;25.0;96.0;69.0;6.7;2.0083333333333333
2934802;A652;2024-02-08;0.0;3837.6;28.4;33.9;25.6;93.0;65.0;12.2;2.8375
2934803;A652;2024-02-09;0.0;3864.4;28.320833333333336;33.4;25.5;93.0;65.0;9.3;2.370833333333333
2934804;A652;2024-02-10;0.0;3916.7;27.22083333333333;33.9;24.3;94.0;52.0;15.3;4.141666666666667
2934805;A652;2024-02-11;0.0;3836.9;26.266666666666666;30.1;23.7;94.0;72.0;9.3;2.1750000000000003
2934806;A652;2024-02-12;0.0;3777.9;27.7125;32.8;23.2;89.0;50.0;7.3;2.1958333333333333
2934807;A652;2024-02-13;0.0;3559.4;28.008333333333336;33.7;22.8;92.0;50.0;6.8;1.8416666666666668
2934808;A652;2024-02-14;0.0;2403.0;27.04583333333333;32.9;22.2;95.0;45.0;13.7;2.2666666666666666
2934809;A652;2024-02-15;4.6;1266.2;24.15416666666667;26.6;22.9;100.0;89.0;5.4;1.4375
2934810;A652;2024-02-16;0.4;3169.4;25.245833333333334;27.0;23.8;99.0;77.0;11.7;3.458333333333333
2934811;A652;2024-02-17;;4081.8;25.84166666666667;27.9;24.4;94.0;70.0;9.6;2.670833333333333
2934812;A652;2024-02-18;;3866.2;26.02916666666667;28.5;24.4;97.0;78.0;8.1;2.6125000000000003
2934813;A652;2024-02-19;;3531.0;26.59166666666667;30.6;24.3;97.0;72.0;5.7;1.3541666666666667
2934814;A652;2024-02-20;;3235.7;26.10833333333333;31.2;24.1;97.0;72.0;3.9;1.4
2934815;A652;2024-02-21;;;25.891666666666666;28.1;24.5;98.0;83.0;5.6;1.5166666666666666
2934816;A652;2024-02-22;;0.2;26.6625;31.8;24.4;100.0;62.0;6.9;1.9125
2934817;A652;2024-02-23;;;28.541666666666668;31.6;25.9;95.0;61.0;6.7;1.4666666666666668
2934818;A652;2024-02-24;;;28.775;32.5;26.6;94.0;75.0;3.9;1.4
2934819;A652;2024-02-25;;;28.204166666666666;30.8;25.9;96.0;81.0;6.7;1.8875
2934820;A652;2024-02-26;;;28.4125;32.7;26.0;96.0;70.0;8.9;3.2125
2934821;A652;2024-02-27;;;26.77916666666667;31.8;24.8;99.0;71.0;11.1;5.15
2934822;A652;2024-02-28;;;27.22083333333333;29.4;25.2;100.0;75.0;8.0;2.1625
2934823;A652;2024-02-29;;;27.541666666666668;30.6;25.8;97.0;79.0;6.6;1.6875
2934824;A652;2024-03-01;;;27.7375;31.9;25.5;98.0;74.0;11.3;2.4625
2934825;A652;2024-03-02;;;26.52083333333333;31.9;23.6;97.0;59.0;9.5;3.141666666666667
2934826;A652;2024-03-03;;;26.425;32.0;23.8;89.0;60.0;11.5;3.329166666666667
2934827;A652;2024-03-04;;;26.34166666666667;32.2;23.6;96.0;60.0;11.4;2.2416666666666667
2934828;A652;2024-03-05;;;26.90416666666667;31.4;24.1;97.0;70.0;7.7;1.5875
2934829;A652;2024-03-06;;;25.558333333333334;30.4;22.9;100.0;81.0;9.4;2.2583333333333333
2934830;A652;2024-03-07;;;25.96666666666667;30.9;24.0;100.0;79.0;9.1;2.8125
2934831;A652;2024-03-08;;2.3;25.89583333333333;30.8;24.5;100.0;80.0;9.5;2.9625
2934832;A652;2024-03-09;;;25.120833333333334;28.8;23.9;100.0;80.0;10.4;2.7916666666666665
2934833;A652;2024-03-10;;;25.875;28.5;23.0;100.0;79.0;12.8;2.4458333333333333
2934834;A652;2024-03-11;;;25.391666666666666;26.8;23.9;98.0;88.0;8.1;2.7375000000000003
2934835;A652;2024-03-12;;;25.008333333333336;27.2;23.6;100.0;86.0;4.5;1.5375
2934836;A652;2024-03-13;;;25.058333333333334;27.6;23.5;91.0;81.0;5.9;1.4666666666666668
2934837;A652;2024-03-14;;;24.820833333333336;28.6;22.7;96.0;76.0;8.0;1.9083333333333328
2934838;A652;2024-03-15;;;25.4875;28.7;23.3;99.0;76.0;7.0;1.8916666666666664
2934839;A652;2024-03-16;;;26.34166666666667;29.7;23.3;99.0;73.0;9.8;1.3541666666666667
2934840;A652;2024-03-17;;;26.929166666666664;31.0;23.4;98.0;71.0;7.7;1.1041666666666667
2934841;A652;2024-03-18;;;27.34166666666667;30.2;24.6;98.0;68.0;11.4;1.945833333333333
2934842;A652;2024-03-19;;;26.15;26.6;26.0;99.0;98.0;4.5;1.6291666666666669
2934843;A652;2024-03-20;;;;;;;;6.5;1.4708333333333332
2934844;A652;2024-03-21;;;;;;;;8.1;1.7875
2934845;A652;2024-03-22;;;;;;;;15.6;3.6
2934846;A652;2024-03-23;;;;;;;;11.8;2.595833333333333
2934847;A652;2024-03-24;;;;;;;;11.3;2.7
2934848;A652;2024-03-25;;;;;;;;9.6;2.575
2934849;A652;2024-03-26;;;;;;;;7.6;1.6416666666666666
2934850;A652;2024-03-27;;;;;;;;6.2;1.4166666666666667
2934851;A652;2024-03-28;;;;;;;;12.8;3.0708333333333333
2934852;A652;2024-03-29;;;;;;;;13.9;2.4458333333333333
2934853;A652;2024-03-30;;;;;;;;12.0;2.779166666666667
2934854;A652;2024-03-31;;;;;;;;7.8;1.9041666666666668
2934855;A652;2024-04-01;;;;;;;;6.1;2.1333333333333333
2934856;A652;2024-04-02;;;;;;;;5.1;1.4
2934857;A652;2024-04-03;;;;;;;;7.8;1.6958333333333335
2934858;A652;2024-04-04;;;;;;;;5.5;1.6083333333333334
2934859;A652;2024-04-05;;;;;;;;5.7;1.9958333333333331
2934860;A652;2024-04-06;;;;;;;;4.9;1.3583333333333334
2934861;A652;2024-04-07;;;;;;;;6.6;1.8333333333333333
2934862;A652;2024-04-08;;;;;;;;6.5;1.5333333333333332
2934863;A652;2024-04-09;;;;;;;;4.7;1.2583333333333333
2934864;A652;2024-04-10;;;;;;;;4.2;1.0541666666666667
2934865;A652;2024-04-11;;;;;;;;5.0;1.4375
2934866;A652;2024-04-12;;;;;;;;5.5;1.375
2934867;A652;2024-04-13;;;;;;;;7.5;2.1708333333333334
2934868;A652;2024-04-14;;;;;;;;11.0;2.7458333333333336
2934869;A652;2024-04-15;;;;;;;;13.5;2.4166666666666665
2934870;A652;2024-04-16;;;;;;;;10.1;1.9916666666666665
2934871;A652;2024-04-17;;;;;;;;6.2;1.4375
2934872;A652;2024-04-18;;;;;;;;18.5;3.058333333333333
2934873;A652;2024-04-19;;;;;;;;6.6;1.9333333333333331
2934874;A652;2024-04-20;;;;;;;;3.7;0.875
2934875;A652;2024-04-21;;;;;;;;4.7;1.2291666666666667
2934876;A652;2024-04-22;;;;;;;;5.9;1.3333333333333333
2934877;A652;2024-04-23;;;;;;;;6.3;1.5333333333333332
2934878;A652;2024-04-24;;;;;;;;7.1;1.695833333333333
2934879;A652;2024-04-25;;;;;;;;8.6;1.9458333333333333
2934880;A652;2024-04-26;;;;;;;;10.0;3.0500000000000003
2934881;A652;2024-04-27;;;;;;;;9.1;2.2291666666666665
2934882;A652;2024-04-28;;;;;;;;5.4;1.45
2934883;A652;2024-04-29;;;;;;;;9.8;1.9208333333333332
2934884;A652;2024-04-30;;;;;;;;5.6;1.6833333333333331
2934885;A652;2024-05-01;;;;;;;;5.7;1.3958333333333333
2934886;A652;2024-05-02;;;;;;;;7.0;1.4958333333333331
2934887;A652;2024-05-03;;;;;;;;9.6;2.5541666666666667
2934888;A652;2024-05-04;;;;;;;;5.3;1.2875
2934889;A652;2024-05-05;;;;;;;;5.0;1.3958333333333333
2934890;A652;2024-05-06;;;;;;;;7.9;1.4916666666666665
2934891;A652;2024-05-07;;;;;;;;6.8;1.5833333333333333
2934892;A652;2024-05-08;;;;;;;;7.1;2.1041666666666665
2934893;A652;2024-05-09;;;;;;;;5.4;1.4
2934894;A652;2024-05-10;;;;;;;;10.5;2.254166666666667
2934895;A652;2024-05-11;;;;;;;;6.0;1.0875
2934896;A652;2024-05-12;;;;;;;;5.8;1.2625
2934897;A652;2024-05-13;;;;;;;;6.5;1.2291666666666667
2934898;A652;2024-05-14;;;;;;;;9.9;2.1958333333333333
2934899;A652;2024-05-15;;;;;;;;8.7;1.9125
2934900;A652;2024-05-16;;;;;;;;7.8;2.1416666666666666
2934901;A652;2024-05-17;;;;;;;;5.8;1.2708333333333333
2934902;A652;2024-05-18;;;;;;;;12.0;2.6375
2934903;A652;2024-05-19;;;;;;;;9.0;1.75
2934904;A652;2024-05-20;;;;;;;;12.2;1.9
2934905;A652;2024-05-21;;;;;;;;9.4;2.0125
2934906;A652;2024-05-22;;;;;;;;8.0;2.3666666666666667
2934907;A652;2024-05-23;;;;;;;;6.7;1.525
2934908;A652;2024-05-24;;;;;;;;13.3;2.2125
2934909;A652;2024-05-25;;;;;;;;9.9;2.308333333333333
2934910;A652;2024-05-26;;;;;;;;10.7;1.9904761904761905
2934911;A652;2024-05-27;;;;;;;;5.4;1.2461538461538462
2934912;A652;2024-05-28;;;;;;;;11.3;2.757142857142857
2934913;A652;2024-05-29;;;;;;;;11.6;3.223076923076923
2934914;A652;2024-05-30;;;;;;;;10.6;4.029999999999999
2934915;A652;2024-05-31;;;;;;;;7.2;2.111111111111111
2934916;A652;2024-06-01;;;;;;;;8.8;3.1666666666666665
2934917;A652;2024-06-02;;;;;;;;5.1;2.4
2934918;A652;2024-06-25;;;;;;;;4.0;1.85
2934919;A652;2024-07-07;;;;;;;;5.5;2.35
2934920;A652;2024-07-17;;;;;;;;7.5;3.333333333333333
2934921;A652;2024-07-19;;;;;;;;;2.9
2934922;A652;2024-07-30;4.8;407.8;19.027272727272727;20.7;17.5;100.0;87.0;16.6;4.081818181818182
2934923;A652;2024-07-31;1.8;2294.5;20.34583333333333;23.2;17.9;100.0;71.0;12.6;3.4958333333333336
2934924;A652;2024-08-01;0.0;2682.4;21.391666666666666;24.2;19.5;83.0;63.0;13.4;3.7541666666666655
2934925;A652;2024-08-02;0.0;2651.7;21.8375;25.3;19.6;83.0;48.0;11.8;2.6833333333333336
2934926;A652;2024-08-03;0.0;2759.3;22.329166666666666;25.9;19.5;84.0;63.0;8.2;1.4916666666666665
2934927;A652;2024-08-04;0.0;2747.7;23.225;26.5;20.9;86.0;58.0;8.3;2.1333333333333333
2934928;A652;2024-08-05;0.0;2684.6;23.925;26.6;21.7;84.0;57.0;7.6;1.7666666666666666
2934929;A652;2024-08-06;0.0;2692.7;23.77916666666667;29.0;21.7;94.0;56.0;4.7;1.0708333333333333
2934930;A652;2024-08-07;0.0;2765.7;27.175;33.4;22.7;78.0;19.0;8.0;1.8458333333333328
2934931;A652;2024-08-08;0.0;2581.7;28.60833333333333;34.7;23.9;69.0;17.0;10.3;2.1333333333333333
2934932;A652;2024-08-09;0.0;2302.3;22.59583333333333;25.8;21.2;96.0;67.0;11.8;2.6916666666666664
2934933;A652;2024-08-10;8.0;274.6;18.669565217391305;21.9;16.3;99.0;63.0;24.1;5.739130434782608
2934934;A652;2024-08-11;0.0;2801.2;19.063636363636363;21.9;16.3;76.0;48.0;10.7;2.709090909090909
2934935;A652;2024-08-12;0.0;2223.1;19.7;23.9;17.4;84.0;27.0;15.4;3.7
2934936;A652;2024-08-13;0.0;1422.1;18.80454545454545;21.1;16.9;62.0;38.0;14.9;3.963636363636364
2934937;A652;2024-08-14;0.0;2783.5;19.09583333333333;22.2;16.5;79.0;55.0;8.8;2.575
2934938;A652;2024-08-15;0.0;2880.1;20.766666666666666;24.0;17.8;86.0;64.0;5.4;1.4416666666666669
2934939;A652;2024-08-16;0.0;2823.3;22.570833333333336;26.3;20.0;87.0;59.0;4.9;1.2
2934940;A652;2024-08-17;0.0;2807.2;22.933333333333334;26.9;20.0;95.0;58.0;6.7;1.3625
2934941;A652;2024-08-18;0.0;2758.9;24.0375;28.6;20.8;88.0;49.0;6.0;1.1916666666666669
2934942;A652;2024-08-19;0.0;2918.9;24.141666666666666;28.3;21.3;91.0;46.0;8.5;1.95
2934943;A652;2024-08-20;0.0;2849.3;23.258333333333336;27.7;20.7;88.0;41.0;15.0;3.454166666666667
2934944;A652;2024-08-21;0.0;2737.0;22.275;25.8;20.8;92.0;65.0;10.5;2.1708333333333334
2934945;A652;2024-08-22;0.0;2933.4;23.325;28.1;20.4;93.0;47.0;8.5;2.2666666666666666
2934946;A652;2024-08-23;0.0;2863.7;29.754166666666663;36.4;25.0;61.0;13.0;12.5;1.9
2934947;A652;2024-08-24;0.0;2236.6;23.4;30.7;21.5;92.0;29.0;17.3;3.7083333333333335
2934948;A652;2024-08-25;2.2;359.2;20.02083333333333;21.9;17.9;97.0;79.0;17.7;4.925
2934949;A652;2024-08-26;3.8;234.3;17.158823529411762;18.1;15.2;98.0;59.0;17.7;4.952941176470588
2934950;A652;2024-08-27;0.2;3219.7;18.44090909090909;21.9;15.6;69.0;41.0;9.3;1.968181818181818
2934951;A652;2024-08-28;0.0;3159.1;19.98260869565217;23.8;17.6;71.0;56.0;9.9;3.104347826086957
2934952;A652;2024-08-29;0.0;3154.6;20.97083333333333;24.8;18.0;83.0;59.0;11.1;2.5083333333333333
2934953;A652;2024-08-30;0.0;3103.4;21.991666666666664;25.6;19.2;76.0;55.0;5.6;1.1666666666666667
2934954;A652;2024-08-31;0.0;3044.1;21.725;24.7;19.6;90.0;58.0;12.5;2.2041666666666666
2934955;A652;2024-09-01;0.0;3120.3;22.695833333333336;26.7;20.3;93.0;60.0;8.9;1.9208333333333332
2934956;A652;2024-09-02;0.0;2616.8;23.84583333333333;28.9;21.0;94.0;28.0;19.3;4.3500000000000005
2934957;A652;2024-09-03;0.0;2099.8;22.08333333333333;25.9;20.8;94.0;66.0;8.0;2.4791666666666665
2934958;A652;2024-09-04;0.0;2701.1;22.42083333333333;25.5;20.6;96.0;71.0;9.2;2.841666666666667
2934959;A652;2024-09-05;0.0;2552.3;22.870833333333334;28.5;21.3;97.0;60.0;20.2;3.375
2934960;A652;2024-09-06;0.0;1052.1;21.695833333333336;22.5;21.2;100.0;82.0;13.3;3.3083333333333336
2934961;A652;2024-09-07;0.0;2414.8;22.675;25.7;20.9;100.0;83.0;4.2;1.3583333333333334
2934962;A652;2024-09-08;0.0;2541.3;23.275;26.6;21.1;100.0;72.0;6.8;1.55
2934963;A652;2024-09-09;0.0;3035.9;24.225;28.1;22.2;96.0;60.0;7.9;2.1750000000000003
2934964;A652;2024-09-10;0.0;3165.7;24.7375;28.1;22.0;95.0;61.0;9.3;1.6583333333333332
2934965;A652;2024-09-11;0.0;3183.8;26.766666666666666;35.3;21.6;100.0;17.0;9.6;1.8541666666666667
2934966;A652;2024-09-12;0.0;3213.3;27.8;35.5;23.9;83.0;19.0;11.2;1.8541666666666667
2934967;A652;2024-09-13;0.0;3070.0;27.275;30.3;22.3;95.0;27.0;7.6;1.8416666666666668
2934968;A652;2024-09-14;0.0;2994.0;25.883333333333336;34.4;20.5;100.0;20.0;16.9;3.1791666666666667
2934969;A652;2024-09-15;0.0;2298.7;23.141666666666666;25.5;22.2;99.0;74.0;9.5;2.341666666666667
2934970;A652;2024-09-16;0.0;2145.4;22.58333333333333;25.1;21.4;100.0;91.0;15.2;3.0083333333333333
2934971;A652;2024-09-17;2.6;1635.8;20.79583333333333;22.1;18.9;100.0;75.0;12.7;2.7458333333333336
2934972;A652;2024-09-18;0.0;2610.5;21.882608695652173;25.0;19.7;91.0;61.0;14.0;4.7
2934973;A652;2024-09-19;0.0;3121.1;22.53333333333333;28.0;20.1;89.0;53.0;14.9;3.8708333333333336
2934974;A652;2024-09-20;0.0;2990.0;23.825;27.8;21.5;93.0;63.0;10.2;2.6875
2934975;A652;2024-09-21;0.0;2853.9;24.3375;29.4;22.1;100.0;56.0;18.4;2.8875
2934976;A652;2024-09-22;0.0;3114.4;24.266666666666666;29.4;22.3;100.0;65.0;8.9;1.7458333333333331
2934977;A652;2024-09-23;0.0;3271.4;24.266666666666666;29.5;21.7;90.0;66.0;5.0;1.575
2934978;A652;2024-09-24;0.0;3362.0;24.479166666666668;29.8;21.3;100.0;59.0;10.4;1.9416666666666669
2934979;A652;2024-09-25;0.0;3390.6;24.8125;28.5;22.1;92.0;60.0;9.4;2.6666666666666665
2934980;A652;2024-09-26;0.0;3343.2;25.925;33.3;23.3;100.0;30.0;10.3;2.0125
2934981;A652;2024-09-27;0.0;2992.3;23.808333333333334;28.5;22.5;100.0;67.0;15.6;3.529166666666667
2934982;A652;2024-09-28;0.4;1303.9;22.22083333333333;23.1;20.3;100.0;72.0;15.5;4.070833333333334
2934983;A652;2024-09-29;0.0;3506.0;22.941666666666663;27.8;21.0;100.0;53.0;14.9;5.133333333333334
2934984;A652;2024-09-30;0.0;3587.6;23.4875;28.5;20.7;100.0;54.0;13.3;3.7
2934985;A652;2024-10-01;0.0;3522.5;26.33333333333333;33.2;23.0;100.0;27.0;10.0;2.3208333333333333
2934986;A652;2024-10-02;0.0;3369.0;28.079166666666666;37.0;23.1;100.0;18.0;16.0;3.1666666666666665
2934987;A652;2024-10-03;0.0;1580.7;23.72083333333333;25.4;22.8;100.0;83.0;17.5;3.9291666666666663
2934988;A652;2024-10-04;4.8;680.8;20.8;22.9;18.9;;;16.9;2.6916666666666664
2934989;A652;2024-10-05;6.4;3710.3;21.1875;24.5;18.8;100.0;63.0;11.1;4.533333333333333
2934990;A652;2024-10-06;0.0;3705.9;21.816666666666663;26.1;19.3;80.0;48.0;11.6;4.675
2934991;A652;2024-10-07;0.0;3696.2;22.604166666666668;27.8;20.3;83.0;49.0;10.3;3.1666666666666665
2934992;A652;2024-10-08;0.0;3082.9;22.541666666666668;27.5;20.1;98.0;58.0;8.7;2.3833333333333333
2934993;A652;2024-10-09;1.4;2531.2;22.433333333333334;24.8;21.1;;;9.6;2.504166666666667
2934994;A652;2024-10-10;1.0;1005.7;21.5375;22.5;20.8;;;15.1;5.320833333333334
2934995;A652;2024-10-11;0.0;3510.5;22.266666666666666;25.5;20.2;;;9.4;2.3833333333333333
2934996;A652;2024-10-12;0.0;3343.8;26.0375;34.5;21.1;100.0;33.0;14.9;3.2583333333333333
2934997;A652;2024-10-13;0.0;3627.9;21.916666666666668;25.1;20.0;;;6.5;2.145833333333333
2934998;A652;2024-10-14;0.0;3644.6;21.84166666666667;27.0;20.4;100.0;62.0;8.4;3.170833333333333
2934999;A652;2024-10-15;0.0;3782.1;21.35;25.3;19.3;100.0;74.0;12.9;4.058333333333334
2935000;A652;2024-10-16;0.0;3614.0;21.575;25.1;19.2;100.0;61.0;9.3;2.083333333333333
2935001;A652;2024-10-17;0.0;3602.2;21.28333333333333;23.8;19.5;100.0;74.0;9.8;3.0708333333333333
2935002;A652;2024-10-18;0.4;3096.2;21.78333333333333;25.2;20.3;;;5.1;1.35
2935003;A652;2024-10-19;8.4;337.3;20.7125;22.1;19.8;;;7.8;1.1125
2935004;A652;2024-10-20;5.2;1263.5;20.4;22.3;19.3;;;6.1;1.3083333333333331
2935005;A652;2024-10-21;0.8;1431.7;21.2125;23.6;20.1;;;9.2;1.8666666666666665
2935006;A652;2024-10-22;0.0;3755.8;22.97083333333333;26.2;19.9;;;10.8;2.1791666666666667
2935007;A652;2024-10-23;0.0;3640.3;23.27916666666667;26.9;20.9;;;6.8;1.8708333333333331
2935008;A652;2024-10-24;2.0;3261.5;23.55;27.2;20.8;;;11.0;2.3541666666666665
2935009;A652;2024-10-25;0.0;2531.8;28.6625;34.3;23.2;100.0;36.0;18.7;2.1791666666666667
2935010;A652;2024-10-26;0.0;3223.9;26.65416666666667;30.0;23.2;100.0;52.0;13.8;1.9583333333333333
2935011;A652;2024-10-27;0.8;2169.9;22.129166666666663;26.7;20.1;;;12.7;1.9666666666666668
2935012;A652;2024-10-28;1.6;389.2;21.041666666666668;22.6;20.2;;;8.2;2.3666666666666667
2935013;A652;2024-10-29;0.0;3303.2;21.9375;28.4;20.5;;;9.5;2.8625000000000003
2935014;A652;2024-10-30;0.0;3488.8;22.20833333333333;25.6;20.2;;;8.2;2.3625000000000003
2935015;A652;2024-10-31;0.0;3900.2;22.8875;27.8;20.1;;;5.9;1.3541666666666667
2935016;A652;2024-11-01;0.0;3900.3;22.995833333333334;26.9;20.4;;;9.5;1.5416666666666667
2935017;A652;2024-11-02;0.0;3717.8;22.445833333333336;25.5;20.5;;;11.8;2.183333333333333
2935018;A652;2024-11-03;0.0;3705.3;21.666666666666668;25.6;19.2;;;8.6;2.3208333333333333
2935019;A652;2024-11-04;0.0;1369.7;20.925;24.4;19.0;;;7.2;2.004166666666667
2935020;A652;2024-11-05;0.0;3632.0;22.1375;26.3;18.4;;;10.0;2.091666666666667
2935021;A652;2024-11-06;0.0;3843.4;22.5625;26.3;19.4;;;11.5;2.325
2935022;A652;2024-11-07;0.0;3727.9;23.29583333333333;26.6;20.1;;;10.5;2.3000000000000003
2935023;A652;2024-11-08;6.6;1121.4;25.054166666666664;29.4;18.5;100.0;73.0;11.6;2.0541666666666667
2935024;A652;2024-11-09;1.6;1854.9;20.216666666666665;21.1;19.2;;;10.0;3.516666666666667
2935025;A652;2024-11-10;0.0;2951.7;20.65833333333333;22.9;19.1;;;7.8;2.4250000000000003
2935026;A652;2024-11-11;0.0;4007.4;21.92083333333333;24.7;19.8;;;7.3;1.8541666666666667
2935027;A652;2024-11-12;0.0;3808.4;24.683333333333334;34.5;19.8;100.0;38.0;15.8;2.583333333333333
2935028;A652;2024-11-13;23.2;896.4;20.070833333333333;22.2;18.4;;;13.3;3.470833333333333
2935029;A652;2024-11-14;0.0;2410.0;20.15;22.9;18.4;;;5.6;1.3458333333333334
2935030;A652;2024-11-15;7.4;2328.6;21.20833333333333;24.3;19.2;;;4.1;1.1083333333333334
2935031;A652;2024-11-16;2.8;810.5;21.7125;23.0;20.8;;;5.1;1.3541666666666667
2935032;A652;2024-11-17;0.0;2969.4;21.98333333333333;26.2;20.1;;;12.3;2.4125
2935033;A652;2024-11-18;0.0;3883.6;23.10833333333333;28.1;19.1;;;5.9;1.525
2935034;A652;2024-11-19;0.0;3874.3;22.441666666666663;24.6;21.1;;;12.5;2.8083333333333336
2935035;A652;2024-11-20;0.0;3692.4;24.079166666666666;29.5;21.8;;;5.7;1.5958333333333332
2935036;A652;2024-11-21;1.8;3537.3;23.1375;25.7;21.6;;;9.5;2.9875000000000003
2935037;A652;2024-11-22;0.8;1948.1;21.633333333333336;25.4;20.5;;;12.3;3.8083333333333336
2935038;A652;2024-11-23;1.8;1417.7;20.47083333333333;23.7;19.1;;;12.9;4.033333333333333
2935039;A652;2024-11-24;0.0;4017.4;21.870833333333334;27.6;18.7;;;7.8;2.1125000000000003
2935040;A652;2024-11-25;0.0;4033.5;21.7875;27.2;19.0;;;12.2;3.35
2935041;A652;2024-11-26;0.0;3905.4;22.525;26.6;19.6;;;9.4;1.9125
2935042;A652;2024-11-27;0.0;3823.5;24.84166666666667;31.3;20.2;100.0;45.0;7.5;1.7541666666666669
2935043;A652;2024-11-28;0.0;3807.0;27.52916666666667;33.8;20.8;100.0;34.0;7.5;1.9791666666666667
2935044;A652;2024-11-29;0.0;1501.0;24.0;27.7;21.0;;;13.1;2.1625
2935045;A652;2024-11-30;0.0;3330.9;23.35;25.4;21.3;;;5.3;1.6791666666666665
2935046;A652;2024-12-01;0.0;3503.2;24.2875;29.5;22.4;;;9.2;2.1625
2935047;A652;2024-12-02;0.0;3365.1;25.72083333333333;33.9;21.6;;;10.8;2.3000000000000003
2935048;A652;2024-12-03;0.6;1655.9;24.28333333333333;27.4;22.2;;;10.8;1.4208333333333334
2935049;A652;2024-12-04;12.6;710.6;21.575;23.6;20.2;;;8.4;2.0791666666666666
2935050;A652;2024-12-05;2.4;2181.1;21.633333333333336;25.1;20.0;;;4.9;0.8458333333333333
2935051;A652;2024-12-06;0.2;3845.8;24.83333333333333;29.5;21.4;;;6.8;1.6208333333333331
2935052;A652;2024-12-07;0.0;3945.5;28.40833333333333;32.4;24.2;94.0;45.0;5.5;1.5916666666666668
2935053;A652;2024-12-08;0.0;3783.9;25.40833333333333;29.5;23.0;100.0;46.0;8.6;2.0416666666666665
2935054;A652;2024-12-09;0.4;3077.8;25.383333333333336;30.0;23.8;;;7.0;1.5666666666666669
2935055;A652;2024-12-10;3.2;1831.9;25.39583333333333;32.4;22.7;100.0;61.0;17.9;2.2583333333333333
2935056;A652;2024-12-11;4.2;4025.0;23.425;26.3;20.0;;;17.5;2.5500000000000003
2935057;A652;2024-12-12;0.2;3898.5;23.72083333333333;28.4;21.4;;;11.4;3.7875
2935058;A652;2024-12-13;0.0;3456.4;23.34166666666667;27.9;21.3;;;15.9;4.4
2935059;A652;2024-12-14;17.2;3207.2;23.15;27.2;21.0;;;16.5;1.975
2935060;A652;2024-12-15;1.2;2123.4;26.89583333333333;32.9;21.5;100.0;43.0;11.5;2.029166666666667
2935061;A652;2024-12-16;10.6;3755.8;28.266666666666666;35.8;20.6;76.0;36.0;18.8;2.341666666666667
2935062;A652;2024-12-17;0.0;3912.1;23.0875;26.8;21.1;;;9.9;2.1375
2935063;A652;2024-12-18;0.0;2419.6;22.8625;25.6;21.4;;;5.3;1.6833333333333331
2935064;A652;2024-12-19;0.0;3939.3;23.92083333333333;29.4;21.5;;;8.2;2.279166666666667
2935065;A652;2024-12-20;23.2;2843.0;24.60833333333333;31.7;21.4;;;14.4;2.308333333333333
2935066;A652;2024-12-21;2.2;2416.0;23.820833333333336;27.9;21.0;;;6.3;1.5291666666666668
2935067;A652;2024-12-22;0.0;1926.9;24.15416666666667;26.6;21.7;;;3.9;1.1666666666666667
2935068;A652;2024-12-23;0.4;1279.3;23.27083333333333;25.4;21.7;;;8.6;1.65
2935069;A652;2024-12-24;0.6;3812.2;23.60833333333333;28.2;21.8;10.0;;7.4;1.975
2935070;A652;2024-12-25;0.2;3880.2;24.59166666666667;28.3;22.3;;;8.1;1.6958333333333335
2935071;A652;2024-12-26;1.8;1578.9;25.5125;30.2;22.8;10.0;;8.2;2.1125000000000003
2935072;A652;2024-12-27;6.0;1244.9;25.354166666666668;29.3;22.5;9.0;;8.4;1.7625
2935073;A652;2024-12-28;3.8;3523.3;23.820833333333336;26.4;21.9;20.0;;6.5;1.5166666666666666
2935074;A652;2024-12-29;0.0;3549.6;24.870833333333334;28.9;23.1;;;4.4;1.4208333333333334
2935075;A652;2024-12-30;0.0;3950.7;25.225;29.6;23.4;;;5.0;1.5541666666666665
2935076;A652;2024-12-31;0.0;3968.5;25.495833333333334;29.7;23.1;;;6.8;2.35
3058708;A652;2025-01-01;0.0;3891.3;24.8125;28.8;22.6;;;6.7;1.9583333333333333
3058709;A652;2025-01-02;0.0;3972.9;24.808333333333334;27.3;22.9;;;6.7;1.9583333333333333
3058710;A652;2025-01-03;0.2;3916.2;25.0875;28.8;22.1;;;8.2;1.8916666666666664
3058711;A652;2025-01-04;0.0;3843.8;26.866666666666664;31.0;22.9;;;4.6;1.3625
3058712;A652;2025-01-05;0.0;3976.6;25.229166666666668;27.1;23.6;;;8.3;2.129166666666667
3058713;A652;2025-01-06;0.0;3340.0;25.879166666666663;30.7;23.4;;;6.4;1.9791666666666667
3058714;A652;2025-01-07;1.8;2740.7;24.875;28.2;22.7;;;7.1;1.3916666666666666
3058715;A652;2025-01-08;0.8;3158.8;25.254166666666663;29.6;23.5;;;13.1;2.1416666666666666
3058716;A652;2025-01-09;13.6;1158.2;22.84166666666667;24.2;21.6;;;11.8;2.129166666666667
3058717;A652;2025-01-10;0.0;3900.1;23.616666666666664;26.0;21.8;;;6.7;2.0458333333333334
3058718;A652;2025-01-11;0.0;3175.5;24.445833333333336;27.6;22.1;;;4.5;1.2208333333333334
3058719;A652;2025-01-12;0.0;2659.3;24.1125;27.3;22.3;;;3.7;1.1875
3058720;A652;2025-01-13;0.0;1801.3;23.15833333333333;25.6;21.2;;;6.3;1.7458333333333331
3058721;A652;2025-01-14;0.0;1717.4;23.3375;25.9;22.4;;;6.0;1.4291666666666665
3058722;A652;2025-01-15;0.0;2493.4;23.995833333333334;27.0;22.7;;;10.8;1.8708333333333331
3058723;A652;2025-01-16;0.0;3823.1;23.125;26.4;21.7;;;13.1;3.1958333333333333
3058724;A652;2025-01-17;0.0;3900.3;24.15833333333333;27.9;20.5;;;7.9;1.9083333333333328
3058725;A652;2025-01-18;0.0;3937.9;24.766666666666666;29.3;20.4;;;5.9;1.5083333333333335
3058726;A652;2025-01-19;0.0;3795.5;25.933333333333334;31.0;21.1;;;8.5;1.6958333333333335
3058727;A652;2025-01-20;0.0;3364.7;27.041666666666668;31.4;23.3;;;6.1;1.6041666666666667
3058728;A652;2025-01-21;0.0;3845.0;29.52916666666667;31.7;26.5;;;6.1;1.3416666666666668
3058729;A652;2025-01-22;0.0;3823.7;29.21666666666667;32.7;25.4;;;5.9;1.4083333333333332
3058730;A652;2025-01-23;0.0;3815.3;26.79583333333333;30.9;24.6;;;5.5;1.8166666666666669
3058731;A652;2025-01-24;0.0;3443.6;26.77083333333333;31.7;23.9;;;10.1;2.2375000000000003
3058732;A652;2025-01-25;0.0;3731.9;25.941666666666663;29.3;23.3;;;8.7;2.0
3058733;A652;2025-01-26;0.0;3451.9;26.21666666666667;30.3;23.2;;;7.5;1.6958333333333335
3058734;A652;2025-01-27;0.8;1612.5;25.391666666666666;27.6;24.2;;;7.0;1.6083333333333334
3058735;A652;2025-01-28;0.0;3131.0;26.05;29.8;23.8;;;4.4;1.5708333333333335
3058736;A652;2025-01-29;3.2;3783.3;26.554166666666664;33.4;24.1;;;5.1;1.4958333333333331
3058737;A652;2025-01-30;0.2;1768.0;26.229166666666668;30.0;23.9;;;8.7;1.525
3058738;A652;2025-01-31;16.2;2153.3;25.575;29.4;22.3;;;11.5;2.1375
3058739;A652;2025-02-01;0.0;2402.3;26.325;30.7;23.0;;;6.0;1.5875
3058740;A652;2025-02-02;0.0;3744.9;26.808333333333334;33.1;23.0;;;8.3;1.5458333333333334
3058741;A652;2025-02-03;0.0;3804.2;26.604166666666668;31.0;24.3;;;7.2;1.9041666666666668
3058742;A652;2025-02-04;0.0;3785.2;26.33333333333333;30.9;24.3;;;10.4;2.216666666666667
3058743;A652;2025-02-05;0.0;3885.9;26.925;30.5;24.9;;;8.2;2.183333333333333
3058744;A652;2025-02-06;0.0;3749.9;27.541666666666668;32.9;25.0;;;5.9;1.7208333333333332
3058745;A652;2025-02-07;0.0;3803.2;27.29583333333333;33.1;24.7;;;3.9;1.2791666666666666
3058746;A652;2025-02-08;0.0;3767.0;26.8;31.5;23.8;;;5.7;1.8833333333333333
3058747;A652;2025-02-09;0.0;3767.6;27.1375;33.2;24.6;;;10.7;3.020833333333333
3058748;A652;2025-02-10;0.0;3875.6;26.304166666666664;32.6;24.0;;;7.8;2.4916666666666667
3058749;A652;2025-02-11;0.0;3854.3;25.54583333333333;28.6;23.1;;;8.1;2.1041666666666665
3058750;A652;2025-02-12;0.0;3666.5;26.475;34.7;22.5;;;10.4;1.9458333333333333
3058751;A652;2025-02-13;0.0;3737.3;27.445833333333336;30.9;23.5;;;5.2;1.45
3058752;A652;2025-02-14;0.0;3713.7;25.7;29.7;22.4;;;7.5;1.8916666666666664
3058753;A652;2025-02-15;0.0;3700.1;26.58333333333333;32.0;24.1;;;3.9;1.4666666666666668
3058754;A652;2025-02-16;0.0;3789.6;26.96666666666667;32.2;24.8;;;5.5;1.9666666666666668
3058755;A652;2025-02-17;0.0;3786.7;30.195833333333336;38.6;25.5;;;6.8;1.9291666666666665
3058756;A652;2025-02-18;0.0;3678.4;28.39583333333333;36.3;23.9;;;7.2;1.6625
3058757;A652;2025-02-19;0.0;3678.9;26.616666666666664;32.9;23.5;;;9.6;2.5416666666666665
3058758;A652;2025-02-20;0.0;3733.9;27.6125;31.9;25.4;;;5.6;1.6166666666666665
3058759;A652;2025-02-21;0.0;3594.1;27.96666666666667;32.8;25.5;;;8.0;1.7208333333333332
3058760;A652;2025-02-22;0.0;3666.7;28.266666666666666;33.8;25.9;;;5.8;1.9708333333333328
3058761;A652;2025-02-23;0.0;3629.7;27.84583333333333;33.8;25.8;;;11.5;2.595833333333333
3058762;A652;2025-02-24;0.0;3701.0;26.445833333333336;31.7;23.9;;;14.0;2.708333333333333
3058763;A652;2025-02-25;0.0;3677.8;25.308333333333334;29.8;22.5;;;12.4;2.245833333333333
3058764;A652;2025-02-26;0.0;3732.1;24.45;28.2;21.3;;;7.3;1.9
3058765;A652;2025-02-27;0.0;3637.7;24.4;30.1;21.1;;;15.1;1.7541666666666669
3058766;A652;2025-02-28;0.0;3658.5;23.70833333333333;28.9;20.2;;;8.8;2.1416666666666666
3058767;A652;2025-03-01;0.0;3629.2;23.84583333333333;29.3;20.6;;;10.4;2.4375
3058768;A652;2025-03-02;0.0;3647.9;24.71666666666667;29.9;20.5;;;10.6;2.4291666666666667
3058769;A652;2025-03-03;0.0;3633.1;23.35833333333333;27.3;20.0;;;11.5;2.2333333333333334
3058770;A652;2025-03-04;0.0;3372.7;23.8375;27.0;20.8;;;11.2;2.404166666666667
3058771;A652;2025-03-05;0.0;3551.7;23.929166666666664;28.0;20.0;;;10.8;1.9583333333333333
3058772;A652;2025-03-06;0.0;3586.5;24.47083333333333;29.4;21.0;;;9.9;1.4083333333333332
3058773;A652;2025-03-07;0.0;3182.4;23.875;25.9;20.5;;;5.0;1.7333333333333334
3058774;A652;2025-03-08;0.0;3551.5;24.35;28.9;20.8;;;4.5;1.5333333333333332
3058775;A652;2025-03-09;0.0;3539.3;25.016666666666666;27.8;22.1;;;5.7;1.5375
3058776;A652;2025-03-10;0.0;3511.7;23.47083333333333;24.9;22.1;;;8.7;2.575
3058777;A652;2025-03-11;0.0;3401.6;24.8875;29.4;22.1;;;5.5;1.2208333333333334
3058778;A652;2025-03-12;1.2;3451.7;25.15;29.4;22.7;;;12.4;1.4125
3058779;A652;2025-03-13;0.4;3330.0;25.004166666666663;28.4;23.3;;;8.0;1.5375
3058780;A652;2025-03-14;1.8;3331.4;25.054166666666664;28.6;23.3;;;8.0;1.7791666666666668
3058781;A652;2025-03-15;0.0;3087.8;25.075;27.2;23.8;;;7.7;2.029166666666667
3058782;A652;2025-03-16;0.0;2546.6;25.991666666666664;30.2;24.2;;;3.3;1.1291666666666669
3058783;A652;2025-03-17;3.0;1349.9;24.4625;25.7;23.1;;;4.6;1.2083333333333333
3058784;A652;2025-03-18;0.0;3509.9;25.20833333333333;30.4;22.8;;;5.0;1.3875
3058785;A652;2025-03-19;2.2;2763.5;24.375;27.4;22.7;;;9.8;1.9208333333333332
3058786;A652;2025-03-20;26.0;1637.9;22.804166666666664;24.5;21.3;;;7.5;1.6458333333333333
3058787;A652;2025-03-21;0.0;3175.1;24.329166666666666;27.4;22.2;;;5.0;1.3
3058788;A652;2025-03-22;0.0;3467.0;25.3125;30.3;22.6;;;8.0;2.191666666666667
3058789;A652;2025-03-23;0.0;3403.1;25.525;30.5;23.6;;;9.3;2.670833333333333
3058790;A652;2025-03-24;0.2;1439.6;24.683333333333334;26.9;23.7;;;5.5;1.2416666666666667
3058791;A652;2025-03-25;0.0;3226.2;25.304166666666664;28.3;22.9;;;6.5;1.4375
3058792;A652;2025-03-26;0.0;3214.1;25.541666666666668;28.7;23.6;;;5.8;1.6291666666666669
3058793;A652;2025-03-27;0.0;3356.9;25.77083333333333;28.9;23.7;;;5.6;1.7708333333333333
3058794;A652;2025-03-28;0.0;3350.9;26.058333333333334;30.6;24.1;;;6.3;2.5375
3058795;A652;2025-03-29;0.0;3329.0;25.754166666666663;30.3;23.5;;;6.1;1.9
3058796;A652;2025-03-30;0.0;3216.3;25.425;29.7;23.5;;;5.8;1.5375
3058797;A652;2025-03-31;0.0;1858.7;25.229166666666668;27.9;23.8;;;5.8;1.3458333333333332
3058798;A652;2025-04-01;0.0;3140.9;26.016666666666666;30.1;24.2;;;7.3;1.3083333333333331
3058799;A652;2025-04-02;0.0;3241.1;25.58333333333333;28.0;23.7;;;6.4;1.925
3058800;A652;2025-04-03;0.0;2981.6;27.133333333333336;33.3;24.9;;;5.6;1.6166666666666665
3058801;A652;2025-04-04;2.8;2872.8;26.191666666666663;29.2;22.7;;;13.5;1.9541666666666664
3058802;A652;2025-04-05;22.8;523.7;22.90833333333333;24.1;20.8;;;15.5;6.658333333333334
3058803;A652;2025-04-06;3.0;1660.4;21.504166666666663;23.5;19.9;;;11.1;1.9416666666666669
3058804;A652;2025-04-07;4.2;3206.3;22.7;26.6;19.8;;;9.6;1.8166666666666669
3058805;A652;2025-04-08;0.0;3237.4;23.441666666666663;27.1;21.0;;;10.2;2.85
3058806;A652;2025-04-09;0.0;3128.9;24.47083333333333;29.5;21.9;;;7.7;1.6208333333333331
3058807;A652;2025-04-10;7.8;2451.0;23.8125;27.4;20.7;;;17.9;2.1125000000000003
3058808;A652;2025-04-11;0.2;3234.9;23.229166666666668;26.5;21.0;;;7.1;1.3291666666666666
3058809;A652;2025-04-12;0.0;3146.1;23.96666666666667;27.3;22.2;;;8.6;2.2333333333333334
3058810;A652;2025-04-13;0.0;2897.9;23.575;27.0;21.9;;;9.3;2.1125000000000003
3058811;A652;2025-04-14;1.2;2769.8;23.058333333333334;24.8;21.4;;;13.5;2.6333333333333333
3058812;A652;2025-04-15;0.2;3215.0;23.075;26.4;21.9;;;7.7;1.7333333333333334
3058813;A652;2025-04-16;0.0;1444.1;23.0375;24.6;21.6;;;12.3;1.3375
3058814;A652;2025-04-17;0.0;2995.9;23.566666666666663;26.6;21.6;;;4.0;1.0666666666666669
3058815;A652;2025-04-18;0.0;2784.6;23.8375;27.4;22.3;;;4.5;1.1375
3058816;A652;2025-04-19;0.0;2948.5;24.7375;28.5;22.7;;;5.3;1.6875
3058817;A652;2025-04-20;2.6;2730.0;23.48333333333333;26.2;21.7;;;12.4;2.254166666666667
3058818;A652;2025-04-21;7.0;1688.0;21.60833333333333;23.4;19.8;;;9.9;1.8833333333333333
3058819;A652;2025-04-22;0.0;2086.0;21.991666666666664;25.0;19.8;;;7.3;1.1541666666666666
3058820;A652;2025-04-23;0.0;2900.1;22.90833333333333;26.4;20.8;;;11.6;2.9166666666666665
3058821;A652;2025-04-24;0.0;2808.4;23.52083333333333;26.8;21.6;;;10.6;1.75
3058822;A652;2025-04-25;4.0;606.7;22.495833333333334;23.8;20.8;;;14.5;3.266666666666667
3058823;A652;2025-04-26;0.0;2389.2;22.804166666666664;26.5;20.9;;;10.6;2.8000000000000003
3058824;A652;2025-04-27;0.0;2592.8;23.570833333333336;27.7;21.8;;;9.1;2.175
3058825;A652;2025-04-28;0.0;2826.3;24.09583333333333;28.0;22.2;;;8.5;1.4041666666666668
3058826;A652;2025-04-29;12.4;669.1;21.745833333333334;23.6;20.0;;;10.7;1.9041666666666668
3058827;A652;2025-04-30;0.0;2982.0;22.316666666666663;24.5;20.9;;;7.1;1.6083333333333334
3058828;A652;2025-05-01;0.0;2720.0;21.7875;24.4;20.2;;;5.5;1.5375
3058829;A652;2025-05-02;0.0;2844.8;22.27916666666667;26.4;19.9;;;8.4;2.533333333333333
3058830;A652;2025-05-03;0.0;2835.9;22.508333333333336;26.7;20.3;;;10.2;2.8791666666666664
3058831;A652;2025-05-04;0.0;2844.7;22.14583333333333;25.2;20.2;;;8.6;1.8125
3058832;A652;2025-05-05;0.0;2823.3;22.5375;25.1;20.8;;;6.7;1.575
3058833;A652;2025-05-06;0.0;2772.5;23.179166666666664;28.0;20.6;;;8.7;2.591666666666667
3058834;A652;2025-05-07;0.0;2740.1;23.65;28.2;22.1;;;6.7;2.0708333333333333
3058835;A652;2025-05-08;0.0;2709.2;23.566666666666663;26.5;21.6;;;6.1;1.5791666666666666
3058836;A652;2025-05-09;0.0;2609.4;26.70833333333333;32.8;22.9;;;7.9;1.9625
3058837;A652;2025-05-10;0.0;2502.5;26.954166666666666;33.2;23.0;;;13.3;2.3291666666666666
3058838;A652;2025-05-11;3.2;505.8;20.5875;23.9;18.2;;;10.9;2.091666666666667
3058839;A652;2025-05-12;0.6;2693.1;20.8125;25.4;18.4;;;6.3;1.775
3058840;A652;2025-05-13;0.0;2607.1;21.8625;26.3;20.2;;;11.3;2.9791666666666665
3058841;A652;2025-05-14;0.0;2620.0;21.65833333333333;26.1;19.6;;;8.8;2.4208333333333334
3058842;A652;2025-05-15;0.0;2715.8;21.83333333333333;26.6;19.7;;;8.7;2.520833333333333
3058843;A652;2025-05-16;0.0;2675.5;22.1375;27.2;20.2;;;10.5;2.45
3058844;A652;2025-05-17;0.0;2679.1;22.1125;26.0;20.0;;;5.6;1.3666666666666665
3058845;A652;2025-05-18;0.0;2572.8;22.541666666666668;26.3;20.2;;;4.9;1.275
3058846;A652;2025-05-19;0.0;2628.4;23.1875;27.6;21.0;;;6.5;1.6625
3058847;A652;2025-05-20;0.0;2630.2;22.941666666666663;27.8;20.0;;;5.6;1.3125
3058848;A652;2025-05-21;0.0;2497.4;22.266666666666666;25.3;20.0;;;8.9;1.55
3058849;A652;2025-05-22;0.0;2367.1;22.42083333333333;25.8;19.9;;;3.6;1.1
3058850;A652;2025-05-23;3.4;1549.6;21.7625;24.9;20.6;;;11.4;2.325
3058851;A652;2025-05-24;11.4;1399.9;21.27083333333333;23.9;19.0;;;12.3;2.904166666666667
3058852;A652;2025-05-25;0.0;2475.4;21.829166666666666;25.9;19.4;;;9.1;1.8833333333333333
3058853;A652;2025-05-26;0.0;2529.0;22.141666666666666;26.6;19.8;;;6.5;1.7208333333333332
3058854;A652;2025-05-27;0.0;2569.1;22.620833333333334;25.5;20.7;;;7.2;1.3833333333333335
3058855;A652;2025-05-28;0.0;2350.0;24.8;28.8;22.4;;;6.3;1.6416666666666666
3058856;A652;2025-05-29;0.0;1257.2;22.65;25.8;19.9;;;11.3;2.158333333333333
3058857;A652;2025-05-30;0.0;714.5;19.995833333333334;21.1;18.5;;;9.0;2.220833333333333
3058858;A652;2025-05-31;0.0;2467.1;20.554166666666667;23.4;18.9;;;2.8;0.9041666666666668
3058859;A652;2025-06-01;0.0;2239.3;21.075;22.9;19.4;;;8.0;1.8
3058860;A652;2025-06-02;0.0;1490.6;21.85;25.5;20.8;;;7.3;1.5208333333333333
3058861;A652;2025-06-03;0.0;2444.6;21.695833333333336;25.6;20.0;;;6.1;1.6166666666666665
3058862;A652;2025-06-04;0.0;2359.6;21.98333333333333;25.3;20.2;;;5.7;1.3666666666666665
3058863;A652;2025-06-05;0.0;2372.7;23.325;28.9;20.8;;;13.6;1.575
3058864;A652;2025-06-06;0.2;2462.4;22.179166666666664;25.3;21.1;;;11.1;2.3625000000000003
3058865;A652;2025-06-07;0.0;922.6;21.558333333333334;23.5;20.7;;;6.5;1.6791666666666665
3058866;A652;2025-06-08;0.0;1782.1;21.741666666666664;24.8;20.0;;;9.8;1.4875
3058867;A652;2025-06-09;2.0;749.7;20.6625;22.7;19.0;;;12.3;2.1166666666666667
3058868;A652;2025-06-10;1.0;998.9;19.675;22.0;18.6;;;10.5;2.020833333333333
3058869;A652;2025-06-11;0.4;1615.4;19.34583333333333;21.8;18.0;;;14.3;2.7583333333333333
3058870;A652;2025-06-12;12.0;1246.7;17.520833333333332;21.5;15.3;;;13.5;1.8708333333333331
3058871;A652;2025-06-13;0.0;2518.1;19.025;22.0;16.7;81.0;55.0;12.5;3.220833333333333
3058872;A652;2025-06-14;0.0;2297.0;20.166666666666668;23.8;17.8;71.0;39.0;11.1;2.1958333333333333
3058873;A652;2025-06-15;0.0;2143.7;20.966666666666665;24.5;18.4;78.0;43.0;6.1;1.6166666666666665
3058874;A652;2025-06-16;0.0;2422.0;22.2125;25.0;20.1;84.0;43.0;6.9;0.9583333333333334
3058875;A652;2025-06-17;0.0;2504.9;21.804166666666664;24.7;18.9;86.0;53.0;4.0;1.0958333333333334
3058876;A652;2025-06-18;0.0;2504.6;22.820833333333336;25.5;20.6;79.0;57.0;6.3;1.5333333333333332
3058877;A652;2025-06-19;0.0;2442.6;23.2125;25.3;20.9;81.0;54.0;8.0;1.1666666666666667
3058878;A652;2025-06-20;0.0;2427.0;23.508333333333336;27.3;20.4;82.0;46.0;5.0;1.3625
3058879;A652;2025-06-21;0.0;2400.2;24.75;31.3;21.8;81.0;28.0;14.1;2.4791666666666665
3058880;A652;2025-06-22;0.0;1888.8;21.820833333333336;24.7;20.7;90.0;49.0;8.4;1.4916666666666665
3058881;A652;2025-06-23;0.0;2299.9;25.9375;32.0;21.0;96.0;31.0;11.7;2.370833333333333
3058882;A652;2025-06-24;0.6;680.1;21.2375;26.2;16.8;90.0;52.0;18.4;4.345833333333333
3058883;A652;2025-06-25;0.2;2526.8;19.0875;21.6;16.8;85.0;45.0;10.4;2.316666666666667
3058884;A652;2025-06-26;0.0;2481.3;20.75;24.4;17.6;74.0;50.0;5.8;1.4791666666666667
3058885;A652;2025-06-27;0.0;2301.8;24.2875;27.6;22.2;85.0;38.0;8.0;1.8791666666666669
3058886;A652;2025-06-28;0.0;2266.8;22.45833333333333;25.8;21.1;91.0;73.0;8.8;1.5916666666666668
3058887;A652;2025-06-29;0.0;2492.7;24.675;31.6;20.8;89.0;30.0;7.3;1.7
3058888;A652;2025-06-30;0.0;2422.1;23.7875;27.7;21.8;89.0;43.0;13.8;2.770833333333333
3058889;A652;2025-07-01;0.0;1509.5;21.42083333333333;23.2;20.1;96.0;67.0;11.1;3.029166666666667
3058890;A652;2025-07-02;12.0;841.1;18.85833333333333;21.1;17.6;96.0;60.0;11.5;3.15
3058891;A652;2025-07-03;2.8;1406.1;18.054166666666667;20.2;16.7;96.0;68.0;9.5;1.9916666666666665
3058892;A652;2025-07-04;3.0;2431.2;18.53333333333333;20.7;16.7;96.0;60.0;17.1;3.095833333333333
3058893;A652;2025-07-05;0.0;2489.9;19.02083333333333;22.3;16.9;90.0;63.0;4.8;1.8208333333333333
3058894;A652;2025-07-06;0.0;2467.7;19.954166666666666;22.7;17.8;83.0;57.0;8.5;1.3958333333333333
3058895;A652;2025-07-07;3.0;697.9;18.95;20.9;17.3;93.0;69.0;8.2;1.4958333333333331
3058896;A652;2025-07-08;0.2;2499.9;19.841666666666665;22.0;17.7;85.0;65.0;6.1;1.2125
3058897;A652;2025-07-09;0.8;2447.1;20.416666666666668;22.1;19.3;88.0;63.0;9.5;2.583333333333333
3058898;A652;2025-07-10;0.0;2437.4;20.4375;22.4;18.7;82.0;63.0;5.7;1.6208333333333331
3058899;A652;2025-07-11;0.0;2453.2;21.316666666666663;23.8;19.4;82.0;61.0;9.0;2.2833333333333337
3058900;A652;2025-07-12;0.0;2275.8;21.675;25.1;20.3;87.0;62.0;9.0;2.2958333333333334
3058901;A652;2025-07-13;0.0;2367.7;21.104166666666668;24.3;18.9;88.0;51.0;10.0;2.6041666666666665
3058902;A652;2025-07-14;0.0;2569.1;20.77083333333333;23.9;18.6;84.0;56.0;6.9;1.85
3058903;A652;2025-07-15;0.0;1825.7;20.391666666666666;22.6;19.0;83.0;70.0;7.1;1.3791666666666669
3058904;A652;2025-07-16;0.0;2632.3;19.95;23.7;17.6;85.0;61.0;5.0;1.5833333333333333
3058905;A652;2025-07-17;0.0;2514.0;20.933333333333334;24.1;18.2;91.0;51.0;6.0;1.8375
3058906;A652;2025-07-18;0.0;2496.9;23.725;31.1;20.6;82.0;27.0;14.5;2.525
3058907;A652;2025-07-19;0.0;2632.1;20.579166666666666;22.9;18.7;92.0;52.0;12.5;3.4125
3058908;A652;2025-07-20;0.0;1390.3;20.329166666666666;23.3;18.0;79.0;59.0;7.3;1.4375
3058909;A652;2025-07-21;0.0;2547.9;20.829166666666666;24.6;18.9;85.0;60.0;6.5;1.9
3058910;A652;2025-07-22;0.0;2340.2;21.416666666666668;23.9;19.3;84.0;66.0;5.2;1.1791666666666667
3058911;A652;2025-07-23;0.0;2320.8;21.629166666666663;23.2;20.1;94.0;71.0;10.7;3.0708333333333333
3058912;A652;2025-07-24;1.6;343.9;20.183333333333334;21.4;18.9;96.0;74.0;8.2;1.7416666666666665
3058913;A652;2025-07-25;9.4;2120.0;20.741666666666667;23.5;19.5;96.0;72.0;15.3;4.0
3058914;A652;2025-07-26;2.2;2632.4;20.55;23.3;18.5;96.0;65.0;14.5;1.9
3058915;A652;2025-07-27;0.0;2704.8;22.120833333333334;27.7;19.2;91.0;47.0;5.8;1.5791666666666666
3058916;A652;2025-07-28;0.0;1615.4;25.9;30.5;23.4;74.0;30.0;17.0;2.2583333333333333
3058917;A652;2025-07-29;0.0;575.6;21.65416666666667;30.1;19.3;77.0;31.0;16.5;5.008333333333334
3058918;A652;2025-07-30;0.0;2833.1;19.254166666666663;21.0;18.1;68.0;51.0;13.1;4.2250000000000005
3058919;A652;2025-07-31;0.0;1470.4;19.070833333333333;21.7;17.5;78.0;58.0;9.1;1.6
3058920;A652;2025-08-01;0.0;2790.0;20.133333333333333;22.9;17.7;77.0;55.0;13.0;2.7416666666666667
3058921;A652;2025-08-02;0.0;2845.3;20.579166666666666;23.3;17.6;85.0;57.0;8.1;2.0875
3058922;A652;2025-08-03;0.0;2829.1;21.8875;26.5;19.3;81.0;36.0;6.6;1.8125
3058923;A652;2025-08-04;0.0;2424.3;22.4625;26.3;20.1;91.0;42.0;8.8;1.7375
3058924;A652;2025-08-05;0.0;1314.8;21.025;22.9;19.8;86.0;69.0;8.0;1.9208333333333332
3058925;A652;2025-08-06;0.0;2787.1;21.42083333333333;23.8;20.1;89.0;69.0;7.4;1.8458333333333328
3058926;A652;2025-08-07;0.0;2620.3;21.09583333333333;24.0;19.3;90.0;71.0;5.5;1.7375
3058927;A652;2025-08-08;4.0;2705.0;22.004166666666663;25.9;19.5;92.0;61.0;22.4;1.9208333333333332
3058928;A652;2025-08-09;1.6;719.9;20.079166666666666;21.9;17.9;92.0;69.0;14.0;3.3625000000000003
3058929;A652;2025-08-10;0.8;2849.2;19.216666666666665;21.4;17.0;96.0;56.0;17.2;5.2875000000000005
3058930;A652;2025-08-11;2.2;2513.9;19.754166666666663;22.0;16.9;89.0;58.0;12.0;4.229166666666667
3058931;A652;2025-08-12;1.4;2817.3;19.316666666666663;21.8;16.6;90.0;63.0;8.4;2.120833333333333
3058932;A652;2025-08-13;0.0;2962.4;20.175;22.8;18.0;86.0;62.0;8.4;2.2583333333333333
3058933;A652;2025-08-14;0.0;2288.1;20.67391304347826;22.9;18.8;85.0;65.0;10.5;2.391304347826087
3058934;A652;2025-08-15;0.0;1528.0;20.741666666666667;23.0;19.8;84.0;67.0;8.0;2.591666666666667
3058935;A652;2025-08-16;2.2;2474.9;20.575;23.5;18.8;89.0;65.0;11.6;4.125
3058936;A652;2025-08-17;0.0;2874.5;20.820833333333333;24.3;18.5;84.0;64.0;9.6;2.595833333333333
3058937;A652;2025-08-18;0.0;2952.9;21.23333333333333;24.6;19.3;87.0;67.0;12.0;3.2625
3058938;A652;2025-08-19;0.0;2976.4;20.929166666666667;23.4;18.9;80.0;66.0;14.5;3.925
3058939;A652;2025-08-20;0.0;3009.3;22.054166666666664;25.1;19.7;82.0;59.0;7.5;2.283333333333333
3058940;A652;2025-08-21;0.0;2773.1;23.991304347826084;27.5;21.9;88.0;53.0;6.7;1.382608695652174
3058941;A652;2025-08-22;0.0;2965.5;23.275;25.6;20.7;96.0;64.0;6.9;1.9041666666666668
3058942;A652;2025-08-23;0.0;2999.9;25.508333333333336;30.6;22.1;74.0;35.0;8.4;2.1125000000000003
3058943;A652;2025-08-24;0.0;3017.1;23.9125;28.9;21.6;91.0;41.0;17.9;3.625
3058944;A652;2025-08-25;0.0;2964.4;22.579166666666666;26.2;21.0;96.0;70.0;7.9;1.825
3058945;A652;2025-08-26;0.0;2873.0;21.96666666666667;23.7;20.9;96.0;79.0;8.4;2.5416666666666665
3058946;A652;2025-08-27;0.0;3047.0;22.329166666666666;26.0;20.4;96.0;62.0;7.3;1.9625
3058947;A652;2025-08-28;0.0;2958.7;22.625;26.8;21.0;91.0;65.0;6.5;1.7125
3058948;A652;2025-08-29;0.0;2787.1;22.960869565217397;26.5;21.6;93.0;66.0;10.2;2.747826086956522
3058949;A652;2025-08-30;1.8;2426.5;21.945833333333336;26.7;19.8;96.0;64.0;9.1;2.5
3058950;A652;2025-08-31;0.0;2540.6;22.23913043478261;25.6;20.2;88.0;66.0;12.6;4.213043478260869
